pipeline,dataset,partition,protocol,identity,relative_path,label,score,threshold,decision,correct
P1,Faces94,evaluation,several_enrollment_photographs,female/9336923,female/9336923/9336923.11.jpg,1,105,74,1,1
P1,Faces94,evaluation,several_enrollment_photographs,female/9336923,female/9336923/9336923.12.jpg,1,96,74,1,1
P1,Faces94,evaluation,several_enrollment_photographs,female/9336923,female/9336923/9336923.13.jpg,1,104,74,1,1
P1,Faces94,evaluation,several_enrollment_photographs,female/9336923,female/9336923/9336923.14.jpg,1,97,74,1,1
P1,Faces94,evaluation,several_enrollment_photographs,female/9336923,female/9336923/9336923.15.jpg,1,106,74,1,1
P1,Faces94,evaluation,several_enrollment_photographs,female/9336923,female/9336923/9336923.16.jpg,1,111,74,1,1
P1,Faces94,evaluation,several_enrollment_photographs,female/9336923,female/9336923/9336923.17.jpg,1,107,74,1,1
P1,Faces94,evaluation,several_enrollment_photographs,female/9336923,female/9336923/9336923.18.jpg,1,73,74,0,0
P1,Faces94,evaluation,several_enrollment_photographs,female/9336923,female/9336923/9336923.19.jpg,1,94,74,1,1
P1,Faces94,evaluation,several_enrollment_photographs,female/9336923,female/9336923/9336923.20.jpg,1,100,74,1,1
P1,Faces94,evaluation,several_enrollment_photographs,female/astefa,female/astefa/astefa.11.jpg,1,113,74,1,1
P1,Faces94,evaluation,several_enrollment_photographs,female/astefa,female/astefa/astefa.12.jpg,1,115,74,1,1
P1,Faces94,evaluation,several_enrollment_photographs,female/astefa,female/astefa/astefa.13.jpg,1,113,74,1,1
P1,Faces94,evaluation,several_enrollment_photographs,female/astefa,female/astefa/astefa.14.jpg,1,101,74,1,1
P1,Faces94,evaluation,several_enrollment_photographs,female/astefa,female/astefa/astefa.15.jpg,1,108,74,1,1
P1,Faces94,evaluation,several_enrollment_photographs,female/astefa,female/astefa/astefa.16.jpg,1,108,74,1,1
P1,Faces94,evaluation,several_enrollment_photographs,female/astefa,female/astefa/astefa.17.jpg,1,107,74,1,1
P1,Faces94,evaluation,several_enrollment_photographs,female/astefa,female/astefa/astefa.18.jpg,1,102,74,1,1
P1,Faces94,evaluation,several_enrollment_photographs,female/astefa,female/astefa/astefa.19.jpg,1,86,74,1,1
P1,Faces94,evaluation,several_enrollment_photographs,female/astefa,female/astefa/astefa.20.jpg,1,98,74,1,1
P1,Faces94,evaluation,several_enrollment_photographs,female/elduns,female/elduns/elduns.11.jpg,1,118,74,1,1
P1,Faces94,evaluation,several_enrollment_photographs,female/elduns,female/elduns/elduns.12.jpg,1,130,74,1,1
P1,Faces94,evaluation,several_enrollment_photographs,female/elduns,female/elduns/elduns.13.jpg,1,120,74,1,1
P1,Faces94,evaluation,several_enrollment_photographs,female/elduns,female/elduns/elduns.14.jpg,1,128,74,1,1
P1,Faces94,evaluation,several_enrollment_photographs,female/elduns,female/elduns/elduns.15.jpg,1,115,74,1,1
P1,Faces94,evaluation,several_enrollment_photographs,female/elduns,female/elduns/elduns.16.jpg,1,110,74,1,1
P1,Faces94,evaluation,several_enrollment_photographs,female/elduns,female/elduns/elduns.17.jpg,1,123,74,1,1
P1,Faces94,evaluation,several_enrollment_photographs,female/elduns,female/elduns/elduns.18.jpg,1,114,74,1,1
P1,Faces94,evaluation,several_enrollment_photographs,female/elduns,female/elduns/elduns.19.jpg,1,65,74,0,0
P1,Faces94,evaluation,several_enrollment_photographs,female/elduns,female/elduns/elduns.20.jpg,1,125,74,1,1
P1,Faces94,evaluation,several_enrollment_photographs,female/ksunth,female/ksunth/ksunth.1.jpg,0,101,74,1,0
P1,Faces94,evaluation,several_enrollment_photographs,female/ksunth,female/ksunth/ksunth.9.jpg,0,94,74,1,0
P1,Faces94,evaluation,several_enrollment_photographs,female/ksunth,female/ksunth/ksunth.10.jpg,0,97,74,1,0
P1,Faces94,evaluation,several_enrollment_photographs,female/ksunth,female/ksunth/ksunth.11.jpg,0,98,74,1,0
P1,Faces94,evaluation,several_enrollment_photographs,female/ksunth,female/ksunth/ksunth.15.jpg,0,104,74,1,0
P1,Faces94,evaluation,several_enrollment_photographs,female/ksunth,female/ksunth/ksunth.16.jpg,0,98,74,1,0
P1,Faces94,evaluation,several_enrollment_photographs,female/ksunth,female/ksunth/ksunth.17.jpg,0,102,74,1,0
P1,Faces94,evaluation,several_enrollment_photographs,female/ksunth,female/ksunth/ksunth.19.jpg,0,89,74,1,0
P1,Faces94,evaluation,several_enrollment_photographs,female/ksunth,female/ksunth/ksunth.20.jpg,0,105,74,1,0
P1,Faces94,evaluation,several_enrollment_photographs,female/lfso,female/lfso/lfso.11.jpg,1,93,74,1,1
P1,Faces94,evaluation,several_enrollment_photographs,female/lfso,female/lfso/lfso.12.jpg,1,98,74,1,1
P1,Faces94,evaluation,several_enrollment_photographs,female/lfso,female/lfso/lfso.13.jpg,1,94,74,1,1
P1,Faces94,evaluation,several_enrollment_photographs,female/lfso,female/lfso/lfso.14.jpg,1,107,74,1,1
P1,Faces94,evaluation,several_enrollment_photographs,female/lfso,female/lfso/lfso.15.jpg,1,106,74,1,1
P1,Faces94,evaluation,several_enrollment_photographs,female/lfso,female/lfso/lfso.16.jpg,1,96,74,1,1
P1,Faces94,evaluation,several_enrollment_photographs,female/lfso,female/lfso/lfso.17.jpg,1,94,74,1,1
P1,Faces94,evaluation,several_enrollment_photographs,female/lfso,female/lfso/lfso.18.jpg,1,97,74,1,1
P1,Faces94,evaluation,several_enrollment_photographs,female/lfso,female/lfso/lfso.19.jpg,1,108,74,1,1
P1,Faces94,evaluation,several_enrollment_photographs,female/lfso,female/lfso/lfso.20.jpg,1,97,74,1,1
P1,Faces94,evaluation,several_enrollment_photographs,female/sbains,female/sbains/sbains.11.jpg,1,113,74,1,1
P1,Faces94,evaluation,several_enrollment_photographs,female/sbains,female/sbains/sbains.12.jpg,1,91,74,1,1
P1,Faces94,evaluation,several_enrollment_photographs,female/sbains,female/sbains/sbains.13.jpg,1,88,74,1,1
P1,Faces94,evaluation,several_enrollment_photographs,female/sbains,female/sbains/sbains.14.jpg,1,95,74,1,1
P1,Faces94,evaluation,several_enrollment_photographs,female/sbains,female/sbains/sbains.15.jpg,1,97,74,1,1
P1,Faces94,evaluation,several_enrollment_photographs,female/sbains,female/sbains/sbains.16.jpg,1,99,74,1,1
P1,Faces94,evaluation,several_enrollment_photographs,female/sbains,female/sbains/sbains.17.jpg,1,99,74,1,1
P1,Faces94,evaluation,several_enrollment_photographs,female/sbains,female/sbains/sbains.18.jpg,1,93,74,1,1
P1,Faces94,evaluation,several_enrollment_photographs,female/sbains,female/sbains/sbains.19.jpg,1,82,74,1,1
P1,Faces94,evaluation,several_enrollment_photographs,female/sbains,female/sbains/sbains.20.jpg,1,85,74,1,1
P1,Faces94,evaluation,several_enrollment_photographs,male/9326871,male/9326871/9326871.11.jpg,1,90,74,1,1
P1,Faces94,evaluation,several_enrollment_photographs,male/9326871,male/9326871/9326871.12.jpg,1,86,74,1,1
P1,Faces94,evaluation,several_enrollment_photographs,male/9326871,male/9326871/9326871.13.jpg,1,86,74,1,1
P1,Faces94,evaluation,several_enrollment_photographs,male/9326871,male/9326871/9326871.14.jpg,1,94,74,1,1
P1,Faces94,evaluation,several_enrollment_photographs,male/9326871,male/9326871/9326871.15.jpg,1,86,74,1,1
P1,Faces94,evaluation,several_enrollment_photographs,male/9326871,male/9326871/9326871.16.jpg,1,91,74,1,1
P1,Faces94,evaluation,several_enrollment_photographs,male/9326871,male/9326871/9326871.17.jpg,1,90,74,1,1
P1,Faces94,evaluation,several_enrollment_photographs,male/9326871,male/9326871/9326871.18.jpg,1,79,74,1,1
P1,Faces94,evaluation,several_enrollment_photographs,male/9326871,male/9326871/9326871.19.jpg,1,96,74,1,1
P1,Faces94,evaluation,several_enrollment_photographs,male/9326871,male/9326871/9326871.20.jpg,1,96,74,1,1
P1,Faces94,evaluation,several_enrollment_photographs,male/9332898,male/9332898/9332898.1.jpg,0,71,74,0,1
P1,Faces94,evaluation,several_enrollment_photographs,male/9332898,male/9332898/9332898.2.jpg,0,67,74,0,1
P1,Faces94,evaluation,several_enrollment_photographs,male/9332898,male/9332898/9332898.3.jpg,0,71,74,0,1
P1,Faces94,evaluation,several_enrollment_photographs,male/9332898,male/9332898/9332898.4.jpg,0,72,74,0,1
P1,Faces94,evaluation,several_enrollment_photographs,male/9332898,male/9332898/9332898.5.jpg,0,74,74,1,0
P1,Faces94,evaluation,several_enrollment_photographs,male/9332898,male/9332898/9332898.6.jpg,0,74,74,1,0
P1,Faces94,evaluation,several_enrollment_photographs,male/9332898,male/9332898/9332898.7.jpg,0,75,74,1,0
P1,Faces94,evaluation,several_enrollment_photographs,male/9332898,male/9332898/9332898.8.jpg,0,71,74,0,1
P1,Faces94,evaluation,several_enrollment_photographs,male/9332898,male/9332898/9332898.9.jpg,0,72,74,0,1
P1,Faces94,evaluation,several_enrollment_photographs,male/9332898,male/9332898/9332898.10.jpg,0,76,74,1,0
P1,Faces94,evaluation,several_enrollment_photographs,male/9332898,male/9332898/9332898.11.jpg,0,66,74,0,1
P1,Faces94,evaluation,several_enrollment_photographs,male/9332898,male/9332898/9332898.12.jpg,0,80,74,1,0
P1,Faces94,evaluation,several_enrollment_photographs,male/9332898,male/9332898/9332898.13.jpg,0,63,74,0,1
P1,Faces94,evaluation,several_enrollment_photographs,male/9332898,male/9332898/9332898.14.jpg,0,68,74,0,1
P1,Faces94,evaluation,several_enrollment_photographs,male/9332898,male/9332898/9332898.15.jpg,0,70,74,0,1
P1,Faces94,evaluation,several_enrollment_photographs,male/9332898,male/9332898/9332898.16.jpg,0,77,74,1,0
P1,Faces94,evaluation,several_enrollment_photographs,male/9332898,male/9332898/9332898.17.jpg,0,65,74,0,1
P1,Faces94,evaluation,several_enrollment_photographs,male/9332898,male/9332898/9332898.18.jpg,0,75,74,1,0
P1,Faces94,evaluation,several_enrollment_photographs,male/9332898,male/9332898/9332898.19.jpg,0,78,74,1,0
P1,Faces94,evaluation,several_enrollment_photographs,male/9332898,male/9332898/9332898.20.jpg,0,70,74,0,1
P1,Faces94,evaluation,several_enrollment_photographs,male/9338462,male/9338462/9338462.11.jpg,1,80,74,1,1
P1,Faces94,evaluation,several_enrollment_photographs,male/9338462,male/9338462/9338462.12.jpg,1,89,74,1,1
P1,Faces94,evaluation,several_enrollment_photographs,male/9338462,male/9338462/9338462.13.jpg,1,88,74,1,1
P1,Faces94,evaluation,several_enrollment_photographs,male/9338462,male/9338462/9338462.14.jpg,1,98,74,1,1
P1,Faces94,evaluation,several_enrollment_photographs,male/9338462,male/9338462/9338462.15.jpg,1,90,74,1,1
P1,Faces94,evaluation,several_enrollment_photographs,male/9338462,male/9338462/9338462.16.jpg,1,97,74,1,1
P1,Faces94,evaluation,several_enrollment_photographs,male/9338462,male/9338462/9338462.17.jpg,1,86,74,1,1
P1,Faces94,evaluation,several_enrollment_photographs,male/9338462,male/9338462/9338462.18.jpg,1,92,74,1,1
P1,Faces94,evaluation,several_enrollment_photographs,male/9338462,male/9338462/9338462.19.jpg,1,73,74,0,0
P1,Faces94,evaluation,several_enrollment_photographs,male/9338462,male/9338462/9338462.20.jpg,1,77,74,1,1
P1,Faces94,evaluation,several_enrollment_photographs,male/9338519,male/9338519/9338519.11.jpg,1,97,74,1,1
P1,Faces94,evaluation,several_enrollment_photographs,male/9338519,male/9338519/9338519.12.jpg,1,111,74,1,1
P1,Faces94,evaluation,several_enrollment_photographs,male/9338519,male/9338519/9338519.13.jpg,1,91,74,1,1
P1,Faces94,evaluation,several_enrollment_photographs,male/9338519,male/9338519/9338519.14.jpg,1,90,74,1,1
P1,Faces94,evaluation,several_enrollment_photographs,male/9338519,male/9338519/9338519.15.jpg,1,90,74,1,1
P1,Faces94,evaluation,several_enrollment_photographs,male/9338519,male/9338519/9338519.16.jpg,1,91,74,1,1
P1,Faces94,evaluation,several_enrollment_photographs,male/9338519,male/9338519/9338519.17.jpg,1,92,74,1,1
P1,Faces94,evaluation,several_enrollment_photographs,male/9338519,male/9338519/9338519.18.jpg,1,86,74,1,1
P1,Faces94,evaluation,several_enrollment_photographs,male/9338519,male/9338519/9338519.19.jpg,1,91,74,1,1
P1,Faces94,evaluation,several_enrollment_photographs,male/9338519,male/9338519/9338519.20.jpg,1,84,74,1,1
P1,Faces94,evaluation,several_enrollment_photographs,male/9338527,male/9338527/9338527.11.jpg,1,84,74,1,1
P1,Faces94,evaluation,several_enrollment_photographs,male/9338527,male/9338527/9338527.12.jpg,1,82,74,1,1
P1,Faces94,evaluation,several_enrollment_photographs,male/9338527,male/9338527/9338527.13.jpg,1,78,74,1,1
P1,Faces94,evaluation,several_enrollment_photographs,male/9338527,male/9338527/9338527.14.jpg,1,81,74,1,1
P1,Faces94,evaluation,several_enrollment_photographs,male/9338527,male/9338527/9338527.15.jpg,1,77,74,1,1
P1,Faces94,evaluation,several_enrollment_photographs,male/9338527,male/9338527/9338527.16.jpg,1,77,74,1,1
P1,Faces94,evaluation,several_enrollment_photographs,male/9338527,male/9338527/9338527.17.jpg,1,76,74,1,1
P1,Faces94,evaluation,several_enrollment_photographs,male/9338527,male/9338527/9338527.18.jpg,1,86,74,1,1
P1,Faces94,evaluation,several_enrollment_photographs,male/9338527,male/9338527/9338527.19.jpg,1,80,74,1,1
P1,Faces94,evaluation,several_enrollment_photographs,male/9338527,male/9338527/9338527.20.jpg,1,79,74,1,1
P1,Faces94,evaluation,several_enrollment_photographs,male/9416994,male/9416994/9416994.11.jpg,1,68,74,0,0
P1,Faces94,evaluation,several_enrollment_photographs,male/9416994,male/9416994/9416994.12.jpg,1,74,74,1,1
P1,Faces94,evaluation,several_enrollment_photographs,male/9416994,male/9416994/9416994.13.jpg,1,77,74,1,1
P1,Faces94,evaluation,several_enrollment_photographs,male/9416994,male/9416994/9416994.14.jpg,1,82,74,1,1
P1,Faces94,evaluation,several_enrollment_photographs,male/9416994,male/9416994/9416994.15.jpg,1,71,74,0,0
P1,Faces94,evaluation,several_enrollment_photographs,male/9416994,male/9416994/9416994.16.jpg,1,74,74,1,1
P1,Faces94,evaluation,several_enrollment_photographs,male/9416994,male/9416994/9416994.17.jpg,1,67,74,0,0
P1,Faces94,evaluation,several_enrollment_photographs,male/9416994,male/9416994/9416994.18.jpg,1,70,74,0,0
P1,Faces94,evaluation,several_enrollment_photographs,male/9416994,male/9416994/9416994.19.jpg,1,62,74,0,0
P1,Faces94,evaluation,several_enrollment_photographs,male/9416994,male/9416994/9416994.20.jpg,1,76,74,1,1
P1,Faces94,evaluation,several_enrollment_photographs,male/admars,male/admars/admars.11.jpg,1,95,74,1,1
P1,Faces94,evaluation,several_enrollment_photographs,male/admars,male/admars/admars.12.jpg,1,95,74,1,1
P1,Faces94,evaluation,several_enrollment_photographs,male/admars,male/admars/admars.13.jpg,1,95,74,1,1
P1,Faces94,evaluation,several_enrollment_photographs,male/admars,male/admars/admars.14.jpg,1,91,74,1,1
P1,Faces94,evaluation,several_enrollment_photographs,male/admars,male/admars/admars.15.jpg,1,101,74,1,1
P1,Faces94,evaluation,several_enrollment_photographs,male/admars,male/admars/admars.16.jpg,1,91,74,1,1
P1,Faces94,evaluation,several_enrollment_photographs,male/admars,male/admars/admars.17.jpg,1,95,74,1,1
P1,Faces94,evaluation,several_enrollment_photographs,male/admars,male/admars/admars.18.jpg,1,93,74,1,1
P1,Faces94,evaluation,several_enrollment_photographs,male/admars,male/admars/admars.19.jpg,1,90,74,1,1
P1,Faces94,evaluation,several_enrollment_photographs,male/admars,male/admars/admars.20.jpg,1,104,74,1,1
P1,Faces94,evaluation,several_enrollment_photographs,male/ahodki,male/ahodki/ahodki.11.jpg,1,68,74,0,0
P1,Faces94,evaluation,several_enrollment_photographs,male/ahodki,male/ahodki/ahodki.12.jpg,1,63,74,0,0
P1,Faces94,evaluation,several_enrollment_photographs,male/ahodki,male/ahodki/ahodki.13.jpg,1,75,74,1,1
P1,Faces94,evaluation,several_enrollment_photographs,male/ahodki,male/ahodki/ahodki.14.jpg,1,68,74,0,0
P1,Faces94,evaluation,several_enrollment_photographs,male/ahodki,male/ahodki/ahodki.15.jpg,1,61,74,0,0
P1,Faces94,evaluation,several_enrollment_photographs,male/ahodki,male/ahodki/ahodki.16.jpg,1,64,74,0,0
P1,Faces94,evaluation,several_enrollment_photographs,male/ahodki,male/ahodki/ahodki.17.jpg,1,58,74,0,0
P1,Faces94,evaluation,several_enrollment_photographs,male/ahodki,male/ahodki/ahodki.18.jpg,1,62,74,0,0
P1,Faces94,evaluation,several_enrollment_photographs,male/ahodki,male/ahodki/ahodki.19.jpg,1,68,74,0,0
P1,Faces94,evaluation,several_enrollment_photographs,male/ahodki,male/ahodki/ahodki.20.jpg,1,72,74,0,0
P1,Faces94,evaluation,several_enrollment_photographs,male/ajflem,male/ajflem/ajflem.11.jpg,1,119,74,1,1
P1,Faces94,evaluation,several_enrollment_photographs,male/ajflem,male/ajflem/ajflem.12.jpg,1,102,74,1,1
P1,Faces94,evaluation,several_enrollment_photographs,male/ajflem,male/ajflem/ajflem.13.jpg,1,101,74,1,1
P1,Faces94,evaluation,several_enrollment_photographs,male/ajflem,male/ajflem/ajflem.14.jpg,1,110,74,1,1
P1,Faces94,evaluation,several_enrollment_photographs,male/ajflem,male/ajflem/ajflem.15.jpg,1,106,74,1,1
P1,Faces94,evaluation,several_enrollment_photographs,male/ajflem,male/ajflem/ajflem.16.jpg,1,98,74,1,1
P1,Faces94,evaluation,several_enrollment_photographs,male/ajflem,male/ajflem/ajflem.17.jpg,1,102,74,1,1
P1,Faces94,evaluation,several_enrollment_photographs,male/ajflem,male/ajflem/ajflem.18.jpg,1,103,74,1,1
P1,Faces94,evaluation,several_enrollment_photographs,male/ajflem,male/ajflem/ajflem.19.jpg,1,94,74,1,1
P1,Faces94,evaluation,several_enrollment_photographs,male/ajflem,male/ajflem/ajflem.20.jpg,1,102,74,1,1
P1,Faces94,evaluation,several_enrollment_photographs,male/ajones,male/ajones/ajones.1.jpg,0,63,74,0,1
P1,Faces94,evaluation,several_enrollment_photographs,male/ajones,male/ajones/ajones.2.jpg,0,71,74,0,1
P1,Faces94,evaluation,several_enrollment_photographs,male/ajones,male/ajones/ajones.3.jpg,0,72,74,0,1
P1,Faces94,evaluation,several_enrollment_photographs,male/ajones,male/ajones/ajones.4.jpg,0,74,74,1,0
P1,Faces94,evaluation,several_enrollment_photographs,male/ajones,male/ajones/ajones.5.jpg,0,72,74,0,1
P1,Faces94,evaluation,several_enrollment_photographs,male/ajones,male/ajones/ajones.6.jpg,0,64,74,0,1
P1,Faces94,evaluation,several_enrollment_photographs,male/ajones,male/ajones/ajones.7.jpg,0,71,74,0,1
P1,Faces94,evaluation,several_enrollment_photographs,male/ajones,male/ajones/ajones.8.jpg,0,74,74,1,0
P1,Faces94,evaluation,several_enrollment_photographs,male/ajones,male/ajones/ajones.9.jpg,0,70,74,0,1
P1,Faces94,evaluation,several_enrollment_photographs,male/ajones,male/ajones/ajones.10.jpg,0,68,74,0,1
P1,Faces94,evaluation,several_enrollment_photographs,male/ajones,male/ajones/ajones.11.jpg,0,69,74,0,1
P1,Faces94,evaluation,several_enrollment_photographs,male/ajones,male/ajones/ajones.12.jpg,0,69,74,0,1
P1,Faces94,evaluation,several_enrollment_photographs,male/ajones,male/ajones/ajones.13.jpg,0,68,74,0,1
P1,Faces94,evaluation,several_enrollment_photographs,male/ajones,male/ajones/ajones.14.jpg,0,68,74,0,1
P1,Faces94,evaluation,several_enrollment_photographs,male/ajones,male/ajones/ajones.15.jpg,0,70,74,0,1
P1,Faces94,evaluation,several_enrollment_photographs,male/ajones,male/ajones/ajones.16.jpg,0,70,74,0,1
P1,Faces94,evaluation,several_enrollment_photographs,male/ajones,male/ajones/ajones.17.jpg,0,64,74,0,1
P1,Faces94,evaluation,several_enrollment_photographs,male/ajones,male/ajones/ajones.18.jpg,0,67,74,0,1
P1,Faces94,evaluation,several_enrollment_photographs,male/ajones,male/ajones/ajones.19.jpg,0,68,74,0,1
P1,Faces94,evaluation,several_enrollment_photographs,male/ajones,male/ajones/ajones.20.jpg,0,70,74,0,1
P1,Faces94,evaluation,several_enrollment_photographs,male/ajsega,male/ajsega/ajsega.1.jpg,0,65,74,0,1
P1,Faces94,evaluation,several_enrollment_photographs,male/ajsega,male/ajsega/ajsega.2.jpg,0,60,74,0,1
P1,Faces94,evaluation,several_enrollment_photographs,male/ajsega,male/ajsega/ajsega.3.jpg,0,56,74,0,1
P1,Faces94,evaluation,several_enrollment_photographs,male/ajsega,male/ajsega/ajsega.4.jpg,0,55,74,0,1
P1,Faces94,evaluation,several_enrollment_photographs,male/ajsega,male/ajsega/ajsega.5.jpg,0,55,74,0,1
P1,Faces94,evaluation,several_enrollment_photographs,male/ajsega,male/ajsega/ajsega.6.jpg,0,57,74,0,1
P1,Faces94,evaluation,several_enrollment_photographs,male/ajsega,male/ajsega/ajsega.7.jpg,0,59,74,0,1
P1,Faces94,evaluation,several_enrollment_photographs,male/ajsega,male/ajsega/ajsega.8.jpg,0,60,74,0,1
P1,Faces94,evaluation,several_enrollment_photographs,male/ajsega,male/ajsega/ajsega.9.jpg,0,60,74,0,1
P1,Faces94,evaluation,several_enrollment_photographs,male/ajsega,male/ajsega/ajsega.10.jpg,0,63,74,0,1
P1,Faces94,evaluation,several_enrollment_photographs,male/ajsega,male/ajsega/ajsega.11.jpg,0,59,74,0,1
P1,Faces94,evaluation,several_enrollment_photographs,male/ajsega,male/ajsega/ajsega.12.jpg,0,63,74,0,1
P1,Faces94,evaluation,several_enrollment_photographs,male/ajsega,male/ajsega/ajsega.13.jpg,0,65,74,0,1
P1,Faces94,evaluation,several_enrollment_photographs,male/ajsega,male/ajsega/ajsega.14.jpg,0,63,74,0,1
P1,Faces94,evaluation,several_enrollment_photographs,male/ajsega,male/ajsega/ajsega.15.jpg,0,65,74,0,1
P1,Faces94,evaluation,several_enrollment_photographs,male/ajsega,male/ajsega/ajsega.16.jpg,0,62,74,0,1
P1,Faces94,evaluation,several_enrollment_photographs,male/ajsega,male/ajsega/ajsega.17.jpg,0,65,74,0,1
P1,Faces94,evaluation,several_enrollment_photographs,male/ajsega,male/ajsega/ajsega.18.jpg,0,64,74,0,1
P1,Faces94,evaluation,several_enrollment_photographs,male/ajsega,male/ajsega/ajsega.19.jpg,0,62,74,0,1
P1,Faces94,evaluation,several_enrollment_photographs,male/ajsega,male/ajsega/ajsega.20.jpg,0,64,74,0,1
P1,Faces94,evaluation,several_enrollment_photographs,male/akatsi,male/akatsi/akatsi.11.jpg,1,108,74,1,1
P1,Faces94,evaluation,several_enrollment_photographs,male/akatsi,male/akatsi/akatsi.12.jpg,1,101,74,1,1
P1,Faces94,evaluation,several_enrollment_photographs,male/akatsi,male/akatsi/akatsi.13.jpg,1,108,74,1,1
P1,Faces94,evaluation,several_enrollment_photographs,male/akatsi,male/akatsi/akatsi.14.jpg,1,110,74,1,1
P1,Faces94,evaluation,several_enrollment_photographs,male/akatsi,male/akatsi/akatsi.15.jpg,1,109,74,1,1
P1,Faces94,evaluation,several_enrollment_photographs,male/akatsi,male/akatsi/akatsi.16.jpg,1,97,74,1,1
P1,Faces94,evaluation,several_enrollment_photographs,male/akatsi,male/akatsi/akatsi.17.jpg,1,104,74,1,1
P1,Faces94,evaluation,several_enrollment_photographs,male/akatsi,male/akatsi/akatsi.18.jpg,1,107,74,1,1
P1,Faces94,evaluation,several_enrollment_photographs,male/akatsi,male/akatsi/akatsi.19.jpg,1,109,74,1,1
P1,Faces94,evaluation,several_enrollment_photographs,male/akatsi,male/akatsi/akatsi.20.jpg,1,102,74,1,1
P1,Faces94,evaluation,several_enrollment_photographs,male/cchris,male/cchris/cchris.1.jpg,0,81,74,1,0
P1,Faces94,evaluation,several_enrollment_photographs,male/cchris,male/cchris/cchris.2.jpg,0,82,74,1,0
P1,Faces94,evaluation,several_enrollment_photographs,male/cchris,male/cchris/cchris.3.jpg,0,88,74,1,0
P1,Faces94,evaluation,several_enrollment_photographs,male/cchris,male/cchris/cchris.4.jpg,0,85,74,1,0
P1,Faces94,evaluation,several_enrollment_photographs,male/cchris,male/cchris/cchris.5.jpg,0,86,74,1,0
P1,Faces94,evaluation,several_enrollment_photographs,male/cchris,male/cchris/cchris.6.jpg,0,85,74,1,0
P1,Faces94,evaluation,several_enrollment_photographs,male/cchris,male/cchris/cchris.7.jpg,0,82,74,1,0
P1,Faces94,evaluation,several_enrollment_photographs,male/cchris,male/cchris/cchris.8.jpg,0,80,74,1,0
P1,Faces94,evaluation,several_enrollment_photographs,male/cchris,male/cchris/cchris.9.jpg,0,84,74,1,0
P1,Faces94,evaluation,several_enrollment_photographs,male/cchris,male/cchris/cchris.10.jpg,0,86,74,1,0
P1,Faces94,evaluation,several_enrollment_photographs,male/cchris,male/cchris/cchris.11.jpg,0,90,74,1,0
P1,Faces94,evaluation,several_enrollment_photographs,male/cchris,male/cchris/cchris.12.jpg,0,86,74,1,0
P1,Faces94,evaluation,several_enrollment_photographs,male/cchris,male/cchris/cchris.13.jpg,0,88,74,1,0
P1,Faces94,evaluation,several_enrollment_photographs,male/cchris,male/cchris/cchris.14.jpg,0,85,74,1,0
P1,Faces94,evaluation,several_enrollment_photographs,male/cchris,male/cchris/cchris.15.jpg,0,90,74,1,0
P1,Faces94,evaluation,several_enrollment_photographs,male/cchris,male/cchris/cchris.16.jpg,0,85,74,1,0
P1,Faces94,evaluation,several_enrollment_photographs,male/cchris,male/cchris/cchris.17.jpg,0,88,74,1,0
P1,Faces94,evaluation,several_enrollment_photographs,male/cchris,male/cchris/cchris.18.jpg,0,84,74,1,0
P1,Faces94,evaluation,several_enrollment_photographs,male/cchris,male/cchris/cchris.19.jpg,0,85,74,1,0
P1,Faces94,evaluation,several_enrollment_photographs,male/cchris,male/cchris/cchris.20.jpg,0,91,74,1,0
P1,Faces94,evaluation,several_enrollment_photographs,male/ccjame,male/ccjame/ccjame.1.jpg,0,75,74,1,0
P1,Faces94,evaluation,several_enrollment_photographs,male/ccjame,male/ccjame/ccjame.2.jpg,0,72,74,0,1
P1,Faces94,evaluation,several_enrollment_photographs,male/ccjame,male/ccjame/ccjame.3.jpg,0,71,74,0,1
P1,Faces94,evaluation,several_enrollment_photographs,male/ccjame,male/ccjame/ccjame.4.jpg,0,84,74,1,0
P1,Faces94,evaluation,several_enrollment_photographs,male/ccjame,male/ccjame/ccjame.5.jpg,0,85,74,1,0
P1,Faces94,evaluation,several_enrollment_photographs,male/ccjame,male/ccjame/ccjame.6.jpg,0,80,74,1,0
P1,Faces94,evaluation,several_enrollment_photographs,male/ccjame,male/ccjame/ccjame.7.jpg,0,75,74,1,0
P1,Faces94,evaluation,several_enrollment_photographs,male/ccjame,male/ccjame/ccjame.8.jpg,0,80,74,1,0
P1,Faces94,evaluation,several_enrollment_photographs,male/ccjame,male/ccjame/ccjame.9.jpg,0,79,74,1,0
P1,Faces94,evaluation,several_enrollment_photographs,male/ccjame,male/ccjame/ccjame.10.jpg,0,68,74,0,1
P1,Faces94,evaluation,several_enrollment_photographs,male/ccjame,male/ccjame/ccjame.11.jpg,0,64,74,0,1
P1,Faces94,evaluation,several_enrollment_photographs,male/ccjame,male/ccjame/ccjame.12.jpg,0,73,74,0,1
P1,Faces94,evaluation,several_enrollment_photographs,male/ccjame,male/ccjame/ccjame.13.jpg,0,72,74,0,1
P1,Faces94,evaluation,several_enrollment_photographs,male/ccjame,male/ccjame/ccjame.14.jpg,0,68,74,0,1
P1,Faces94,evaluation,several_enrollment_photographs,male/ccjame,male/ccjame/ccjame.15.jpg,0,72,74,0,1
P1,Faces94,evaluation,several_enrollment_photographs,male/ccjame,male/ccjame/ccjame.16.jpg,0,79,74,1,0
P1,Faces94,evaluation,several_enrollment_photographs,male/ccjame,male/ccjame/ccjame.17.jpg,0,70,74,0,1
P1,Faces94,evaluation,several_enrollment_photographs,male/ccjame,male/ccjame/ccjame.18.jpg,0,76,74,1,0
P1,Faces94,evaluation,several_enrollment_photographs,male/ccjame,male/ccjame/ccjame.19.jpg,0,71,74,0,1
P1,Faces94,evaluation,several_enrollment_photographs,male/ccjame,male/ccjame/ccjame.20.jpg,0,68,74,0,1
P1,Faces94,evaluation,several_enrollment_photographs,male/cferdo,male/cferdo/cferdo.11.jpg,1,105,74,1,1
P1,Faces94,evaluation,several_enrollment_photographs,male/cferdo,male/cferdo/cferdo.12.jpg,1,94,74,1,1
P1,Faces94,evaluation,several_enrollment_photographs,male/cferdo,male/cferdo/cferdo.13.jpg,1,77,74,1,1
P1,Faces94,evaluation,several_enrollment_photographs,male/cferdo,male/cferdo/cferdo.14.jpg,1,70,74,0,0
P1,Faces94,evaluation,several_enrollment_photographs,male/cferdo,male/cferdo/cferdo.15.jpg,1,81,74,1,1
P1,Faces94,evaluation,several_enrollment_photographs,male/cferdo,male/cferdo/cferdo.16.jpg,1,74,74,1,1
P1,Faces94,evaluation,several_enrollment_photographs,male/cferdo,male/cferdo/cferdo.17.jpg,1,73,74,0,0
P1,Faces94,evaluation,several_enrollment_photographs,male/cferdo,male/cferdo/cferdo.18.jpg,1,75,74,1,1
P1,Faces94,evaluation,several_enrollment_photographs,male/cferdo,male/cferdo/cferdo.19.jpg,1,71,74,0,0
P1,Faces94,evaluation,several_enrollment_photographs,male/cferdo,male/cferdo/cferdo.20.jpg,1,68,74,0,0
P1,Faces94,evaluation,several_enrollment_photographs,male/cgboyc,male/cgboyc/cgboyc.11.jpg,1,99,74,1,1
P1,Faces94,evaluation,several_enrollment_photographs,male/cgboyc,male/cgboyc/cgboyc.12.jpg,1,99,74,1,1
P1,Faces94,evaluation,several_enrollment_photographs,male/cgboyc,male/cgboyc/cgboyc.13.jpg,1,88,74,1,1
P1,Faces94,evaluation,several_enrollment_photographs,male/cgboyc,male/cgboyc/cgboyc.14.jpg,1,97,74,1,1
P1,Faces94,evaluation,several_enrollment_photographs,male/cgboyc,male/cgboyc/cgboyc.15.jpg,1,81,74,1,1
P1,Faces94,evaluation,several_enrollment_photographs,male/cgboyc,male/cgboyc/cgboyc.16.jpg,1,93,74,1,1
P1,Faces94,evaluation,several_enrollment_photographs,male/cgboyc,male/cgboyc/cgboyc.17.jpg,1,85,74,1,1
P1,Faces94,evaluation,several_enrollment_photographs,male/cgboyc,male/cgboyc/cgboyc.18.jpg,1,82,74,1,1
P1,Faces94,evaluation,several_enrollment_photographs,male/cgboyc,male/cgboyc/cgboyc.19.jpg,1,87,74,1,1
P1,Faces94,evaluation,several_enrollment_photographs,male/cgboyc,male/cgboyc/cgboyc.20.jpg,1,82,74,1,1
P1,Faces94,evaluation,several_enrollment_photographs,male/cjsake,male/cjsake/cjsake.11.jpg,1,105,74,1,1
P1,Faces94,evaluation,several_enrollment_photographs,male/cjsake,male/cjsake/cjsake.12.jpg,1,103,74,1,1
P1,Faces94,evaluation,several_enrollment_photographs,male/cjsake,male/cjsake/cjsake.13.jpg,1,93,74,1,1
P1,Faces94,evaluation,several_enrollment_photographs,male/cjsake,male/cjsake/cjsake.14.jpg,1,94,74,1,1
P1,Faces94,evaluation,several_enrollment_photographs,male/cjsake,male/cjsake/cjsake.15.jpg,1,95,74,1,1
P1,Faces94,evaluation,several_enrollment_photographs,male/cjsake,male/cjsake/cjsake.16.jpg,1,88,74,1,1
P1,Faces94,evaluation,several_enrollment_photographs,male/cjsake,male/cjsake/cjsake.17.jpg,1,85,74,1,1
P1,Faces94,evaluation,several_enrollment_photographs,male/cjsake,male/cjsake/cjsake.18.jpg,1,107,74,1,1
P1,Faces94,evaluation,several_enrollment_photographs,male/cjsake,male/cjsake/cjsake.19.jpg,1,102,74,1,1
P1,Faces94,evaluation,several_enrollment_photographs,male/cjsake,male/cjsake/cjsake.20.jpg,1,101,74,1,1
P1,Faces94,evaluation,several_enrollment_photographs,male/cwchoi,male/cwchoi/cwchoi.11.jpg,1,114,74,1,1
P1,Faces94,evaluation,several_enrollment_photographs,male/cwchoi,male/cwchoi/cwchoi.12.jpg,1,93,74,1,1
P1,Faces94,evaluation,several_enrollment_photographs,male/cwchoi,male/cwchoi/cwchoi.13.jpg,1,97,74,1,1
P1,Faces94,evaluation,several_enrollment_photographs,male/cwchoi,male/cwchoi/cwchoi.14.jpg,1,104,74,1,1
P1,Faces94,evaluation,several_enrollment_photographs,male/cwchoi,male/cwchoi/cwchoi.15.jpg,1,98,74,1,1
P1,Faces94,evaluation,several_enrollment_photographs,male/cwchoi,male/cwchoi/cwchoi.16.jpg,1,85,74,1,1
P1,Faces94,evaluation,several_enrollment_photographs,male/cwchoi,male/cwchoi/cwchoi.17.jpg,1,96,74,1,1
P1,Faces94,evaluation,several_enrollment_photographs,male/cwchoi,male/cwchoi/cwchoi.18.jpg,1,106,74,1,1
P1,Faces94,evaluation,several_enrollment_photographs,male/cwchoi,male/cwchoi/cwchoi.19.jpg,1,95,74,1,1
P1,Faces94,evaluation,several_enrollment_photographs,male/cwchoi,male/cwchoi/cwchoi.20.jpg,1,101,74,1,1
P1,Faces94,evaluation,several_enrollment_photographs,male/dcbowe,male/dcbowe/dcbowe.11.jpg,1,86,74,1,1
P1,Faces94,evaluation,several_enrollment_photographs,male/dcbowe,male/dcbowe/dcbowe.12.jpg,1,82,74,1,1
P1,Faces94,evaluation,several_enrollment_photographs,male/dcbowe,male/dcbowe/dcbowe.13.jpg,1,83,74,1,1
P1,Faces94,evaluation,several_enrollment_photographs,male/dcbowe,male/dcbowe/dcbowe.14.jpg,1,85,74,1,1
P1,Faces94,evaluation,several_enrollment_photographs,male/dcbowe,male/dcbowe/dcbowe.15.jpg,1,86,74,1,1
P1,Faces94,evaluation,several_enrollment_photographs,male/dcbowe,male/dcbowe/dcbowe.16.jpg,1,82,74,1,1
P1,Faces94,evaluation,several_enrollment_photographs,male/dcbowe,male/dcbowe/dcbowe.17.jpg,1,70,74,0,0
P1,Faces94,evaluation,several_enrollment_photographs,male/dcbowe,male/dcbowe/dcbowe.18.jpg,1,83,74,1,1
P1,Faces94,evaluation,several_enrollment_photographs,male/dcbowe,male/dcbowe/dcbowe.19.jpg,1,75,74,1,1
P1,Faces94,evaluation,several_enrollment_photographs,male/dcbowe,male/dcbowe/dcbowe.20.jpg,1,75,74,1,1
P1,Faces94,evaluation,several_enrollment_photographs,male/djhugh,male/djhugh/djhugh.11.jpg,1,104,74,1,1
P1,Faces94,evaluation,several_enrollment_photographs,male/djhugh,male/djhugh/djhugh.12.jpg,1,106,74,1,1
P1,Faces94,evaluation,several_enrollment_photographs,male/djhugh,male/djhugh/djhugh.13.jpg,1,103,74,1,1
P1,Faces94,evaluation,several_enrollment_photographs,male/djhugh,male/djhugh/djhugh.14.jpg,1,101,74,1,1
P1,Faces94,evaluation,several_enrollment_photographs,male/djhugh,male/djhugh/djhugh.15.jpg,1,89,74,1,1
P1,Faces94,evaluation,several_enrollment_photographs,male/djhugh,male/djhugh/djhugh.16.jpg,1,94,74,1,1
P1,Faces94,evaluation,several_enrollment_photographs,male/djhugh,male/djhugh/djhugh.17.jpg,1,98,74,1,1
P1,Faces94,evaluation,several_enrollment_photographs,male/djhugh,male/djhugh/djhugh.18.jpg,1,96,74,1,1
P1,Faces94,evaluation,several_enrollment_photographs,male/djhugh,male/djhugh/djhugh.19.jpg,1,97,74,1,1
P1,Faces94,evaluation,several_enrollment_photographs,male/djhugh,male/djhugh/djhugh.20.jpg,1,95,74,1,1
P1,Faces94,evaluation,several_enrollment_photographs,male/djmart,male/djmart/djmart.13.jpg,1,81,74,1,1
P1,Faces94,evaluation,several_enrollment_photographs,male/djmart,male/djmart/djmart.14.jpg,1,77,74,1,1
P1,Faces94,evaluation,several_enrollment_photographs,male/djmart,male/djmart/djmart.15.jpg,1,80,74,1,1
P1,Faces94,evaluation,several_enrollment_photographs,male/djmart,male/djmart/djmart.16.jpg,1,73,74,0,0
P1,Faces94,evaluation,several_enrollment_photographs,male/djmart,male/djmart/djmart.17.jpg,1,83,74,1,1
P1,Faces94,evaluation,several_enrollment_photographs,male/djmart,male/djmart/djmart.18.jpg,1,81,74,1,1
P1,Faces94,evaluation,several_enrollment_photographs,male/djmart,male/djmart/djmart.19.jpg,1,83,74,1,1
P1,Faces94,evaluation,several_enrollment_photographs,male/djmart,male/djmart/djmart.20.jpg,1,79,74,1,1
P1,Faces94,evaluation,several_enrollment_photographs,male/gjnorm,male/gjnorm/gjnorm.1.jpg,0,60,74,0,1
P1,Faces94,evaluation,several_enrollment_photographs,male/gjnorm,male/gjnorm/gjnorm.2.jpg,0,58,74,0,1
P1,Faces94,evaluation,several_enrollment_photographs,male/gjnorm,male/gjnorm/gjnorm.3.jpg,0,52,74,0,1
P1,Faces94,evaluation,several_enrollment_photographs,male/gjnorm,male/gjnorm/gjnorm.4.jpg,0,54,74,0,1
P1,Faces94,evaluation,several_enrollment_photographs,male/gjnorm,male/gjnorm/gjnorm.5.jpg,0,51,74,0,1
P1,Faces94,evaluation,several_enrollment_photographs,male/gjnorm,male/gjnorm/gjnorm.6.jpg,0,57,74,0,1
P1,Faces94,evaluation,several_enrollment_photographs,male/gjnorm,male/gjnorm/gjnorm.7.jpg,0,56,74,0,1
P1,Faces94,evaluation,several_enrollment_photographs,male/gjnorm,male/gjnorm/gjnorm.8.jpg,0,57,74,0,1
P1,Faces94,evaluation,several_enrollment_photographs,male/gjnorm,male/gjnorm/gjnorm.9.jpg,0,53,74,0,1
P1,Faces94,evaluation,several_enrollment_photographs,male/gjnorm,male/gjnorm/gjnorm.10.jpg,0,65,74,0,1
P1,Faces94,evaluation,several_enrollment_photographs,male/gjnorm,male/gjnorm/gjnorm.11.jpg,0,66,74,0,1
P1,Faces94,evaluation,several_enrollment_photographs,male/gjnorm,male/gjnorm/gjnorm.12.jpg,0,67,74,0,1
P1,Faces94,evaluation,several_enrollment_photographs,male/gjnorm,male/gjnorm/gjnorm.13.jpg,0,72,74,0,1
P1,Faces94,evaluation,several_enrollment_photographs,male/gjnorm,male/gjnorm/gjnorm.14.jpg,0,72,74,0,1
P1,Faces94,evaluation,several_enrollment_photographs,male/gjnorm,male/gjnorm/gjnorm.15.jpg,0,68,74,0,1
P1,Faces94,evaluation,several_enrollment_photographs,male/gjnorm,male/gjnorm/gjnorm.16.jpg,0,69,74,0,1
P1,Faces94,evaluation,several_enrollment_photographs,male/gjnorm,male/gjnorm/gjnorm.17.jpg,0,65,74,0,1
P1,Faces94,evaluation,several_enrollment_photographs,male/gjnorm,male/gjnorm/gjnorm.18.jpg,0,62,74,0,1
P1,Faces94,evaluation,several_enrollment_photographs,male/gjnorm,male/gjnorm/gjnorm.19.jpg,0,74,74,1,0
P1,Faces94,evaluation,several_enrollment_photographs,male/gjnorm,male/gjnorm/gjnorm.20.jpg,0,67,74,0,1
P1,Faces94,evaluation,several_enrollment_photographs,male/irdrew,male/irdrew/irdrew.1.jpg,0,65,74,0,1
P1,Faces94,evaluation,several_enrollment_photographs,male/irdrew,male/irdrew/irdrew.2.jpg,0,65,74,0,1
P1,Faces94,evaluation,several_enrollment_photographs,male/irdrew,male/irdrew/irdrew.3.jpg,0,70,74,0,1
P1,Faces94,evaluation,several_enrollment_photographs,male/irdrew,male/irdrew/irdrew.4.jpg,0,68,74,0,1
P1,Faces94,evaluation,several_enrollment_photographs,male/irdrew,male/irdrew/irdrew.5.jpg,0,70,74,0,1
P1,Faces94,evaluation,several_enrollment_photographs,male/irdrew,male/irdrew/irdrew.6.jpg,0,66,74,0,1
P1,Faces94,evaluation,several_enrollment_photographs,male/irdrew,male/irdrew/irdrew.7.jpg,0,73,74,0,1
P1,Faces94,evaluation,several_enrollment_photographs,male/irdrew,male/irdrew/irdrew.8.jpg,0,65,74,0,1
P1,Faces94,evaluation,several_enrollment_photographs,male/irdrew,male/irdrew/irdrew.9.jpg,0,63,74,0,1
P1,Faces94,evaluation,several_enrollment_photographs,male/irdrew,male/irdrew/irdrew.10.jpg,0,70,74,0,1
P1,Faces94,evaluation,several_enrollment_photographs,male/irdrew,male/irdrew/irdrew.11.jpg,0,74,74,1,0
P1,Faces94,evaluation,several_enrollment_photographs,male/irdrew,male/irdrew/irdrew.12.jpg,0,72,74,0,1
P1,Faces94,evaluation,several_enrollment_photographs,male/irdrew,male/irdrew/irdrew.13.jpg,0,74,74,1,0
P1,Faces94,evaluation,several_enrollment_photographs,male/irdrew,male/irdrew/irdrew.14.jpg,0,72,74,0,1
P1,Faces94,evaluation,several_enrollment_photographs,male/irdrew,male/irdrew/irdrew.15.jpg,0,67,74,0,1
P1,Faces94,evaluation,several_enrollment_photographs,male/irdrew,male/irdrew/irdrew.16.jpg,0,72,74,0,1
P1,Faces94,evaluation,several_enrollment_photographs,male/irdrew,male/irdrew/irdrew.17.jpg,0,73,74,0,1
P1,Faces94,evaluation,several_enrollment_photographs,male/irdrew,male/irdrew/irdrew.18.jpg,0,71,74,0,1
P1,Faces94,evaluation,several_enrollment_photographs,male/irdrew,male/irdrew/irdrew.19.jpg,0,73,74,0,1
P1,Faces94,evaluation,several_enrollment_photographs,male/irdrew,male/irdrew/irdrew.20.jpg,0,71,74,0,1
P1,Faces94,evaluation,several_enrollment_photographs,male/jagrif,male/jagrif/jagrif.1.jpg,0,79,74,1,0
P1,Faces94,evaluation,several_enrollment_photographs,male/jagrif,male/jagrif/jagrif.2.jpg,0,77,74,1,0
P1,Faces94,evaluation,several_enrollment_photographs,male/jagrif,male/jagrif/jagrif.3.jpg,0,61,74,0,1
P1,Faces94,evaluation,several_enrollment_photographs,male/jagrif,male/jagrif/jagrif.4.jpg,0,72,74,0,1
P1,Faces94,evaluation,several_enrollment_photographs,male/jagrif,male/jagrif/jagrif.5.jpg,0,72,74,0,1
P1,Faces94,evaluation,several_enrollment_photographs,male/jagrif,male/jagrif/jagrif.6.jpg,0,75,74,1,0
P1,Faces94,evaluation,several_enrollment_photographs,male/jagrif,male/jagrif/jagrif.7.jpg,0,75,74,1,0
P1,Faces94,evaluation,several_enrollment_photographs,male/jagrif,male/jagrif/jagrif.8.jpg,0,70,74,0,1
P1,Faces94,evaluation,several_enrollment_photographs,male/jagrif,male/jagrif/jagrif.9.jpg,0,67,74,0,1
P1,Faces94,evaluation,several_enrollment_photographs,male/jagrif,male/jagrif/jagrif.10.jpg,0,70,74,0,1
P1,Faces94,evaluation,several_enrollment_photographs,male/jagrif,male/jagrif/jagrif.11.jpg,0,73,74,0,1
P1,Faces94,evaluation,several_enrollment_photographs,male/jagrif,male/jagrif/jagrif.12.jpg,0,72,74,0,1
P1,Faces94,evaluation,several_enrollment_photographs,male/jagrif,male/jagrif/jagrif.13.jpg,0,67,74,0,1
P1,Faces94,evaluation,several_enrollment_photographs,male/jagrif,male/jagrif/jagrif.14.jpg,0,70,74,0,1
P1,Faces94,evaluation,several_enrollment_photographs,male/jagrif,male/jagrif/jagrif.15.jpg,0,67,74,0,1
P1,Faces94,evaluation,several_enrollment_photographs,male/jagrif,male/jagrif/jagrif.16.jpg,0,75,74,1,0
P1,Faces94,evaluation,several_enrollment_photographs,male/jagrif,male/jagrif/jagrif.17.jpg,0,71,74,0,1
P1,Faces94,evaluation,several_enrollment_photographs,male/jagrif,male/jagrif/jagrif.18.jpg,0,65,74,0,1
P1,Faces94,evaluation,several_enrollment_photographs,male/jagrif,male/jagrif/jagrif.19.jpg,0,70,74,0,1
P1,Faces94,evaluation,several_enrollment_photographs,male/jagrif,male/jagrif/jagrif.20.jpg,0,70,74,0,1
P1,Faces94,evaluation,several_enrollment_photographs,male/jcarte,male/jcarte/jcarte.11.jpg,1,134,74,1,1
P1,Faces94,evaluation,several_enrollment_photographs,male/jcarte,male/jcarte/jcarte.12.jpg,1,114,74,1,1
P1,Faces94,evaluation,several_enrollment_photographs,male/jcarte,male/jcarte/jcarte.13.jpg,1,119,74,1,1
P1,Faces94,evaluation,several_enrollment_photographs,male/jcarte,male/jcarte/jcarte.14.jpg,1,108,74,1,1
P1,Faces94,evaluation,several_enrollment_photographs,male/jcarte,male/jcarte/jcarte.15.jpg,1,110,74,1,1
P1,Faces94,evaluation,several_enrollment_photographs,male/jcarte,male/jcarte/jcarte.16.jpg,1,117,74,1,1
P1,Faces94,evaluation,several_enrollment_photographs,male/jcarte,male/jcarte/jcarte.17.jpg,1,100,74,1,1
P1,Faces94,evaluation,several_enrollment_photographs,male/jcarte,male/jcarte/jcarte.18.jpg,1,106,74,1,1
P1,Faces94,evaluation,several_enrollment_photographs,male/jcarte,male/jcarte/jcarte.19.jpg,1,112,74,1,1
P1,Faces94,evaluation,several_enrollment_photographs,male/jcarte,male/jcarte/jcarte.20.jpg,1,105,74,1,1
P1,Faces94,evaluation,several_enrollment_photographs,male/jdbenm,male/jdbenm/jdbenm.11.jpg,1,75,74,1,1
P1,Faces94,evaluation,several_enrollment_photographs,male/jdbenm,male/jdbenm/jdbenm.12.jpg,1,78,74,1,1
P1,Faces94,evaluation,several_enrollment_photographs,male/jdbenm,male/jdbenm/jdbenm.13.jpg,1,74,74,1,1
P1,Faces94,evaluation,several_enrollment_photographs,male/jdbenm,male/jdbenm/jdbenm.14.jpg,1,80,74,1,1
P1,Faces94,evaluation,several_enrollment_photographs,male/jdbenm,male/jdbenm/jdbenm.15.jpg,1,69,74,0,0
P1,Faces94,evaluation,several_enrollment_photographs,male/jdbenm,male/jdbenm/jdbenm.16.jpg,1,75,74,1,1
P1,Faces94,evaluation,several_enrollment_photographs,male/jdbenm,male/jdbenm/jdbenm.17.jpg,1,71,74,0,0
P1,Faces94,evaluation,several_enrollment_photographs,male/jdbenm,male/jdbenm/jdbenm.18.jpg,1,78,74,1,1
P1,Faces94,evaluation,several_enrollment_photographs,male/jdbenm,male/jdbenm/jdbenm.19.jpg,1,82,74,1,1
P1,Faces94,evaluation,several_enrollment_photographs,male/jdbenm,male/jdbenm/jdbenm.20.jpg,1,69,74,0,0
P1,Faces94,evaluation,several_enrollment_photographs,male/kaatki,male/kaatki/kaatki.11.jpg,1,90,74,1,1
P1,Faces94,evaluation,several_enrollment_photographs,male/kaatki,male/kaatki/kaatki.12.jpg,1,88,74,1,1
P1,Faces94,evaluation,several_enrollment_photographs,male/kaatki,male/kaatki/kaatki.13.jpg,1,101,74,1,1
P1,Faces94,evaluation,several_enrollment_photographs,male/kaatki,male/kaatki/kaatki.14.jpg,1,108,74,1,1
P1,Faces94,evaluation,several_enrollment_photographs,male/kaatki,male/kaatki/kaatki.15.jpg,1,106,74,1,1
P1,Faces94,evaluation,several_enrollment_photographs,male/kaatki,male/kaatki/kaatki.16.jpg,1,100,74,1,1
P1,Faces94,evaluation,several_enrollment_photographs,male/kaatki,male/kaatki/kaatki.17.jpg,1,101,74,1,1
P1,Faces94,evaluation,several_enrollment_photographs,male/kaatki,male/kaatki/kaatki.18.jpg,1,96,74,1,1
P1,Faces94,evaluation,several_enrollment_photographs,male/kaatki,male/kaatki/kaatki.19.jpg,1,103,74,1,1
P1,Faces94,evaluation,several_enrollment_photographs,male/kaatki,male/kaatki/kaatki.20.jpg,1,106,74,1,1
P1,Faces94,evaluation,several_enrollment_photographs,male/kdjone,male/kdjone/kdjone.11.jpg,1,110,74,1,1
P1,Faces94,evaluation,several_enrollment_photographs,male/kdjone,male/kdjone/kdjone.12.jpg,1,87,74,1,1
P1,Faces94,evaluation,several_enrollment_photographs,male/kdjone,male/kdjone/kdjone.13.jpg,1,104,74,1,1
P1,Faces94,evaluation,several_enrollment_photographs,male/kdjone,male/kdjone/kdjone.14.jpg,1,105,74,1,1
P1,Faces94,evaluation,several_enrollment_photographs,male/kdjone,male/kdjone/kdjone.15.jpg,1,100,74,1,1
P1,Faces94,evaluation,several_enrollment_photographs,male/kdjone,male/kdjone/kdjone.16.jpg,1,97,74,1,1
P1,Faces94,evaluation,several_enrollment_photographs,male/kdjone,male/kdjone/kdjone.17.jpg,1,92,74,1,1
P1,Faces94,evaluation,several_enrollment_photographs,male/kdjone,male/kdjone/kdjone.18.jpg,1,104,74,1,1
P1,Faces94,evaluation,several_enrollment_photographs,male/kdjone,male/kdjone/kdjone.19.jpg,1,101,74,1,1
P1,Faces94,evaluation,several_enrollment_photographs,male/kdjone,male/kdjone/kdjone.20.jpg,1,108,74,1,1
P1,Faces94,evaluation,several_enrollment_photographs,male/khchan,male/khchan/khchan.1.jpg,0,70,74,0,1
P1,Faces94,evaluation,several_enrollment_photographs,male/khchan,male/khchan/khchan.2.jpg,0,68,74,0,1
P1,Faces94,evaluation,several_enrollment_photographs,male/khchan,male/khchan/khchan.3.jpg,0,69,74,0,1
P1,Faces94,evaluation,several_enrollment_photographs,male/khchan,male/khchan/khchan.4.jpg,0,72,74,0,1
P1,Faces94,evaluation,several_enrollment_photographs,male/khchan,male/khchan/khchan.5.jpg,0,64,74,0,1
P1,Faces94,evaluation,several_enrollment_photographs,male/khchan,male/khchan/khchan.6.jpg,0,72,74,0,1
P1,Faces94,evaluation,several_enrollment_photographs,male/khchan,male/khchan/khchan.7.jpg,0,62,74,0,1
P1,Faces94,evaluation,several_enrollment_photographs,male/khchan,male/khchan/khchan.8.jpg,0,57,74,0,1
P1,Faces94,evaluation,several_enrollment_photographs,male/khchan,male/khchan/khchan.9.jpg,0,65,74,0,1
P1,Faces94,evaluation,several_enrollment_photographs,male/khchan,male/khchan/khchan.10.jpg,0,66,74,0,1
P1,Faces94,evaluation,several_enrollment_photographs,male/khchan,male/khchan/khchan.11.jpg,0,67,74,0,1
P1,Faces94,evaluation,several_enrollment_photographs,male/khchan,male/khchan/khchan.12.jpg,0,71,74,0,1
P1,Faces94,evaluation,several_enrollment_photographs,male/khchan,male/khchan/khchan.13.jpg,0,63,74,0,1
P1,Faces94,evaluation,several_enrollment_photographs,male/khchan,male/khchan/khchan.14.jpg,0,68,74,0,1
P1,Faces94,evaluation,several_enrollment_photographs,male/khchan,male/khchan/khchan.15.jpg,0,63,74,0,1
P1,Faces94,evaluation,several_enrollment_photographs,male/khchan,male/khchan/khchan.16.jpg,0,66,74,0,1
P1,Faces94,evaluation,several_enrollment_photographs,male/khchan,male/khchan/khchan.17.jpg,0,64,74,0,1
P1,Faces94,evaluation,several_enrollment_photographs,male/khchan,male/khchan/khchan.18.jpg,0,66,74,0,1
P1,Faces94,evaluation,several_enrollment_photographs,male/khchan,male/khchan/khchan.19.jpg,0,71,74,0,1
P1,Faces94,evaluation,several_enrollment_photographs,male/khchan,male/khchan/khchan.20.jpg,0,70,74,0,1
P1,Faces94,evaluation,several_enrollment_photographs,male/kjwith,male/kjwith/kjwith.1.jpg,0,77,74,1,0
P1,Faces94,evaluation,several_enrollment_photographs,male/kjwith,male/kjwith/kjwith.2.jpg,0,77,74,1,0
P1,Faces94,evaluation,several_enrollment_photographs,male/kjwith,male/kjwith/kjwith.3.jpg,0,74,74,1,0
P1,Faces94,evaluation,several_enrollment_photographs,male/kjwith,male/kjwith/kjwith.4.jpg,0,75,74,1,0
P1,Faces94,evaluation,several_enrollment_photographs,male/kjwith,male/kjwith/kjwith.5.jpg,0,74,74,1,0
P1,Faces94,evaluation,several_enrollment_photographs,male/kjwith,male/kjwith/kjwith.6.jpg,0,78,74,1,0
P1,Faces94,evaluation,several_enrollment_photographs,male/kjwith,male/kjwith/kjwith.7.jpg,0,76,74,1,0
P1,Faces94,evaluation,several_enrollment_photographs,male/kjwith,male/kjwith/kjwith.8.jpg,0,79,74,1,0
P1,Faces94,evaluation,several_enrollment_photographs,male/kjwith,male/kjwith/kjwith.9.jpg,0,72,74,0,1
P1,Faces94,evaluation,several_enrollment_photographs,male/kjwith,male/kjwith/kjwith.10.jpg,0,76,74,1,0
P1,Faces94,evaluation,several_enrollment_photographs,male/kjwith,male/kjwith/kjwith.11.jpg,0,75,74,1,0
P1,Faces94,evaluation,several_enrollment_photographs,male/kjwith,male/kjwith/kjwith.12.jpg,0,75,74,1,0
P1,Faces94,evaluation,several_enrollment_photographs,male/kjwith,male/kjwith/kjwith.13.jpg,0,69,74,0,1
P1,Faces94,evaluation,several_enrollment_photographs,male/kjwith,male/kjwith/kjwith.14.jpg,0,74,74,1,0
P1,Faces94,evaluation,several_enrollment_photographs,male/kjwith,male/kjwith/kjwith.15.jpg,0,71,74,0,1
P1,Faces94,evaluation,several_enrollment_photographs,male/kjwith,male/kjwith/kjwith.16.jpg,0,75,74,1,0
P1,Faces94,evaluation,several_enrollment_photographs,male/kjwith,male/kjwith/kjwith.17.jpg,0,72,74,0,1
P1,Faces94,evaluation,several_enrollment_photographs,male/kjwith,male/kjwith/kjwith.18.jpg,0,73,74,0,1
P1,Faces94,evaluation,several_enrollment_photographs,male/kjwith,male/kjwith/kjwith.19.jpg,0,78,74,1,0
P1,Faces94,evaluation,several_enrollment_photographs,male/kjwith,male/kjwith/kjwith.20.jpg,0,69,74,0,1
P1,Faces94,evaluation,several_enrollment_photographs,male/mberdo,male/mberdo/mberdo.1.jpg,0,77,74,1,0
P1,Faces94,evaluation,several_enrollment_photographs,male/mberdo,male/mberdo/mberdo.2.jpg,0,76,74,1,0
P1,Faces94,evaluation,several_enrollment_photographs,male/mberdo,male/mberdo/mberdo.3.jpg,0,76,74,1,0
P1,Faces94,evaluation,several_enrollment_photographs,male/mberdo,male/mberdo/mberdo.4.jpg,0,76,74,1,0
P1,Faces94,evaluation,several_enrollment_photographs,male/mberdo,male/mberdo/mberdo.5.jpg,0,81,74,1,0
P1,Faces94,evaluation,several_enrollment_photographs,male/mberdo,male/mberdo/mberdo.6.jpg,0,81,74,1,0
P1,Faces94,evaluation,several_enrollment_photographs,male/mberdo,male/mberdo/mberdo.7.jpg,0,85,74,1,0
P1,Faces94,evaluation,several_enrollment_photographs,male/mberdo,male/mberdo/mberdo.8.jpg,0,80,74,1,0
P1,Faces94,evaluation,several_enrollment_photographs,male/mberdo,male/mberdo/mberdo.9.jpg,0,70,74,0,1
P1,Faces94,evaluation,several_enrollment_photographs,male/mberdo,male/mberdo/mberdo.10.jpg,0,88,74,1,0
P1,Faces94,evaluation,several_enrollment_photographs,male/mberdo,male/mberdo/mberdo.11.jpg,0,84,74,1,0
P1,Faces94,evaluation,several_enrollment_photographs,male/mberdo,male/mberdo/mberdo.12.jpg,0,83,74,1,0
P1,Faces94,evaluation,several_enrollment_photographs,male/mberdo,male/mberdo/mberdo.13.jpg,0,88,74,1,0
P1,Faces94,evaluation,several_enrollment_photographs,male/mberdo,male/mberdo/mberdo.14.jpg,0,82,74,1,0
P1,Faces94,evaluation,several_enrollment_photographs,male/mberdo,male/mberdo/mberdo.15.jpg,0,78,74,1,0
P1,Faces94,evaluation,several_enrollment_photographs,male/mberdo,male/mberdo/mberdo.16.jpg,0,81,74,1,0
P1,Faces94,evaluation,several_enrollment_photographs,male/mberdo,male/mberdo/mberdo.17.jpg,0,74,74,1,0
P1,Faces94,evaluation,several_enrollment_photographs,male/mberdo,male/mberdo/mberdo.18.jpg,0,84,74,1,0
P1,Faces94,evaluation,several_enrollment_photographs,male/mberdo,male/mberdo/mberdo.19.jpg,0,81,74,1,0
P1,Faces94,evaluation,several_enrollment_photographs,male/mberdo,male/mberdo/mberdo.20.jpg,0,78,74,1,0
P1,Faces94,evaluation,several_enrollment_photographs,male/mdpove,male/mdpove/mdpove.1.jpg,0,71,74,0,1
P1,Faces94,evaluation,several_enrollment_photographs,male/mdpove,male/mdpove/mdpove.2.jpg,0,67,74,0,1
P1,Faces94,evaluation,several_enrollment_photographs,male/mdpove,male/mdpove/mdpove.3.jpg,0,64,74,0,1
P1,Faces94,evaluation,several_enrollment_photographs,male/mdpove,male/mdpove/mdpove.4.jpg,0,66,74,0,1
P1,Faces94,evaluation,several_enrollment_photographs,male/mdpove,male/mdpove/mdpove.5.jpg,0,67,74,0,1
P1,Faces94,evaluation,several_enrollment_photographs,male/mdpove,male/mdpove/mdpove.6.jpg,0,64,74,0,1
P1,Faces94,evaluation,several_enrollment_photographs,male/mdpove,male/mdpove/mdpove.7.jpg,0,66,74,0,1
P1,Faces94,evaluation,several_enrollment_photographs,male/mdpove,male/mdpove/mdpove.8.jpg,0,54,74,0,1
P1,Faces94,evaluation,several_enrollment_photographs,male/mdpove,male/mdpove/mdpove.9.jpg,0,56,74,0,1
P1,Faces94,evaluation,several_enrollment_photographs,male/mdpove,male/mdpove/mdpove.10.jpg,0,56,74,0,1
P1,Faces94,evaluation,several_enrollment_photographs,male/mdpove,male/mdpove/mdpove.11.jpg,0,59,74,0,1
P1,Faces94,evaluation,several_enrollment_photographs,male/mdpove,male/mdpove/mdpove.12.jpg,0,61,74,0,1
P1,Faces94,evaluation,several_enrollment_photographs,male/mdpove,male/mdpove/mdpove.13.jpg,0,64,74,0,1
P1,Faces94,evaluation,several_enrollment_photographs,male/mdpove,male/mdpove/mdpove.14.jpg,0,56,74,0,1
P1,Faces94,evaluation,several_enrollment_photographs,male/mdpove,male/mdpove/mdpove.15.jpg,0,61,74,0,1
P1,Faces94,evaluation,several_enrollment_photographs,male/mdpove,male/mdpove/mdpove.16.jpg,0,58,74,0,1
P1,Faces94,evaluation,several_enrollment_photographs,male/mdpove,male/mdpove/mdpove.17.jpg,0,63,74,0,1
P1,Faces94,evaluation,several_enrollment_photographs,male/mdpove,male/mdpove/mdpove.18.jpg,0,62,74,0,1
P1,Faces94,evaluation,several_enrollment_photographs,male/mdpove,male/mdpove/mdpove.19.jpg,0,60,74,0,1
P1,Faces94,evaluation,several_enrollment_photographs,male/mdpove,male/mdpove/mdpove.20.jpg,0,64,74,0,1
P1,Faces94,evaluation,several_enrollment_photographs,male/mefait,male/mefait/mefait.11.jpg,1,76,74,1,1
P1,Faces94,evaluation,several_enrollment_photographs,male/mefait,male/mefait/mefait.12.jpg,1,89,74,1,1
P1,Faces94,evaluation,several_enrollment_photographs,male/mefait,male/mefait/mefait.13.jpg,1,70,74,0,0
P1,Faces94,evaluation,several_enrollment_photographs,male/mefait,male/mefait/mefait.14.jpg,1,69,74,0,0
P1,Faces94,evaluation,several_enrollment_photographs,male/mefait,male/mefait/mefait.15.jpg,1,66,74,0,0
P1,Faces94,evaluation,several_enrollment_photographs,male/mefait,male/mefait/mefait.16.jpg,1,77,74,1,1
P1,Faces94,evaluation,several_enrollment_photographs,male/mefait,male/mefait/mefait.17.jpg,1,78,74,1,1
P1,Faces94,evaluation,several_enrollment_photographs,male/mefait,male/mefait/mefait.18.jpg,1,71,74,0,0
P1,Faces94,evaluation,several_enrollment_photographs,male/mefait,male/mefait/mefait.19.jpg,1,77,74,1,1
P1,Faces94,evaluation,several_enrollment_photographs,male/mefait,male/mefait/mefait.20.jpg,1,78,74,1,1
P1,Faces94,evaluation,several_enrollment_photographs,male/mjhans,male/mjhans/mjhans.1.jpg,0,54,74,0,1
P1,Faces94,evaluation,several_enrollment_photographs,male/mjhans,male/mjhans/mjhans.2.jpg,0,53,74,0,1
P1,Faces94,evaluation,several_enrollment_photographs,male/mjhans,male/mjhans/mjhans.3.jpg,0,57,74,0,1
P1,Faces94,evaluation,several_enrollment_photographs,male/mjhans,male/mjhans/mjhans.4.jpg,0,57,74,0,1
P1,Faces94,evaluation,several_enrollment_photographs,male/mjhans,male/mjhans/mjhans.5.jpg,0,57,74,0,1
P1,Faces94,evaluation,several_enrollment_photographs,male/mjhans,male/mjhans/mjhans.6.jpg,0,59,74,0,1
P1,Faces94,evaluation,several_enrollment_photographs,male/mjhans,male/mjhans/mjhans.7.jpg,0,72,74,0,1
P1,Faces94,evaluation,several_enrollment_photographs,male/mjhans,male/mjhans/mjhans.8.jpg,0,67,74,0,1
P1,Faces94,evaluation,several_enrollment_photographs,male/mjhans,male/mjhans/mjhans.9.jpg,0,61,74,0,1
P1,Faces94,evaluation,several_enrollment_photographs,male/mjhans,male/mjhans/mjhans.10.jpg,0,59,74,0,1
P1,Faces94,evaluation,several_enrollment_photographs,male/mjhans,male/mjhans/mjhans.11.jpg,0,69,74,0,1
P1,Faces94,evaluation,several_enrollment_photographs,male/mjhans,male/mjhans/mjhans.12.jpg,0,66,74,0,1
P1,Faces94,evaluation,several_enrollment_photographs,male/mjhans,male/mjhans/mjhans.13.jpg,0,61,74,0,1
P1,Faces94,evaluation,several_enrollment_photographs,male/mjhans,male/mjhans/mjhans.14.jpg,0,63,74,0,1
P1,Faces94,evaluation,several_enrollment_photographs,male/mjhans,male/mjhans/mjhans.15.jpg,0,70,74,0,1
P1,Faces94,evaluation,several_enrollment_photographs,male/mjhans,male/mjhans/mjhans.16.jpg,0,66,74,0,1
P1,Faces94,evaluation,several_enrollment_photographs,male/mjhans,male/mjhans/mjhans.17.jpg,0,63,74,0,1
P1,Faces94,evaluation,several_enrollment_photographs,male/mjhans,male/mjhans/mjhans.18.jpg,0,65,74,0,1
P1,Faces94,evaluation,several_enrollment_photographs,male/mjhans,male/mjhans/mjhans.19.jpg,0,62,74,0,1
P1,Faces94,evaluation,several_enrollment_photographs,male/mjhans,male/mjhans/mjhans.20.jpg,0,63,74,0,1
P1,Faces94,evaluation,several_enrollment_photographs,male/ndhagu,male/ndhagu/ndhagu.11.jpg,1,100,74,1,1
P1,Faces94,evaluation,several_enrollment_photographs,male/ndhagu,male/ndhagu/ndhagu.12.jpg,1,96,74,1,1
P1,Faces94,evaluation,several_enrollment_photographs,male/ndhagu,male/ndhagu/ndhagu.13.jpg,1,102,74,1,1
P1,Faces94,evaluation,several_enrollment_photographs,male/ndhagu,male/ndhagu/ndhagu.14.jpg,1,96,74,1,1
P1,Faces94,evaluation,several_enrollment_photographs,male/ndhagu,male/ndhagu/ndhagu.15.jpg,1,90,74,1,1
P1,Faces94,evaluation,several_enrollment_photographs,male/ndhagu,male/ndhagu/ndhagu.16.jpg,1,94,74,1,1
P1,Faces94,evaluation,several_enrollment_photographs,male/ndhagu,male/ndhagu/ndhagu.17.jpg,1,90,74,1,1
P1,Faces94,evaluation,several_enrollment_photographs,male/ndhagu,male/ndhagu/ndhagu.18.jpg,1,95,74,1,1
P1,Faces94,evaluation,several_enrollment_photographs,male/ndhagu,male/ndhagu/ndhagu.19.jpg,1,92,74,1,1
P1,Faces94,evaluation,several_enrollment_photographs,male/ndhagu,male/ndhagu/ndhagu.20.jpg,1,71,74,0,0
P1,Faces94,evaluation,several_enrollment_photographs,male/njmoor,male/njmoor/njmoor.11.jpg,1,92,74,1,1
P1,Faces94,evaluation,several_enrollment_photographs,male/njmoor,male/njmoor/njmoor.12.jpg,1,108,74,1,1
P1,Faces94,evaluation,several_enrollment_photographs,male/njmoor,male/njmoor/njmoor.13.jpg,1,102,74,1,1
P1,Faces94,evaluation,several_enrollment_photographs,male/njmoor,male/njmoor/njmoor.14.jpg,1,100,74,1,1
P1,Faces94,evaluation,several_enrollment_photographs,male/njmoor,male/njmoor/njmoor.15.jpg,1,100,74,1,1
P1,Faces94,evaluation,several_enrollment_photographs,male/njmoor,male/njmoor/njmoor.16.jpg,1,103,74,1,1
P1,Faces94,evaluation,several_enrollment_photographs,male/njmoor,male/njmoor/njmoor.17.jpg,1,103,74,1,1
P1,Faces94,evaluation,several_enrollment_photographs,male/njmoor,male/njmoor/njmoor.18.jpg,1,104,74,1,1
P1,Faces94,evaluation,several_enrollment_photographs,male/njmoor,male/njmoor/njmoor.19.jpg,1,101,74,1,1
P1,Faces94,evaluation,several_enrollment_photographs,male/njmoor,male/njmoor/njmoor.20.jpg,1,96,74,1,1
P1,Faces94,evaluation,several_enrollment_photographs,male/nwilli,male/nwilli/nwilli.11.jpg,1,83,74,1,1
P1,Faces94,evaluation,several_enrollment_photographs,male/nwilli,male/nwilli/nwilli.12.jpg,1,94,74,1,1
P1,Faces94,evaluation,several_enrollment_photographs,male/nwilli,male/nwilli/nwilli.13.jpg,1,81,74,1,1
P1,Faces94,evaluation,several_enrollment_photographs,male/nwilli,male/nwilli/nwilli.14.jpg,1,82,74,1,1
P1,Faces94,evaluation,several_enrollment_photographs,male/nwilli,male/nwilli/nwilli.15.jpg,1,77,74,1,1
P1,Faces94,evaluation,several_enrollment_photographs,male/nwilli,male/nwilli/nwilli.16.jpg,1,84,74,1,1
P1,Faces94,evaluation,several_enrollment_photographs,male/nwilli,male/nwilli/nwilli.17.jpg,1,72,74,0,0
P1,Faces94,evaluation,several_enrollment_photographs,male/nwilli,male/nwilli/nwilli.18.jpg,1,82,74,1,1
P1,Faces94,evaluation,several_enrollment_photographs,male/nwilli,male/nwilli/nwilli.19.jpg,1,81,74,1,1
P1,Faces94,evaluation,several_enrollment_photographs,male/nwilli,male/nwilli/nwilli.20.jpg,1,73,74,0,0
P1,Faces94,evaluation,several_enrollment_photographs,male/pspliu,male/pspliu/pspliu.11.jpg,1,110,74,1,1
P1,Faces94,evaluation,several_enrollment_photographs,male/pspliu,male/pspliu/pspliu.12.jpg,1,94,74,1,1
P1,Faces94,evaluation,several_enrollment_photographs,male/pspliu,male/pspliu/pspliu.13.jpg,1,112,74,1,1
P1,Faces94,evaluation,several_enrollment_photographs,male/pspliu,male/pspliu/pspliu.14.jpg,1,101,74,1,1
P1,Faces94,evaluation,several_enrollment_photographs,male/pspliu,male/pspliu/pspliu.15.jpg,1,106,74,1,1
P1,Faces94,evaluation,several_enrollment_photographs,male/pspliu,male/pspliu/pspliu.16.jpg,1,108,74,1,1
P1,Faces94,evaluation,several_enrollment_photographs,male/pspliu,male/pspliu/pspliu.17.jpg,1,100,74,1,1
P1,Faces94,evaluation,several_enrollment_photographs,male/pspliu,male/pspliu/pspliu.18.jpg,1,97,74,1,1
P1,Faces94,evaluation,several_enrollment_photographs,male/pspliu,male/pspliu/pspliu.19.jpg,1,101,74,1,1
P1,Faces94,evaluation,several_enrollment_photographs,male/pspliu,male/pspliu/pspliu.20.jpg,1,94,74,1,1
P1,Faces94,evaluation,several_enrollment_photographs,male/ptnich,male/ptnich/ptnich.1.jpg,0,75,74,1,0
P1,Faces94,evaluation,several_enrollment_photographs,male/ptnich,male/ptnich/ptnich.2.jpg,0,74,74,1,0
P1,Faces94,evaluation,several_enrollment_photographs,male/ptnich,male/ptnich/ptnich.3.jpg,0,72,74,0,1
P1,Faces94,evaluation,several_enrollment_photographs,male/ptnich,male/ptnich/ptnich.4.jpg,0,76,74,1,0
P1,Faces94,evaluation,several_enrollment_photographs,male/ptnich,male/ptnich/ptnich.5.jpg,0,74,74,1,0
P1,Faces94,evaluation,several_enrollment_photographs,male/ptnich,male/ptnich/ptnich.6.jpg,0,72,74,0,1
P1,Faces94,evaluation,several_enrollment_photographs,male/ptnich,male/ptnich/ptnich.7.jpg,0,77,74,1,0
P1,Faces94,evaluation,several_enrollment_photographs,male/ptnich,male/ptnich/ptnich.8.jpg,0,69,74,0,1
P1,Faces94,evaluation,several_enrollment_photographs,male/ptnich,male/ptnich/ptnich.9.jpg,0,72,74,0,1
P1,Faces94,evaluation,several_enrollment_photographs,male/ptnich,male/ptnich/ptnich.10.jpg,0,72,74,0,1
P1,Faces94,evaluation,several_enrollment_photographs,male/ptnich,male/ptnich/ptnich.11.jpg,0,71,74,0,1
P1,Faces94,evaluation,several_enrollment_photographs,male/ptnich,male/ptnich/ptnich.12.jpg,0,67,74,0,1
P1,Faces94,evaluation,several_enrollment_photographs,male/ptnich,male/ptnich/ptnich.13.jpg,0,61,74,0,1
P1,Faces94,evaluation,several_enrollment_photographs,male/ptnich,male/ptnich/ptnich.14.jpg,0,67,74,0,1
P1,Faces94,evaluation,several_enrollment_photographs,male/ptnich,male/ptnich/ptnich.15.jpg,0,63,74,0,1
P1,Faces94,evaluation,several_enrollment_photographs,male/ptnich,male/ptnich/ptnich.16.jpg,0,73,74,0,1
P1,Faces94,evaluation,several_enrollment_photographs,male/ptnich,male/ptnich/ptnich.17.jpg,0,64,74,0,1
P1,Faces94,evaluation,several_enrollment_photographs,male/ptnich,male/ptnich/ptnich.18.jpg,0,66,74,0,1
P1,Faces94,evaluation,several_enrollment_photographs,male/ptnich,male/ptnich/ptnich.19.jpg,0,69,74,0,1
P1,Faces94,evaluation,several_enrollment_photographs,male/ptnich,male/ptnich/ptnich.20.jpg,0,69,74,0,1
P1,Faces94,evaluation,several_enrollment_photographs,male/rgharr,male/rgharr/rgharr.11.jpg,1,101,74,1,1
P1,Faces94,evaluation,several_enrollment_photographs,male/rgharr,male/rgharr/rgharr.12.jpg,1,101,74,1,1
P1,Faces94,evaluation,several_enrollment_photographs,male/rgharr,male/rgharr/rgharr.13.jpg,1,100,74,1,1
P1,Faces94,evaluation,several_enrollment_photographs,male/rgharr,male/rgharr/rgharr.14.jpg,1,99,74,1,1
P1,Faces94,evaluation,several_enrollment_photographs,male/rgharr,male/rgharr/rgharr.15.jpg,1,114,74,1,1
P1,Faces94,evaluation,several_enrollment_photographs,male/rgharr,male/rgharr/rgharr.16.jpg,1,102,74,1,1
P1,Faces94,evaluation,several_enrollment_photographs,male/rgharr,male/rgharr/rgharr.17.jpg,1,102,74,1,1
P1,Faces94,evaluation,several_enrollment_photographs,male/rgharr,male/rgharr/rgharr.18.jpg,1,102,74,1,1
P1,Faces94,evaluation,several_enrollment_photographs,male/rgharr,male/rgharr/rgharr.19.jpg,1,97,74,1,1
P1,Faces94,evaluation,several_enrollment_photographs,male/rgharr,male/rgharr/rgharr.20.jpg,1,102,74,1,1
P1,Faces94,evaluation,several_enrollment_photographs,male/rgspru,male/rgspru/rgspru.11.jpg,1,99,74,1,1
P1,Faces94,evaluation,several_enrollment_photographs,male/rgspru,male/rgspru/rgspru.12.jpg,1,113,74,1,1
P1,Faces94,evaluation,several_enrollment_photographs,male/rgspru,male/rgspru/rgspru.13.jpg,1,104,74,1,1
P1,Faces94,evaluation,several_enrollment_photographs,male/rgspru,male/rgspru/rgspru.14.jpg,1,87,74,1,1
P1,Faces94,evaluation,several_enrollment_photographs,male/rgspru,male/rgspru/rgspru.15.jpg,1,101,74,1,1
P1,Faces94,evaluation,several_enrollment_photographs,male/rgspru,male/rgspru/rgspru.16.jpg,1,98,74,1,1
P1,Faces94,evaluation,several_enrollment_photographs,male/rgspru,male/rgspru/rgspru.17.jpg,1,88,74,1,1
P1,Faces94,evaluation,several_enrollment_photographs,male/rgspru,male/rgspru/rgspru.18.jpg,1,102,74,1,1
P1,Faces94,evaluation,several_enrollment_photographs,male/rgspru,male/rgspru/rgspru.19.jpg,1,88,74,1,1
P1,Faces94,evaluation,several_enrollment_photographs,male/rgspru,male/rgspru/rgspru.20.jpg,1,87,74,1,1
P1,Faces94,evaluation,several_enrollment_photographs,male/rjlabr,male/rjlabr/rjlabr.11.jpg,1,110,74,1,1
P1,Faces94,evaluation,several_enrollment_photographs,male/rjlabr,male/rjlabr/rjlabr.12.jpg,1,109,74,1,1
P1,Faces94,evaluation,several_enrollment_photographs,male/rjlabr,male/rjlabr/rjlabr.13.jpg,1,104,74,1,1
P1,Faces94,evaluation,several_enrollment_photographs,male/rjlabr,male/rjlabr/rjlabr.14.jpg,1,107,74,1,1
P1,Faces94,evaluation,several_enrollment_photographs,male/rjlabr,male/rjlabr/rjlabr.15.jpg,1,74,74,1,1
P1,Faces94,evaluation,several_enrollment_photographs,male/rjlabr,male/rjlabr/rjlabr.16.jpg,1,99,74,1,1
P1,Faces94,evaluation,several_enrollment_photographs,male/rjlabr,male/rjlabr/rjlabr.17.jpg,1,106,74,1,1
P1,Faces94,evaluation,several_enrollment_photographs,male/rjlabr,male/rjlabr/rjlabr.18.jpg,1,105,74,1,1
P1,Faces94,evaluation,several_enrollment_photographs,male/rjlabr,male/rjlabr/rjlabr.19.jpg,1,111,74,1,1
P1,Faces94,evaluation,several_enrollment_photographs,male/rjlabr,male/rjlabr/rjlabr.20.jpg,1,99,74,1,1
P1,Faces94,evaluation,several_enrollment_photographs,male/rmcoll,male/rmcoll/rmcoll.11.jpg,1,79,74,1,1
P1,Faces94,evaluation,several_enrollment_photographs,male/rmcoll,male/rmcoll/rmcoll.12.jpg,1,63,74,0,0
P1,Faces94,evaluation,several_enrollment_photographs,male/rmcoll,male/rmcoll/rmcoll.13.jpg,1,71,74,0,0
P1,Faces94,evaluation,several_enrollment_photographs,male/rmcoll,male/rmcoll/rmcoll.14.jpg,1,68,74,0,0
P1,Faces94,evaluation,several_enrollment_photographs,male/rmcoll,male/rmcoll/rmcoll.15.jpg,1,73,74,0,0
P1,Faces94,evaluation,several_enrollment_photographs,male/rmcoll,male/rmcoll/rmcoll.16.jpg,1,79,74,1,1
P1,Faces94,evaluation,several_enrollment_photographs,male/rmcoll,male/rmcoll/rmcoll.17.jpg,1,77,74,1,1
P1,Faces94,evaluation,several_enrollment_photographs,male/rmcoll,male/rmcoll/rmcoll.18.jpg,1,90,74,1,1
P1,Faces94,evaluation,several_enrollment_photographs,male/rmcoll,male/rmcoll/rmcoll.19.jpg,1,69,74,0,0
P1,Faces94,evaluation,several_enrollment_photographs,male/rmcoll,male/rmcoll/rmcoll.20.jpg,1,73,74,0,0
P1,Faces94,evaluation,several_enrollment_photographs,male/rsanti,male/rsanti/rsanti.11.jpg,1,62,74,0,0
P1,Faces94,evaluation,several_enrollment_photographs,male/rsanti,male/rsanti/rsanti.12.jpg,1,76,74,1,1
P1,Faces94,evaluation,several_enrollment_photographs,male/rsanti,male/rsanti/rsanti.13.jpg,1,76,74,1,1
P1,Faces94,evaluation,several_enrollment_photographs,male/rsanti,male/rsanti/rsanti.14.jpg,1,71,74,0,0
P1,Faces94,evaluation,several_enrollment_photographs,male/rsanti,male/rsanti/rsanti.15.jpg,1,67,74,0,0
P1,Faces94,evaluation,several_enrollment_photographs,male/rsanti,male/rsanti/rsanti.16.jpg,1,74,74,1,1
P1,Faces94,evaluation,several_enrollment_photographs,male/rsanti,male/rsanti/rsanti.17.jpg,1,62,74,0,0
P1,Faces94,evaluation,several_enrollment_photographs,male/rsanti,male/rsanti/rsanti.18.jpg,1,61,74,0,0
P1,Faces94,evaluation,several_enrollment_photographs,male/rsanti,male/rsanti/rsanti.19.jpg,1,72,74,0,0
P1,Faces94,evaluation,several_enrollment_photographs,male/rsanti,male/rsanti/rsanti.20.jpg,1,68,74,0,0
P1,Faces94,evaluation,several_enrollment_photographs,male/saedwa,male/saedwa/saedwa.11.jpg,1,119,74,1,1
P1,Faces94,evaluation,several_enrollment_photographs,male/saedwa,male/saedwa/saedwa.12.jpg,1,126,74,1,1
P1,Faces94,evaluation,several_enrollment_photographs,male/saedwa,male/saedwa/saedwa.13.jpg,1,127,74,1,1
P1,Faces94,evaluation,several_enrollment_photographs,male/saedwa,male/saedwa/saedwa.14.jpg,1,128,74,1,1
P1,Faces94,evaluation,several_enrollment_photographs,male/saedwa,male/saedwa/saedwa.15.jpg,1,122,74,1,1
P1,Faces94,evaluation,several_enrollment_photographs,male/saedwa,male/saedwa/saedwa.16.jpg,1,124,74,1,1
P1,Faces94,evaluation,several_enrollment_photographs,male/saedwa,male/saedwa/saedwa.17.jpg,1,115,74,1,1
P1,Faces94,evaluation,several_enrollment_photographs,male/saedwa,male/saedwa/saedwa.18.jpg,1,119,74,1,1
P1,Faces94,evaluation,several_enrollment_photographs,male/saedwa,male/saedwa/saedwa.19.jpg,1,113,74,1,1
P1,Faces94,evaluation,several_enrollment_photographs,male/saedwa,male/saedwa/saedwa.20.jpg,1,122,74,1,1
P1,Faces94,evaluation,several_enrollment_photographs,male/skumar,male/skumar/skumar.11.jpg,1,97,74,1,1
P1,Faces94,evaluation,several_enrollment_photographs,male/skumar,male/skumar/skumar.12.jpg,1,99,74,1,1
P1,Faces94,evaluation,several_enrollment_photographs,male/skumar,male/skumar/skumar.13.jpg,1,86,74,1,1
P1,Faces94,evaluation,several_enrollment_photographs,male/skumar,male/skumar/skumar.14.jpg,1,96,74,1,1
P1,Faces94,evaluation,several_enrollment_photographs,male/skumar,male/skumar/skumar.15.jpg,1,85,74,1,1
P1,Faces94,evaluation,several_enrollment_photographs,male/skumar,male/skumar/skumar.16.jpg,1,91,74,1,1
P1,Faces94,evaluation,several_enrollment_photographs,male/skumar,male/skumar/skumar.17.jpg,1,100,74,1,1
P1,Faces94,evaluation,several_enrollment_photographs,male/skumar,male/skumar/skumar.18.jpg,1,97,74,1,1
P1,Faces94,evaluation,several_enrollment_photographs,male/skumar,male/skumar/skumar.19.jpg,1,95,74,1,1
P1,Faces94,evaluation,several_enrollment_photographs,male/skumar,male/skumar/skumar.20.jpg,1,94,74,1,1
P1,Faces94,evaluation,several_enrollment_photographs,male/smrobb,male/smrobb/smrobb.11.jpg,1,88,74,1,1
P1,Faces94,evaluation,several_enrollment_photographs,male/smrobb,male/smrobb/smrobb.12.jpg,1,83,74,1,1
P1,Faces94,evaluation,several_enrollment_photographs,male/smrobb,male/smrobb/smrobb.13.jpg,1,86,74,1,1
P1,Faces94,evaluation,several_enrollment_photographs,male/smrobb,male/smrobb/smrobb.14.jpg,1,87,74,1,1
P1,Faces94,evaluation,several_enrollment_photographs,male/smrobb,male/smrobb/smrobb.15.jpg,1,89,74,1,1
P1,Faces94,evaluation,several_enrollment_photographs,male/smrobb,male/smrobb/smrobb.16.jpg,1,81,74,1,1
P1,Faces94,evaluation,several_enrollment_photographs,male/smrobb,male/smrobb/smrobb.17.jpg,1,79,74,1,1
P1,Faces94,evaluation,several_enrollment_photographs,male/smrobb,male/smrobb/smrobb.18.jpg,1,84,74,1,1
P1,Faces94,evaluation,several_enrollment_photographs,male/smrobb,male/smrobb/smrobb.19.jpg,1,79,74,1,1
P1,Faces94,evaluation,several_enrollment_photographs,male/smrobb,male/smrobb/smrobb.20.jpg,1,80,74,1,1
P1,Faces94,evaluation,several_enrollment_photographs,male/svkriz,male/svkriz/svkriz.11.jpg,1,114,74,1,1
P1,Faces94,evaluation,several_enrollment_photographs,male/svkriz,male/svkriz/svkriz.12.jpg,1,103,74,1,1
P1,Faces94,evaluation,several_enrollment_photographs,male/svkriz,male/svkriz/svkriz.13.jpg,1,88,74,1,1
P1,Faces94,evaluation,several_enrollment_photographs,male/svkriz,male/svkriz/svkriz.14.jpg,1,81,74,1,1
P1,Faces94,evaluation,several_enrollment_photographs,male/svkriz,male/svkriz/svkriz.15.jpg,1,73,74,0,0
P1,Faces94,evaluation,several_enrollment_photographs,male/svkriz,male/svkriz/svkriz.16.jpg,1,94,74,1,1
P1,Faces94,evaluation,several_enrollment_photographs,male/svkriz,male/svkriz/svkriz.17.jpg,1,83,74,1,1
P1,Faces94,evaluation,several_enrollment_photographs,male/svkriz,male/svkriz/svkriz.18.jpg,1,81,74,1,1
P1,Faces94,evaluation,several_enrollment_photographs,male/svkriz,male/svkriz/svkriz.19.jpg,1,80,74,1,1
P1,Faces94,evaluation,several_enrollment_photographs,male/svkriz,male/svkriz/svkriz.20.jpg,1,84,74,1,1
P1,Faces94,evaluation,several_enrollment_photographs,male/swewin,male/swewin/swewin.11.jpg,1,103,74,1,1
P1,Faces94,evaluation,several_enrollment_photographs,male/swewin,male/swewin/swewin.12.jpg,1,100,74,1,1
P1,Faces94,evaluation,several_enrollment_photographs,male/swewin,male/swewin/swewin.13.jpg,1,106,74,1,1
P1,Faces94,evaluation,several_enrollment_photographs,male/swewin,male/swewin/swewin.14.jpg,1,113,74,1,1
P1,Faces94,evaluation,several_enrollment_photographs,male/swewin,male/swewin/swewin.15.jpg,1,113,74,1,1
P1,Faces94,evaluation,several_enrollment_photographs,male/swewin,male/swewin/swewin.16.jpg,1,107,74,1,1
P1,Faces94,evaluation,several_enrollment_photographs,male/swewin,male/swewin/swewin.17.jpg,1,85,74,1,1
P1,Faces94,evaluation,several_enrollment_photographs,male/swewin,male/swewin/swewin.18.jpg,1,104,74,1,1
P1,Faces94,evaluation,several_enrollment_photographs,male/swewin,male/swewin/swewin.19.jpg,1,91,74,1,1
P1,Faces94,evaluation,several_enrollment_photographs,male/swewin,male/swewin/swewin.20.jpg,1,98,74,1,1
P1,Faces94,evaluation,several_enrollment_photographs,male/swsmit,male/swsmit/swsmit.11.jpg,1,104,74,1,1
P1,Faces94,evaluation,several_enrollment_photographs,male/swsmit,male/swsmit/swsmit.12.jpg,1,93,74,1,1
P1,Faces94,evaluation,several_enrollment_photographs,male/swsmit,male/swsmit/swsmit.13.jpg,1,95,74,1,1
P1,Faces94,evaluation,several_enrollment_photographs,male/swsmit,male/swsmit/swsmit.14.jpg,1,96,74,1,1
P1,Faces94,evaluation,several_enrollment_photographs,male/swsmit,male/swsmit/swsmit.15.jpg,1,96,74,1,1
P1,Faces94,evaluation,several_enrollment_photographs,male/swsmit,male/swsmit/swsmit.16.jpg,1,86,74,1,1
P1,Faces94,evaluation,several_enrollment_photographs,male/swsmit,male/swsmit/swsmit.17.jpg,1,95,74,1,1
P1,Faces94,evaluation,several_enrollment_photographs,male/swsmit,male/swsmit/swsmit.18.jpg,1,89,74,1,1
P1,Faces94,evaluation,several_enrollment_photographs,male/swsmit,male/swsmit/swsmit.19.jpg,1,93,74,1,1
P1,Faces94,evaluation,several_enrollment_photographs,male/swsmit,male/swsmit/swsmit.20.jpg,1,93,74,1,1
P1,Faces94,evaluation,several_enrollment_photographs,male/vpsavo,male/vpsavo/vpsavo.11.jpg,1,95,74,1,1
P1,Faces94,evaluation,several_enrollment_photographs,male/vpsavo,male/vpsavo/vpsavo.12.jpg,1,90,74,1,1
P1,Faces94,evaluation,several_enrollment_photographs,male/vpsavo,male/vpsavo/vpsavo.13.jpg,1,95,74,1,1
P1,Faces94,evaluation,several_enrollment_photographs,male/vpsavo,male/vpsavo/vpsavo.14.jpg,1,90,74,1,1
P1,Faces94,evaluation,several_enrollment_photographs,male/vpsavo,male/vpsavo/vpsavo.15.jpg,1,87,74,1,1
P1,Faces94,evaluation,several_enrollment_photographs,male/vpsavo,male/vpsavo/vpsavo.16.jpg,1,87,74,1,1
P1,Faces94,evaluation,several_enrollment_photographs,male/vpsavo,male/vpsavo/vpsavo.17.jpg,1,84,74,1,1
P1,Faces94,evaluation,several_enrollment_photographs,male/vpsavo,male/vpsavo/vpsavo.18.jpg,1,86,74,1,1
P1,Faces94,evaluation,several_enrollment_photographs,male/vpsavo,male/vpsavo/vpsavo.19.jpg,1,86,74,1,1
P1,Faces94,evaluation,several_enrollment_photographs,male/vpsavo,male/vpsavo/vpsavo.20.jpg,1,90,74,1,1
P1,Faces94,evaluation,several_enrollment_photographs,male/wjalbe,male/wjalbe/wjalbe.11.jpg,1,101,74,1,1
P1,Faces94,evaluation,several_enrollment_photographs,male/wjalbe,male/wjalbe/wjalbe.12.jpg,1,85,74,1,1
P1,Faces94,evaluation,several_enrollment_photographs,male/wjalbe,male/wjalbe/wjalbe.13.jpg,1,98,74,1,1
P1,Faces94,evaluation,several_enrollment_photographs,male/wjalbe,male/wjalbe/wjalbe.14.jpg,1,104,74,1,1
P1,Faces94,evaluation,several_enrollment_photographs,male/wjalbe,male/wjalbe/wjalbe.15.jpg,1,97,74,1,1
P1,Faces94,evaluation,several_enrollment_photographs,male/wjalbe,male/wjalbe/wjalbe.16.jpg,1,89,74,1,1
P1,Faces94,evaluation,several_enrollment_photographs,male/wjalbe,male/wjalbe/wjalbe.17.jpg,1,89,74,1,1
P1,Faces94,evaluation,several_enrollment_photographs,male/wjalbe,male/wjalbe/wjalbe.18.jpg,1,102,74,1,1
P1,Faces94,evaluation,several_enrollment_photographs,male/wjalbe,male/wjalbe/wjalbe.19.jpg,1,93,74,1,1
P1,Faces94,evaluation,several_enrollment_photographs,male/wjalbe,male/wjalbe/wjalbe.20.jpg,1,84,74,1,1
P1,Faces94,evaluation,several_enrollment_photographs,malestaff/anonym1,malestaff/anonym1/anonym1.11.jpg,1,123,74,1,1
P1,Faces94,evaluation,several_enrollment_photographs,malestaff/anonym1,malestaff/anonym1/anonym1.12.jpg,1,108,74,1,1
P1,Faces94,evaluation,several_enrollment_photographs,malestaff/anonym1,malestaff/anonym1/anonym1.13.jpg,1,100,74,1,1
P1,Faces94,evaluation,several_enrollment_photographs,malestaff/anonym1,malestaff/anonym1/anonym1.14.jpg,1,111,74,1,1
P1,Faces94,evaluation,several_enrollment_photographs,malestaff/anonym1,malestaff/anonym1/anonym1.15.jpg,1,117,74,1,1
P1,Faces94,evaluation,several_enrollment_photographs,malestaff/anonym1,malestaff/anonym1/anonym1.16.jpg,1,125,74,1,1
P1,Faces94,evaluation,several_enrollment_photographs,malestaff/anonym1,malestaff/anonym1/anonym1.17.jpg,1,124,74,1,1
P1,Faces94,evaluation,several_enrollment_photographs,malestaff/anonym1,malestaff/anonym1/anonym1.18.jpg,1,129,74,1,1
P1,Faces94,evaluation,several_enrollment_photographs,malestaff/anonym1,malestaff/anonym1/anonym1.19.jpg,1,124,74,1,1
P1,Faces94,evaluation,several_enrollment_photographs,malestaff/anonym1,malestaff/anonym1/anonym1.20.jpg,1,130,74,1,1
P1,Faces94,evaluation,several_enrollment_photographs,malestaff/anonym2,malestaff/anonym2/anonym2.11.jpg,1,110,74,1,1
P1,Faces94,evaluation,several_enrollment_photographs,malestaff/anonym2,malestaff/anonym2/anonym2.12.jpg,1,103,74,1,1
P1,Faces94,evaluation,several_enrollment_photographs,malestaff/anonym2,malestaff/anonym2/anonym2.13.jpg,1,91,74,1,1
P1,Faces94,evaluation,several_enrollment_photographs,malestaff/anonym2,malestaff/anonym2/anonym2.14.jpg,1,89,74,1,1
P1,Faces94,evaluation,several_enrollment_photographs,malestaff/anonym2,malestaff/anonym2/anonym2.15.jpg,1,94,74,1,1
P1,Faces94,evaluation,several_enrollment_photographs,malestaff/anonym2,malestaff/anonym2/anonym2.16.jpg,1,102,74,1,1
P1,Faces94,evaluation,several_enrollment_photographs,malestaff/anonym2,malestaff/anonym2/anonym2.17.jpg,1,102,74,1,1
P1,Faces94,evaluation,several_enrollment_photographs,malestaff/anonym2,malestaff/anonym2/anonym2.18.jpg,1,98,74,1,1
P1,Faces94,evaluation,several_enrollment_photographs,malestaff/anonym2,malestaff/anonym2/anonym2.19.jpg,1,95,74,1,1
P1,Faces94,evaluation,several_enrollment_photographs,malestaff/anonym2,malestaff/anonym2/anonym2.20.jpg,1,103,74,1,1
P1,Faces94,evaluation,several_enrollment_photographs,malestaff/cwang,malestaff/cwang/cwang.11.jpg,1,114,74,1,1
P1,Faces94,evaluation,several_enrollment_photographs,malestaff/cwang,malestaff/cwang/cwang.12.jpg,1,103,74,1,1
P1,Faces94,evaluation,several_enrollment_photographs,malestaff/cwang,malestaff/cwang/cwang.13.jpg,1,97,74,1,1
P1,Faces94,evaluation,several_enrollment_photographs,malestaff/cwang,malestaff/cwang/cwang.14.jpg,1,96,74,1,1
P1,Faces94,evaluation,several_enrollment_photographs,malestaff/cwang,malestaff/cwang/cwang.15.jpg,1,78,74,1,1
P1,Faces94,evaluation,several_enrollment_photographs,malestaff/cwang,malestaff/cwang/cwang.16.jpg,1,83,74,1,1
P1,Faces94,evaluation,several_enrollment_photographs,malestaff/cwang,malestaff/cwang/cwang.17.jpg,1,85,74,1,1
P1,Faces94,evaluation,several_enrollment_photographs,malestaff/cwang,malestaff/cwang/cwang.18.jpg,1,95,74,1,1
P1,Faces94,evaluation,several_enrollment_photographs,malestaff/cwang,malestaff/cwang/cwang.19.jpg,1,96,74,1,1
P1,Faces94,evaluation,several_enrollment_photographs,malestaff/cwang,malestaff/cwang/cwang.20.jpg,1,93,74,1,1
P1,Faces94,evaluation,several_enrollment_photographs,malestaff/hensm,malestaff/hensm/hensm.11.jpg,1,97,74,1,1
P1,Faces94,evaluation,several_enrollment_photographs,malestaff/hensm,malestaff/hensm/hensm.12.jpg,1,113,74,1,1
P1,Faces94,evaluation,several_enrollment_photographs,malestaff/hensm,malestaff/hensm/hensm.13.jpg,1,117,74,1,1
P1,Faces94,evaluation,several_enrollment_photographs,malestaff/hensm,malestaff/hensm/hensm.14.jpg,1,105,74,1,1
P1,Faces94,evaluation,several_enrollment_photographs,malestaff/hensm,malestaff/hensm/hensm.15.jpg,1,102,74,1,1
P1,Faces94,evaluation,several_enrollment_photographs,malestaff/hensm,malestaff/hensm/hensm.16.jpg,1,87,74,1,1
P1,Faces94,evaluation,several_enrollment_photographs,malestaff/hensm,malestaff/hensm/hensm.17.jpg,1,88,74,1,1
P1,Faces94,evaluation,several_enrollment_photographs,malestaff/hensm,malestaff/hensm/hensm.18.jpg,1,90,74,1,1
P1,Faces94,evaluation,several_enrollment_photographs,malestaff/hensm,malestaff/hensm/hensm.19.jpg,1,88,74,1,1
P1,Faces94,evaluation,several_enrollment_photographs,malestaff/hensm,malestaff/hensm/hensm.20.jpg,1,79,74,1,1
P1,Faces94,evaluation,several_enrollment_photographs,malestaff/ieorf,malestaff/ieorf/ieorf.11.jpg,1,101,74,1,1
P1,Faces94,evaluation,several_enrollment_photographs,malestaff/ieorf,malestaff/ieorf/ieorf.12.jpg,1,87,74,1,1
P1,Faces94,evaluation,several_enrollment_photographs,malestaff/ieorf,malestaff/ieorf/ieorf.13.jpg,1,95,74,1,1
P1,Faces94,evaluation,several_enrollment_photographs,malestaff/ieorf,malestaff/ieorf/ieorf.14.jpg,1,87,74,1,1
P1,Faces94,evaluation,several_enrollment_photographs,malestaff/ieorf,malestaff/ieorf/ieorf.15.jpg,1,82,74,1,1
P1,Faces94,evaluation,several_enrollment_photographs,malestaff/ieorf,malestaff/ieorf/ieorf.16.jpg,1,76,74,1,1
P1,Faces94,evaluation,several_enrollment_photographs,malestaff/ieorf,malestaff/ieorf/ieorf.17.jpg,1,82,74,1,1
P1,Faces94,evaluation,several_enrollment_photographs,malestaff/ieorf,malestaff/ieorf/ieorf.18.jpg,1,89,74,1,1
P1,Faces94,evaluation,several_enrollment_photographs,malestaff/ieorf,malestaff/ieorf/ieorf.19.jpg,1,82,74,1,1
P1,Faces94,evaluation,several_enrollment_photographs,malestaff/ieorf,malestaff/ieorf/ieorf.20.jpg,1,87,74,1,1
P1,Faces94,evaluation,several_enrollment_photographs,malestaff/lyond,malestaff/lyond/lyond.1.jpg,0,65,74,0,1
P1,Faces94,evaluation,several_enrollment_photographs,malestaff/lyond,malestaff/lyond/lyond.2.jpg,0,69,74,0,1
P1,Faces94,evaluation,several_enrollment_photographs,malestaff/lyond,malestaff/lyond/lyond.3.jpg,0,65,74,0,1
P1,Faces94,evaluation,several_enrollment_photographs,malestaff/lyond,malestaff/lyond/lyond.4.jpg,0,67,74,0,1
P1,Faces94,evaluation,several_enrollment_photographs,malestaff/lyond,malestaff/lyond/lyond.5.jpg,0,71,74,0,1
P1,Faces94,evaluation,several_enrollment_photographs,malestaff/lyond,malestaff/lyond/lyond.6.jpg,0,67,74,0,1
P1,Faces94,evaluation,several_enrollment_photographs,malestaff/lyond,malestaff/lyond/lyond.7.jpg,0,63,74,0,1
P1,Faces94,evaluation,several_enrollment_photographs,malestaff/lyond,malestaff/lyond/lyond.8.jpg,0,64,74,0,1
P1,Faces94,evaluation,several_enrollment_photographs,malestaff/lyond,malestaff/lyond/lyond.9.jpg,0,61,74,0,1
P1,Faces94,evaluation,several_enrollment_photographs,malestaff/lyond,malestaff/lyond/lyond.10.jpg,0,62,74,0,1
P1,Faces94,evaluation,several_enrollment_photographs,malestaff/lyond,malestaff/lyond/lyond.11.jpg,0,69,74,0,1
P1,Faces94,evaluation,several_enrollment_photographs,malestaff/lyond,malestaff/lyond/lyond.12.jpg,0,66,74,0,1
P1,Faces94,evaluation,several_enrollment_photographs,malestaff/lyond,malestaff/lyond/lyond.13.jpg,0,67,74,0,1
P1,Faces94,evaluation,several_enrollment_photographs,malestaff/lyond,malestaff/lyond/lyond.14.jpg,0,69,74,0,1
P1,Faces94,evaluation,several_enrollment_photographs,malestaff/lyond,malestaff/lyond/lyond.15.jpg,0,66,74,0,1
P1,Faces94,evaluation,several_enrollment_photographs,malestaff/lyond,malestaff/lyond/lyond.16.jpg,0,66,74,0,1
P1,Faces94,evaluation,several_enrollment_photographs,malestaff/lyond,malestaff/lyond/lyond.17.jpg,0,64,74,0,1
P1,Faces94,evaluation,several_enrollment_photographs,malestaff/lyond,malestaff/lyond/lyond.18.jpg,0,65,74,0,1
P1,Faces94,evaluation,several_enrollment_photographs,malestaff/lyond,malestaff/lyond/lyond.19.jpg,0,68,74,0,1
P1,Faces94,evaluation,several_enrollment_photographs,malestaff/lyond,malestaff/lyond/lyond.20.jpg,0,69,74,0,1
P1,Faces94,evaluation,several_enrollment_photographs,malestaff/michael,malestaff/michael/michael.11.jpg,1,112,74,1,1
P1,Faces94,evaluation,several_enrollment_photographs,malestaff/michael,malestaff/michael/michael.12.jpg,1,117,74,1,1
P1,Faces94,evaluation,several_enrollment_photographs,malestaff/michael,malestaff/michael/michael.13.jpg,1,105,74,1,1
P1,Faces94,evaluation,several_enrollment_photographs,malestaff/michael,malestaff/michael/michael.14.jpg,1,108,74,1,1
P1,Faces94,evaluation,several_enrollment_photographs,malestaff/michael,malestaff/michael/michael.15.jpg,1,111,74,1,1
P1,Faces94,evaluation,several_enrollment_photographs,malestaff/michael,malestaff/michael/michael.16.jpg,1,93,74,1,1
P1,Faces94,evaluation,several_enrollment_photographs,malestaff/michael,malestaff/michael/michael.17.jpg,1,109,74,1,1
P1,Faces94,evaluation,several_enrollment_photographs,malestaff/michael,malestaff/michael/michael.18.jpg,1,102,74,1,1
P1,Faces94,evaluation,several_enrollment_photographs,malestaff/michael,malestaff/michael/michael.19.jpg,1,98,74,1,1
P1,Faces94,evaluation,several_enrollment_photographs,malestaff/michael,malestaff/michael/michael.20.jpg,1,107,74,1,1
P1,Faces94,evaluation,several_enrollment_photographs,malestaff/obeidn,malestaff/obeidn/obeidn.11.jpg,1,118,74,1,1
P1,Faces94,evaluation,several_enrollment_photographs,malestaff/obeidn,malestaff/obeidn/obeidn.12.jpg,1,107,74,1,1
P1,Faces94,evaluation,several_enrollment_photographs,malestaff/obeidn,malestaff/obeidn/obeidn.13.jpg,1,123,74,1,1
P1,Faces94,evaluation,several_enrollment_photographs,malestaff/obeidn,malestaff/obeidn/obeidn.14.jpg,1,115,74,1,1
P1,Faces94,evaluation,several_enrollment_photographs,malestaff/obeidn,malestaff/obeidn/obeidn.15.jpg,1,114,74,1,1
P1,Faces94,evaluation,several_enrollment_photographs,malestaff/obeidn,malestaff/obeidn/obeidn.16.jpg,1,109,74,1,1
P1,Faces94,evaluation,several_enrollment_photographs,malestaff/obeidn,malestaff/obeidn/obeidn.17.jpg,1,117,74,1,1
P1,Faces94,evaluation,several_enrollment_photographs,malestaff/obeidn,malestaff/obeidn/obeidn.18.jpg,1,118,74,1,1
P1,Faces94,evaluation,several_enrollment_photographs,malestaff/obeidn,malestaff/obeidn/obeidn.19.jpg,1,113,74,1,1
P1,Faces94,evaluation,several_enrollment_photographs,malestaff/obeidn,malestaff/obeidn/obeidn.20.jpg,1,114,74,1,1
P1,Faces94,evaluation,several_enrollment_photographs,malestaff/robin,malestaff/robin/robin.1.jpg,0,53,74,0,1
P1,Faces94,evaluation,several_enrollment_photographs,malestaff/robin,malestaff/robin/robin.2.jpg,0,57,74,0,1
P1,Faces94,evaluation,several_enrollment_photographs,malestaff/robin,malestaff/robin/robin.3.jpg,0,60,74,0,1
P1,Faces94,evaluation,several_enrollment_photographs,malestaff/robin,malestaff/robin/robin.4.jpg,0,58,74,0,1
P1,Faces94,evaluation,several_enrollment_photographs,malestaff/robin,malestaff/robin/robin.5.jpg,0,55,74,0,1
P1,Faces94,evaluation,several_enrollment_photographs,malestaff/robin,malestaff/robin/robin.6.jpg,0,60,74,0,1
P1,Faces94,evaluation,several_enrollment_photographs,malestaff/robin,malestaff/robin/robin.7.jpg,0,54,74,0,1
P1,Faces94,evaluation,several_enrollment_photographs,malestaff/robin,malestaff/robin/robin.8.jpg,0,60,74,0,1
P1,Faces94,evaluation,several_enrollment_photographs,malestaff/robin,malestaff/robin/robin.9.jpg,0,59,74,0,1
P1,Faces94,evaluation,several_enrollment_photographs,malestaff/robin,malestaff/robin/robin.10.jpg,0,61,74,0,1
P1,Faces94,evaluation,several_enrollment_photographs,malestaff/robin,malestaff/robin/robin.11.jpg,0,53,74,0,1
P1,Faces94,evaluation,several_enrollment_photographs,malestaff/robin,malestaff/robin/robin.12.jpg,0,51,74,0,1
P1,Faces94,evaluation,several_enrollment_photographs,malestaff/robin,malestaff/robin/robin.13.jpg,0,56,74,0,1
P1,Faces94,evaluation,several_enrollment_photographs,malestaff/robin,malestaff/robin/robin.14.jpg,0,60,74,0,1
P1,Faces94,evaluation,several_enrollment_photographs,malestaff/robin,malestaff/robin/robin.15.jpg,0,54,74,0,1
P1,Faces94,evaluation,several_enrollment_photographs,malestaff/robin,malestaff/robin/robin.16.jpg,0,54,74,0,1
P1,Faces94,evaluation,several_enrollment_photographs,malestaff/robin,malestaff/robin/robin.17.jpg,0,61,74,0,1
P1,Faces94,evaluation,several_enrollment_photographs,malestaff/robin,malestaff/robin/robin.18.jpg,0,61,74,0,1
P1,Faces94,evaluation,several_enrollment_photographs,malestaff/robin,malestaff/robin/robin.19.jpg,0,57,74,0,1
P1,Faces94,evaluation,several_enrollment_photographs,malestaff/robin,malestaff/robin/robin.20.jpg,0,56,74,0,1
P1,Faces94,evaluation,several_enrollment_photographs,malestaff/sandm,malestaff/sandm/sandm.11.jpg,1,127,74,1,1
P1,Faces94,evaluation,several_enrollment_photographs,malestaff/sandm,malestaff/sandm/sandm.12.jpg,1,87,74,1,1
P1,Faces94,evaluation,several_enrollment_photographs,malestaff/sandm,malestaff/sandm/sandm.13.jpg,1,104,74,1,1
P1,Faces94,evaluation,several_enrollment_photographs,malestaff/sandm,malestaff/sandm/sandm.14.jpg,1,105,74,1,1
P1,Faces94,evaluation,several_enrollment_photographs,malestaff/sandm,malestaff/sandm/sandm.15.jpg,1,92,74,1,1
P1,Faces94,evaluation,several_enrollment_photographs,malestaff/sandm,malestaff/sandm/sandm.16.jpg,1,95,74,1,1
P1,Faces94,evaluation,several_enrollment_photographs,malestaff/sandm,malestaff/sandm/sandm.17.jpg,1,91,74,1,1
P1,Faces94,evaluation,several_enrollment_photographs,malestaff/sandm,malestaff/sandm/sandm.18.jpg,1,85,74,1,1
P1,Faces94,evaluation,several_enrollment_photographs,malestaff/sandm,malestaff/sandm/sandm.19.jpg,1,105,74,1,1
P1,Faces94,evaluation,several_enrollment_photographs,malestaff/sandm,malestaff/sandm/sandm.20.jpg,1,89,74,1,1
P2,Faces94,evaluation,several_enrollment_photographs,female/9336923,female/9336923/9336923.11.jpg,1,40,13,1,1
P2,Faces94,evaluation,several_enrollment_photographs,female/9336923,female/9336923/9336923.12.jpg,1,29,13,1,1
P2,Faces94,evaluation,several_enrollment_photographs,female/9336923,female/9336923/9336923.13.jpg,1,30,13,1,1
P2,Faces94,evaluation,several_enrollment_photographs,female/9336923,female/9336923/9336923.14.jpg,1,30,13,1,1
P2,Faces94,evaluation,several_enrollment_photographs,female/9336923,female/9336923/9336923.15.jpg,1,35,13,1,1
P2,Faces94,evaluation,several_enrollment_photographs,female/9336923,female/9336923/9336923.16.jpg,1,33,13,1,1
P2,Faces94,evaluation,several_enrollment_photographs,female/9336923,female/9336923/9336923.17.jpg,1,31,13,1,1
P2,Faces94,evaluation,several_enrollment_photographs,female/9336923,female/9336923/9336923.18.jpg,1,23,13,1,1
P2,Faces94,evaluation,several_enrollment_photographs,female/9336923,female/9336923/9336923.19.jpg,1,33,13,1,1
P2,Faces94,evaluation,several_enrollment_photographs,female/9336923,female/9336923/9336923.20.jpg,1,33,13,1,1
P2,Faces94,evaluation,several_enrollment_photographs,female/astefa,female/astefa/astefa.11.jpg,1,33,13,1,1
P2,Faces94,evaluation,several_enrollment_photographs,female/astefa,female/astefa/astefa.12.jpg,1,36,13,1,1
P2,Faces94,evaluation,several_enrollment_photographs,female/astefa,female/astefa/astefa.13.jpg,1,34,13,1,1
P2,Faces94,evaluation,several_enrollment_photographs,female/astefa,female/astefa/astefa.14.jpg,1,28,13,1,1
P2,Faces94,evaluation,several_enrollment_photographs,female/astefa,female/astefa/astefa.15.jpg,1,31,13,1,1
P2,Faces94,evaluation,several_enrollment_photographs,female/astefa,female/astefa/astefa.16.jpg,1,30,13,1,1
P2,Faces94,evaluation,several_enrollment_photographs,female/astefa,female/astefa/astefa.17.jpg,1,35,13,1,1
P2,Faces94,evaluation,several_enrollment_photographs,female/astefa,female/astefa/astefa.18.jpg,1,28,13,1,1
P2,Faces94,evaluation,several_enrollment_photographs,female/astefa,female/astefa/astefa.19.jpg,1,19,13,1,1
P2,Faces94,evaluation,several_enrollment_photographs,female/astefa,female/astefa/astefa.20.jpg,1,28,13,1,1
P2,Faces94,evaluation,several_enrollment_photographs,female/elduns,female/elduns/elduns.11.jpg,1,30,13,1,1
P2,Faces94,evaluation,several_enrollment_photographs,female/elduns,female/elduns/elduns.12.jpg,1,28,13,1,1
P2,Faces94,evaluation,several_enrollment_photographs,female/elduns,female/elduns/elduns.13.jpg,1,40,13,1,1
P2,Faces94,evaluation,several_enrollment_photographs,female/elduns,female/elduns/elduns.14.jpg,1,35,13,1,1
P2,Faces94,evaluation,several_enrollment_photographs,female/elduns,female/elduns/elduns.15.jpg,1,31,13,1,1
P2,Faces94,evaluation,several_enrollment_photographs,female/elduns,female/elduns/elduns.16.jpg,1,32,13,1,1
P2,Faces94,evaluation,several_enrollment_photographs,female/elduns,female/elduns/elduns.17.jpg,1,33,13,1,1
P2,Faces94,evaluation,several_enrollment_photographs,female/elduns,female/elduns/elduns.18.jpg,1,33,13,1,1
P2,Faces94,evaluation,several_enrollment_photographs,female/elduns,female/elduns/elduns.19.jpg,1,18,13,1,1
P2,Faces94,evaluation,several_enrollment_photographs,female/elduns,female/elduns/elduns.20.jpg,1,31,13,1,1
P2,Faces94,evaluation,several_enrollment_photographs,female/ksunth,female/ksunth/ksunth.1.jpg,0,3,13,0,1
P2,Faces94,evaluation,several_enrollment_photographs,female/ksunth,female/ksunth/ksunth.9.jpg,0,7,13,0,1
P2,Faces94,evaluation,several_enrollment_photographs,female/ksunth,female/ksunth/ksunth.10.jpg,0,5,13,0,1
P2,Faces94,evaluation,several_enrollment_photographs,female/ksunth,female/ksunth/ksunth.11.jpg,0,4,13,0,1
P2,Faces94,evaluation,several_enrollment_photographs,female/ksunth,female/ksunth/ksunth.15.jpg,0,6,13,0,1
P2,Faces94,evaluation,several_enrollment_photographs,female/ksunth,female/ksunth/ksunth.16.jpg,0,4,13,0,1
P2,Faces94,evaluation,several_enrollment_photographs,female/ksunth,female/ksunth/ksunth.17.jpg,0,5,13,0,1
P2,Faces94,evaluation,several_enrollment_photographs,female/ksunth,female/ksunth/ksunth.19.jpg,0,5,13,0,1
P2,Faces94,evaluation,several_enrollment_photographs,female/ksunth,female/ksunth/ksunth.20.jpg,0,4,13,0,1
P2,Faces94,evaluation,several_enrollment_photographs,female/lfso,female/lfso/lfso.11.jpg,1,31,13,1,1
P2,Faces94,evaluation,several_enrollment_photographs,female/lfso,female/lfso/lfso.12.jpg,1,33,13,1,1
P2,Faces94,evaluation,several_enrollment_photographs,female/lfso,female/lfso/lfso.13.jpg,1,20,13,1,1
P2,Faces94,evaluation,several_enrollment_photographs,female/lfso,female/lfso/lfso.14.jpg,1,30,13,1,1
P2,Faces94,evaluation,several_enrollment_photographs,female/lfso,female/lfso/lfso.15.jpg,1,29,13,1,1
P2,Faces94,evaluation,several_enrollment_photographs,female/lfso,female/lfso/lfso.16.jpg,1,22,13,1,1
P2,Faces94,evaluation,several_enrollment_photographs,female/lfso,female/lfso/lfso.17.jpg,1,26,13,1,1
P2,Faces94,evaluation,several_enrollment_photographs,female/lfso,female/lfso/lfso.18.jpg,1,26,13,1,1
P2,Faces94,evaluation,several_enrollment_photographs,female/lfso,female/lfso/lfso.19.jpg,1,25,13,1,1
P2,Faces94,evaluation,several_enrollment_photographs,female/lfso,female/lfso/lfso.20.jpg,1,25,13,1,1
P2,Faces94,evaluation,several_enrollment_photographs,female/sbains,female/sbains/sbains.11.jpg,1,26,13,1,1
P2,Faces94,evaluation,several_enrollment_photographs,female/sbains,female/sbains/sbains.12.jpg,1,24,13,1,1
P2,Faces94,evaluation,several_enrollment_photographs,female/sbains,female/sbains/sbains.13.jpg,1,21,13,1,1
P2,Faces94,evaluation,several_enrollment_photographs,female/sbains,female/sbains/sbains.14.jpg,1,28,13,1,1
P2,Faces94,evaluation,several_enrollment_photographs,female/sbains,female/sbains/sbains.15.jpg,1,24,13,1,1
P2,Faces94,evaluation,several_enrollment_photographs,female/sbains,female/sbains/sbains.16.jpg,1,27,13,1,1
P2,Faces94,evaluation,several_enrollment_photographs,female/sbains,female/sbains/sbains.17.jpg,1,17,13,1,1
P2,Faces94,evaluation,several_enrollment_photographs,female/sbains,female/sbains/sbains.18.jpg,1,22,13,1,1
P2,Faces94,evaluation,several_enrollment_photographs,female/sbains,female/sbains/sbains.19.jpg,1,19,13,1,1
P2,Faces94,evaluation,several_enrollment_photographs,female/sbains,female/sbains/sbains.20.jpg,1,21,13,1,1
P2,Faces94,evaluation,several_enrollment_photographs,male/9326871,male/9326871/9326871.11.jpg,1,15,13,1,1
P2,Faces94,evaluation,several_enrollment_photographs,male/9326871,male/9326871/9326871.12.jpg,1,20,13,1,1
P2,Faces94,evaluation,several_enrollment_photographs,male/9326871,male/9326871/9326871.13.jpg,1,24,13,1,1
P2,Faces94,evaluation,several_enrollment_photographs,male/9326871,male/9326871/9326871.14.jpg,1,24,13,1,1
P2,Faces94,evaluation,several_enrollment_photographs,male/9326871,male/9326871/9326871.15.jpg,1,21,13,1,1
P2,Faces94,evaluation,several_enrollment_photographs,male/9326871,male/9326871/9326871.16.jpg,1,21,13,1,1
P2,Faces94,evaluation,several_enrollment_photographs,male/9326871,male/9326871/9326871.17.jpg,1,16,13,1,1
P2,Faces94,evaluation,several_enrollment_photographs,male/9326871,male/9326871/9326871.18.jpg,1,21,13,1,1
P2,Faces94,evaluation,several_enrollment_photographs,male/9326871,male/9326871/9326871.19.jpg,1,28,13,1,1
P2,Faces94,evaluation,several_enrollment_photographs,male/9326871,male/9326871/9326871.20.jpg,1,28,13,1,1
P2,Faces94,evaluation,several_enrollment_photographs,male/9332898,male/9332898/9332898.1.jpg,0,16,13,1,0
P2,Faces94,evaluation,several_enrollment_photographs,male/9332898,male/9332898/9332898.2.jpg,0,15,13,1,0
P2,Faces94,evaluation,several_enrollment_photographs,male/9332898,male/9332898/9332898.3.jpg,0,11,13,0,1
P2,Faces94,evaluation,several_enrollment_photographs,male/9332898,male/9332898/9332898.4.jpg,0,10,13,0,1
P2,Faces94,evaluation,several_enrollment_photographs,male/9332898,male/9332898/9332898.5.jpg,0,15,13,1,0
P2,Faces94,evaluation,several_enrollment_photographs,male/9332898,male/9332898/9332898.6.jpg,0,17,13,1,0
P2,Faces94,evaluation,several_enrollment_photographs,male/9332898,male/9332898/9332898.7.jpg,0,16,13,1,0
P2,Faces94,evaluation,several_enrollment_photographs,male/9332898,male/9332898/9332898.8.jpg,0,12,13,0,1
P2,Faces94,evaluation,several_enrollment_photographs,male/9332898,male/9332898/9332898.9.jpg,0,16,13,1,0
P2,Faces94,evaluation,several_enrollment_photographs,male/9332898,male/9332898/9332898.10.jpg,0,17,13,1,0
P2,Faces94,evaluation,several_enrollment_photographs,male/9332898,male/9332898/9332898.11.jpg,0,14,13,1,0
P2,Faces94,evaluation,several_enrollment_photographs,male/9332898,male/9332898/9332898.12.jpg,0,13,13,1,0
P2,Faces94,evaluation,several_enrollment_photographs,male/9332898,male/9332898/9332898.13.jpg,0,17,13,1,0
P2,Faces94,evaluation,several_enrollment_photographs,male/9332898,male/9332898/9332898.14.jpg,0,17,13,1,0
P2,Faces94,evaluation,several_enrollment_photographs,male/9332898,male/9332898/9332898.15.jpg,0,17,13,1,0
P2,Faces94,evaluation,several_enrollment_photographs,male/9332898,male/9332898/9332898.16.jpg,0,16,13,1,0
P2,Faces94,evaluation,several_enrollment_photographs,male/9332898,male/9332898/9332898.17.jpg,0,17,13,1,0
P2,Faces94,evaluation,several_enrollment_photographs,male/9332898,male/9332898/9332898.18.jpg,0,18,13,1,0
P2,Faces94,evaluation,several_enrollment_photographs,male/9332898,male/9332898/9332898.19.jpg,0,20,13,1,0
P2,Faces94,evaluation,several_enrollment_photographs,male/9332898,male/9332898/9332898.20.jpg,0,16,13,1,0
P2,Faces94,evaluation,several_enrollment_photographs,male/9338462,male/9338462/9338462.11.jpg,1,31,13,1,1
P2,Faces94,evaluation,several_enrollment_photographs,male/9338462,male/9338462/9338462.12.jpg,1,33,13,1,1
P2,Faces94,evaluation,several_enrollment_photographs,male/9338462,male/9338462/9338462.13.jpg,1,31,13,1,1
P2,Faces94,evaluation,several_enrollment_photographs,male/9338462,male/9338462/9338462.14.jpg,1,34,13,1,1
P2,Faces94,evaluation,several_enrollment_photographs,male/9338462,male/9338462/9338462.15.jpg,1,30,13,1,1
P2,Faces94,evaluation,several_enrollment_photographs,male/9338462,male/9338462/9338462.16.jpg,1,32,13,1,1
P2,Faces94,evaluation,several_enrollment_photographs,male/9338462,male/9338462/9338462.17.jpg,1,29,13,1,1
P2,Faces94,evaluation,several_enrollment_photographs,male/9338462,male/9338462/9338462.18.jpg,1,35,13,1,1
P2,Faces94,evaluation,several_enrollment_photographs,male/9338462,male/9338462/9338462.19.jpg,1,25,13,1,1
P2,Faces94,evaluation,several_enrollment_photographs,male/9338462,male/9338462/9338462.20.jpg,1,23,13,1,1
P2,Faces94,evaluation,several_enrollment_photographs,male/9338519,male/9338519/9338519.11.jpg,1,23,13,1,1
P2,Faces94,evaluation,several_enrollment_photographs,male/9338519,male/9338519/9338519.12.jpg,1,20,13,1,1
P2,Faces94,evaluation,several_enrollment_photographs,male/9338519,male/9338519/9338519.13.jpg,1,23,13,1,1
P2,Faces94,evaluation,several_enrollment_photographs,male/9338519,male/9338519/9338519.14.jpg,1,24,13,1,1
P2,Faces94,evaluation,several_enrollment_photographs,male/9338519,male/9338519/9338519.15.jpg,1,26,13,1,1
P2,Faces94,evaluation,several_enrollment_photographs,male/9338519,male/9338519/9338519.16.jpg,1,25,13,1,1
P2,Faces94,evaluation,several_enrollment_photographs,male/9338519,male/9338519/9338519.17.jpg,1,22,13,1,1
P2,Faces94,evaluation,several_enrollment_photographs,male/9338519,male/9338519/9338519.18.jpg,1,26,13,1,1
P2,Faces94,evaluation,several_enrollment_photographs,male/9338519,male/9338519/9338519.19.jpg,1,19,13,1,1
P2,Faces94,evaluation,several_enrollment_photographs,male/9338519,male/9338519/9338519.20.jpg,1,22,13,1,1
P2,Faces94,evaluation,several_enrollment_photographs,male/9338527,male/9338527/9338527.11.jpg,1,19,13,1,1
P2,Faces94,evaluation,several_enrollment_photographs,male/9338527,male/9338527/9338527.12.jpg,1,25,13,1,1
P2,Faces94,evaluation,several_enrollment_photographs,male/9338527,male/9338527/9338527.13.jpg,1,22,13,1,1
P2,Faces94,evaluation,several_enrollment_photographs,male/9338527,male/9338527/9338527.14.jpg,1,18,13,1,1
P2,Faces94,evaluation,several_enrollment_photographs,male/9338527,male/9338527/9338527.15.jpg,1,18,13,1,1
P2,Faces94,evaluation,several_enrollment_photographs,male/9338527,male/9338527/9338527.16.jpg,1,15,13,1,1
P2,Faces94,evaluation,several_enrollment_photographs,male/9338527,male/9338527/9338527.17.jpg,1,22,13,1,1
P2,Faces94,evaluation,several_enrollment_photographs,male/9338527,male/9338527/9338527.18.jpg,1,28,13,1,1
P2,Faces94,evaluation,several_enrollment_photographs,male/9338527,male/9338527/9338527.19.jpg,1,15,13,1,1
P2,Faces94,evaluation,several_enrollment_photographs,male/9338527,male/9338527/9338527.20.jpg,1,22,13,1,1
P2,Faces94,evaluation,several_enrollment_photographs,male/9416994,male/9416994/9416994.11.jpg,1,13,13,1,1
P2,Faces94,evaluation,several_enrollment_photographs,male/9416994,male/9416994/9416994.12.jpg,1,19,13,1,1
P2,Faces94,evaluation,several_enrollment_photographs,male/9416994,male/9416994/9416994.13.jpg,1,32,13,1,1
P2,Faces94,evaluation,several_enrollment_photographs,male/9416994,male/9416994/9416994.14.jpg,1,26,13,1,1
P2,Faces94,evaluation,several_enrollment_photographs,male/9416994,male/9416994/9416994.15.jpg,1,26,13,1,1
P2,Faces94,evaluation,several_enrollment_photographs,male/9416994,male/9416994/9416994.16.jpg,1,29,13,1,1
P2,Faces94,evaluation,several_enrollment_photographs,male/9416994,male/9416994/9416994.17.jpg,1,15,13,1,1
P2,Faces94,evaluation,several_enrollment_photographs,male/9416994,male/9416994/9416994.18.jpg,1,27,13,1,1
P2,Faces94,evaluation,several_enrollment_photographs,male/9416994,male/9416994/9416994.19.jpg,1,12,13,0,0
P2,Faces94,evaluation,several_enrollment_photographs,male/9416994,male/9416994/9416994.20.jpg,1,18,13,1,1
P2,Faces94,evaluation,several_enrollment_photographs,male/admars,male/admars/admars.11.jpg,1,31,13,1,1
P2,Faces94,evaluation,several_enrollment_photographs,male/admars,male/admars/admars.12.jpg,1,29,13,1,1
P2,Faces94,evaluation,several_enrollment_photographs,male/admars,male/admars/admars.13.jpg,1,25,13,1,1
P2,Faces94,evaluation,several_enrollment_photographs,male/admars,male/admars/admars.14.jpg,1,31,13,1,1
P2,Faces94,evaluation,several_enrollment_photographs,male/admars,male/admars/admars.15.jpg,1,31,13,1,1
P2,Faces94,evaluation,several_enrollment_photographs,male/admars,male/admars/admars.16.jpg,1,28,13,1,1
P2,Faces94,evaluation,several_enrollment_photographs,male/admars,male/admars/admars.17.jpg,1,26,13,1,1
P2,Faces94,evaluation,several_enrollment_photographs,male/admars,male/admars/admars.18.jpg,1,32,13,1,1
P2,Faces94,evaluation,several_enrollment_photographs,male/admars,male/admars/admars.19.jpg,1,36,13,1,1
P2,Faces94,evaluation,several_enrollment_photographs,male/admars,male/admars/admars.20.jpg,1,31,13,1,1
P2,Faces94,evaluation,several_enrollment_photographs,male/ahodki,male/ahodki/ahodki.11.jpg,1,21,13,1,1
P2,Faces94,evaluation,several_enrollment_photographs,male/ahodki,male/ahodki/ahodki.12.jpg,1,19,13,1,1
P2,Faces94,evaluation,several_enrollment_photographs,male/ahodki,male/ahodki/ahodki.13.jpg,1,17,13,1,1
P2,Faces94,evaluation,several_enrollment_photographs,male/ahodki,male/ahodki/ahodki.14.jpg,1,16,13,1,1
P2,Faces94,evaluation,several_enrollment_photographs,male/ahodki,male/ahodki/ahodki.15.jpg,1,18,13,1,1
P2,Faces94,evaluation,several_enrollment_photographs,male/ahodki,male/ahodki/ahodki.16.jpg,1,18,13,1,1
P2,Faces94,evaluation,several_enrollment_photographs,male/ahodki,male/ahodki/ahodki.17.jpg,1,16,13,1,1
P2,Faces94,evaluation,several_enrollment_photographs,male/ahodki,male/ahodki/ahodki.18.jpg,1,15,13,1,1
P2,Faces94,evaluation,several_enrollment_photographs,male/ahodki,male/ahodki/ahodki.19.jpg,1,17,13,1,1
P2,Faces94,evaluation,several_enrollment_photographs,male/ahodki,male/ahodki/ahodki.20.jpg,1,19,13,1,1
P2,Faces94,evaluation,several_enrollment_photographs,male/ajflem,male/ajflem/ajflem.11.jpg,1,33,13,1,1
P2,Faces94,evaluation,several_enrollment_photographs,male/ajflem,male/ajflem/ajflem.12.jpg,1,27,13,1,1
P2,Faces94,evaluation,several_enrollment_photographs,male/ajflem,male/ajflem/ajflem.13.jpg,1,26,13,1,1
P2,Faces94,evaluation,several_enrollment_photographs,male/ajflem,male/ajflem/ajflem.14.jpg,1,37,13,1,1
P2,Faces94,evaluation,several_enrollment_photographs,male/ajflem,male/ajflem/ajflem.15.jpg,1,33,13,1,1
P2,Faces94,evaluation,several_enrollment_photographs,male/ajflem,male/ajflem/ajflem.16.jpg,1,31,13,1,1
P2,Faces94,evaluation,several_enrollment_photographs,male/ajflem,male/ajflem/ajflem.17.jpg,1,36,13,1,1
P2,Faces94,evaluation,several_enrollment_photographs,male/ajflem,male/ajflem/ajflem.18.jpg,1,30,13,1,1
P2,Faces94,evaluation,several_enrollment_photographs,male/ajflem,male/ajflem/ajflem.19.jpg,1,25,13,1,1
P2,Faces94,evaluation,several_enrollment_photographs,male/ajflem,male/ajflem/ajflem.20.jpg,1,32,13,1,1
P2,Faces94,evaluation,several_enrollment_photographs,male/ajones,male/ajones/ajones.1.jpg,0,14,13,1,0
P2,Faces94,evaluation,several_enrollment_photographs,male/ajones,male/ajones/ajones.2.jpg,0,11,13,0,1
P2,Faces94,evaluation,several_enrollment_photographs,male/ajones,male/ajones/ajones.3.jpg,0,11,13,0,1
P2,Faces94,evaluation,several_enrollment_photographs,male/ajones,male/ajones/ajones.4.jpg,0,8,13,0,1
P2,Faces94,evaluation,several_enrollment_photographs,male/ajones,male/ajones/ajones.5.jpg,0,8,13,0,1
P2,Faces94,evaluation,several_enrollment_photographs,male/ajones,male/ajones/ajones.6.jpg,0,13,13,1,0
P2,Faces94,evaluation,several_enrollment_photographs,male/ajones,male/ajones/ajones.7.jpg,0,9,13,0,1
P2,Faces94,evaluation,several_enrollment_photographs,male/ajones,male/ajones/ajones.8.jpg,0,9,13,0,1
P2,Faces94,evaluation,several_enrollment_photographs,male/ajones,male/ajones/ajones.9.jpg,0,12,13,0,1
P2,Faces94,evaluation,several_enrollment_photographs,male/ajones,male/ajones/ajones.10.jpg,0,11,13,0,1
P2,Faces94,evaluation,several_enrollment_photographs,male/ajones,male/ajones/ajones.11.jpg,0,6,13,0,1
P2,Faces94,evaluation,several_enrollment_photographs,male/ajones,male/ajones/ajones.12.jpg,0,11,13,0,1
P2,Faces94,evaluation,several_enrollment_photographs,male/ajones,male/ajones/ajones.13.jpg,0,8,13,0,1
P2,Faces94,evaluation,several_enrollment_photographs,male/ajones,male/ajones/ajones.14.jpg,0,10,13,0,1
P2,Faces94,evaluation,several_enrollment_photographs,male/ajones,male/ajones/ajones.15.jpg,0,12,13,0,1
P2,Faces94,evaluation,several_enrollment_photographs,male/ajones,male/ajones/ajones.16.jpg,0,8,13,0,1
P2,Faces94,evaluation,several_enrollment_photographs,male/ajones,male/ajones/ajones.17.jpg,0,11,13,0,1
P2,Faces94,evaluation,several_enrollment_photographs,male/ajones,male/ajones/ajones.18.jpg,0,12,13,0,1
P2,Faces94,evaluation,several_enrollment_photographs,male/ajones,male/ajones/ajones.19.jpg,0,10,13,0,1
P2,Faces94,evaluation,several_enrollment_photographs,male/ajones,male/ajones/ajones.20.jpg,0,8,13,0,1
P2,Faces94,evaluation,several_enrollment_photographs,male/ajsega,male/ajsega/ajsega.1.jpg,0,5,13,0,1
P2,Faces94,evaluation,several_enrollment_photographs,male/ajsega,male/ajsega/ajsega.2.jpg,0,5,13,0,1
P2,Faces94,evaluation,several_enrollment_photographs,male/ajsega,male/ajsega/ajsega.3.jpg,0,2,13,0,1
P2,Faces94,evaluation,several_enrollment_photographs,male/ajsega,male/ajsega/ajsega.4.jpg,0,7,13,0,1
P2,Faces94,evaluation,several_enrollment_photographs,male/ajsega,male/ajsega/ajsega.5.jpg,0,5,13,0,1
P2,Faces94,evaluation,several_enrollment_photographs,male/ajsega,male/ajsega/ajsega.6.jpg,0,4,13,0,1
P2,Faces94,evaluation,several_enrollment_photographs,male/ajsega,male/ajsega/ajsega.7.jpg,0,6,13,0,1
P2,Faces94,evaluation,several_enrollment_photographs,male/ajsega,male/ajsega/ajsega.8.jpg,0,6,13,0,1
P2,Faces94,evaluation,several_enrollment_photographs,male/ajsega,male/ajsega/ajsega.9.jpg,0,7,13,0,1
P2,Faces94,evaluation,several_enrollment_photographs,male/ajsega,male/ajsega/ajsega.10.jpg,0,8,13,0,1
P2,Faces94,evaluation,several_enrollment_photographs,male/ajsega,male/ajsega/ajsega.11.jpg,0,5,13,0,1
P2,Faces94,evaluation,several_enrollment_photographs,male/ajsega,male/ajsega/ajsega.12.jpg,0,6,13,0,1
P2,Faces94,evaluation,several_enrollment_photographs,male/ajsega,male/ajsega/ajsega.13.jpg,0,10,13,0,1
P2,Faces94,evaluation,several_enrollment_photographs,male/ajsega,male/ajsega/ajsega.14.jpg,0,12,13,0,1
P2,Faces94,evaluation,several_enrollment_photographs,male/ajsega,male/ajsega/ajsega.15.jpg,0,8,13,0,1
P2,Faces94,evaluation,several_enrollment_photographs,male/ajsega,male/ajsega/ajsega.16.jpg,0,8,13,0,1
P2,Faces94,evaluation,several_enrollment_photographs,male/ajsega,male/ajsega/ajsega.17.jpg,0,7,13,0,1
P2,Faces94,evaluation,several_enrollment_photographs,male/ajsega,male/ajsega/ajsega.18.jpg,0,8,13,0,1
P2,Faces94,evaluation,several_enrollment_photographs,male/ajsega,male/ajsega/ajsega.19.jpg,0,7,13,0,1
P2,Faces94,evaluation,several_enrollment_photographs,male/ajsega,male/ajsega/ajsega.20.jpg,0,8,13,0,1
P2,Faces94,evaluation,several_enrollment_photographs,male/akatsi,male/akatsi/akatsi.11.jpg,1,36,13,1,1
P2,Faces94,evaluation,several_enrollment_photographs,male/akatsi,male/akatsi/akatsi.12.jpg,1,26,13,1,1
P2,Faces94,evaluation,several_enrollment_photographs,male/akatsi,male/akatsi/akatsi.13.jpg,1,32,13,1,1
P2,Faces94,evaluation,several_enrollment_photographs,male/akatsi,male/akatsi/akatsi.14.jpg,1,25,13,1,1
P2,Faces94,evaluation,several_enrollment_photographs,male/akatsi,male/akatsi/akatsi.15.jpg,1,26,13,1,1
P2,Faces94,evaluation,several_enrollment_photographs,male/akatsi,male/akatsi/akatsi.16.jpg,1,33,13,1,1
P2,Faces94,evaluation,several_enrollment_photographs,male/akatsi,male/akatsi/akatsi.17.jpg,1,32,13,1,1
P2,Faces94,evaluation,several_enrollment_photographs,male/akatsi,male/akatsi/akatsi.18.jpg,1,31,13,1,1
P2,Faces94,evaluation,several_enrollment_photographs,male/akatsi,male/akatsi/akatsi.19.jpg,1,31,13,1,1
P2,Faces94,evaluation,several_enrollment_photographs,male/akatsi,male/akatsi/akatsi.20.jpg,1,30,13,1,1
P2,Faces94,evaluation,several_enrollment_photographs,male/cchris,male/cchris/cchris.1.jpg,0,11,13,0,1
P2,Faces94,evaluation,several_enrollment_photographs,male/cchris,male/cchris/cchris.2.jpg,0,11,13,0,1
P2,Faces94,evaluation,several_enrollment_photographs,male/cchris,male/cchris/cchris.3.jpg,0,12,13,0,1
P2,Faces94,evaluation,several_enrollment_photographs,male/cchris,male/cchris/cchris.4.jpg,0,11,13,0,1
P2,Faces94,evaluation,several_enrollment_photographs,male/cchris,male/cchris/cchris.5.jpg,0,14,13,1,0
P2,Faces94,evaluation,several_enrollment_photographs,male/cchris,male/cchris/cchris.6.jpg,0,8,13,0,1
P2,Faces94,evaluation,several_enrollment_photographs,male/cchris,male/cchris/cchris.7.jpg,0,10,13,0,1
P2,Faces94,evaluation,several_enrollment_photographs,male/cchris,male/cchris/cchris.8.jpg,0,10,13,0,1
P2,Faces94,evaluation,several_enrollment_photographs,male/cchris,male/cchris/cchris.9.jpg,0,12,13,0,1
P2,Faces94,evaluation,several_enrollment_photographs,male/cchris,male/cchris/cchris.10.jpg,0,9,13,0,1
P2,Faces94,evaluation,several_enrollment_photographs,male/cchris,male/cchris/cchris.11.jpg,0,8,13,0,1
P2,Faces94,evaluation,several_enrollment_photographs,male/cchris,male/cchris/cchris.12.jpg,0,5,13,0,1
P2,Faces94,evaluation,several_enrollment_photographs,male/cchris,male/cchris/cchris.13.jpg,0,10,13,0,1
P2,Faces94,evaluation,several_enrollment_photographs,male/cchris,male/cchris/cchris.14.jpg,0,6,13,0,1
P2,Faces94,evaluation,several_enrollment_photographs,male/cchris,male/cchris/cchris.15.jpg,0,12,13,0,1
P2,Faces94,evaluation,several_enrollment_photographs,male/cchris,male/cchris/cchris.16.jpg,0,5,13,0,1
P2,Faces94,evaluation,several_enrollment_photographs,male/cchris,male/cchris/cchris.17.jpg,0,9,13,0,1
P2,Faces94,evaluation,several_enrollment_photographs,male/cchris,male/cchris/cchris.18.jpg,0,13,13,1,0
P2,Faces94,evaluation,several_enrollment_photographs,male/cchris,male/cchris/cchris.19.jpg,0,7,13,0,1
P2,Faces94,evaluation,several_enrollment_photographs,male/cchris,male/cchris/cchris.20.jpg,0,9,13,0,1
P2,Faces94,evaluation,several_enrollment_photographs,male/ccjame,male/ccjame/ccjame.1.jpg,0,10,13,0,1
P2,Faces94,evaluation,several_enrollment_photographs,male/ccjame,male/ccjame/ccjame.2.jpg,0,6,13,0,1
P2,Faces94,evaluation,several_enrollment_photographs,male/ccjame,male/ccjame/ccjame.3.jpg,0,10,13,0,1
P2,Faces94,evaluation,several_enrollment_photographs,male/ccjame,male/ccjame/ccjame.4.jpg,0,11,13,0,1
P2,Faces94,evaluation,several_enrollment_photographs,male/ccjame,male/ccjame/ccjame.5.jpg,0,10,13,0,1
P2,Faces94,evaluation,several_enrollment_photographs,male/ccjame,male/ccjame/ccjame.6.jpg,0,10,13,0,1
P2,Faces94,evaluation,several_enrollment_photographs,male/ccjame,male/ccjame/ccjame.7.jpg,0,8,13,0,1
P2,Faces94,evaluation,several_enrollment_photographs,male/ccjame,male/ccjame/ccjame.8.jpg,0,7,13,0,1
P2,Faces94,evaluation,several_enrollment_photographs,male/ccjame,male/ccjame/ccjame.9.jpg,0,10,13,0,1
P2,Faces94,evaluation,several_enrollment_photographs,male/ccjame,male/ccjame/ccjame.10.jpg,0,10,13,0,1
P2,Faces94,evaluation,several_enrollment_photographs,male/ccjame,male/ccjame/ccjame.11.jpg,0,18,13,1,0
P2,Faces94,evaluation,several_enrollment_photographs,male/ccjame,male/ccjame/ccjame.12.jpg,0,18,13,1,0
P2,Faces94,evaluation,several_enrollment_photographs,male/ccjame,male/ccjame/ccjame.13.jpg,0,17,13,1,0
P2,Faces94,evaluation,several_enrollment_photographs,male/ccjame,male/ccjame/ccjame.14.jpg,0,14,13,1,0
P2,Faces94,evaluation,several_enrollment_photographs,male/ccjame,male/ccjame/ccjame.15.jpg,0,11,13,0,1
P2,Faces94,evaluation,several_enrollment_photographs,male/ccjame,male/ccjame/ccjame.16.jpg,0,16,13,1,0
P2,Faces94,evaluation,several_enrollment_photographs,male/ccjame,male/ccjame/ccjame.17.jpg,0,16,13,1,0
P2,Faces94,evaluation,several_enrollment_photographs,male/ccjame,male/ccjame/ccjame.18.jpg,0,12,13,0,1
P2,Faces94,evaluation,several_enrollment_photographs,male/ccjame,male/ccjame/ccjame.19.jpg,0,12,13,0,1
P2,Faces94,evaluation,several_enrollment_photographs,male/ccjame,male/ccjame/ccjame.20.jpg,0,13,13,1,0
P2,Faces94,evaluation,several_enrollment_photographs,male/cferdo,male/cferdo/cferdo.11.jpg,1,38,13,1,1
P2,Faces94,evaluation,several_enrollment_photographs,male/cferdo,male/cferdo/cferdo.12.jpg,1,27,13,1,1
P2,Faces94,evaluation,several_enrollment_photographs,male/cferdo,male/cferdo/cferdo.13.jpg,1,21,13,1,1
P2,Faces94,evaluation,several_enrollment_photographs,male/cferdo,male/cferdo/cferdo.14.jpg,1,11,13,0,0
P2,Faces94,evaluation,several_enrollment_photographs,male/cferdo,male/cferdo/cferdo.15.jpg,1,19,13,1,1
P2,Faces94,evaluation,several_enrollment_photographs,male/cferdo,male/cferdo/cferdo.16.jpg,1,24,13,1,1
P2,Faces94,evaluation,several_enrollment_photographs,male/cferdo,male/cferdo/cferdo.17.jpg,1,22,13,1,1
P2,Faces94,evaluation,several_enrollment_photographs,male/cferdo,male/cferdo/cferdo.18.jpg,1,19,13,1,1
P2,Faces94,evaluation,several_enrollment_photographs,male/cferdo,male/cferdo/cferdo.19.jpg,1,26,13,1,1
P2,Faces94,evaluation,several_enrollment_photographs,male/cferdo,male/cferdo/cferdo.20.jpg,1,24,13,1,1
P2,Faces94,evaluation,several_enrollment_photographs,male/cgboyc,male/cgboyc/cgboyc.11.jpg,1,30,13,1,1
P2,Faces94,evaluation,several_enrollment_photographs,male/cgboyc,male/cgboyc/cgboyc.12.jpg,1,31,13,1,1
P2,Faces94,evaluation,several_enrollment_photographs,male/cgboyc,male/cgboyc/cgboyc.13.jpg,1,28,13,1,1
P2,Faces94,evaluation,several_enrollment_photographs,male/cgboyc,male/cgboyc/cgboyc.14.jpg,1,31,13,1,1
P2,Faces94,evaluation,several_enrollment_photographs,male/cgboyc,male/cgboyc/cgboyc.15.jpg,1,26,13,1,1
P2,Faces94,evaluation,several_enrollment_photographs,male/cgboyc,male/cgboyc/cgboyc.16.jpg,1,30,13,1,1
P2,Faces94,evaluation,several_enrollment_photographs,male/cgboyc,male/cgboyc/cgboyc.17.jpg,1,28,13,1,1
P2,Faces94,evaluation,several_enrollment_photographs,male/cgboyc,male/cgboyc/cgboyc.18.jpg,1,26,13,1,1
P2,Faces94,evaluation,several_enrollment_photographs,male/cgboyc,male/cgboyc/cgboyc.19.jpg,1,24,13,1,1
P2,Faces94,evaluation,several_enrollment_photographs,male/cgboyc,male/cgboyc/cgboyc.20.jpg,1,27,13,1,1
P2,Faces94,evaluation,several_enrollment_photographs,male/cjsake,male/cjsake/cjsake.11.jpg,1,36,13,1,1
P2,Faces94,evaluation,several_enrollment_photographs,male/cjsake,male/cjsake/cjsake.12.jpg,1,30,13,1,1
P2,Faces94,evaluation,several_enrollment_photographs,male/cjsake,male/cjsake/cjsake.13.jpg,1,33,13,1,1
P2,Faces94,evaluation,several_enrollment_photographs,male/cjsake,male/cjsake/cjsake.14.jpg,1,35,13,1,1
P2,Faces94,evaluation,several_enrollment_photographs,male/cjsake,male/cjsake/cjsake.15.jpg,1,35,13,1,1
P2,Faces94,evaluation,several_enrollment_photographs,male/cjsake,male/cjsake/cjsake.16.jpg,1,28,13,1,1
P2,Faces94,evaluation,several_enrollment_photographs,male/cjsake,male/cjsake/cjsake.17.jpg,1,31,13,1,1
P2,Faces94,evaluation,several_enrollment_photographs,male/cjsake,male/cjsake/cjsake.18.jpg,1,33,13,1,1
P2,Faces94,evaluation,several_enrollment_photographs,male/cjsake,male/cjsake/cjsake.19.jpg,1,34,13,1,1
P2,Faces94,evaluation,several_enrollment_photographs,male/cjsake,male/cjsake/cjsake.20.jpg,1,31,13,1,1
P2,Faces94,evaluation,several_enrollment_photographs,male/cwchoi,male/cwchoi/cwchoi.11.jpg,1,23,13,1,1
P2,Faces94,evaluation,several_enrollment_photographs,male/cwchoi,male/cwchoi/cwchoi.12.jpg,1,25,13,1,1
P2,Faces94,evaluation,several_enrollment_photographs,male/cwchoi,male/cwchoi/cwchoi.13.jpg,1,19,13,1,1
P2,Faces94,evaluation,several_enrollment_photographs,male/cwchoi,male/cwchoi/cwchoi.14.jpg,1,31,13,1,1
P2,Faces94,evaluation,several_enrollment_photographs,male/cwchoi,male/cwchoi/cwchoi.15.jpg,1,26,13,1,1
P2,Faces94,evaluation,several_enrollment_photographs,male/cwchoi,male/cwchoi/cwchoi.16.jpg,1,28,13,1,1
P2,Faces94,evaluation,several_enrollment_photographs,male/cwchoi,male/cwchoi/cwchoi.17.jpg,1,25,13,1,1
P2,Faces94,evaluation,several_enrollment_photographs,male/cwchoi,male/cwchoi/cwchoi.18.jpg,1,27,13,1,1
P2,Faces94,evaluation,several_enrollment_photographs,male/cwchoi,male/cwchoi/cwchoi.19.jpg,1,24,13,1,1
P2,Faces94,evaluation,several_enrollment_photographs,male/cwchoi,male/cwchoi/cwchoi.20.jpg,1,30,13,1,1
P2,Faces94,evaluation,several_enrollment_photographs,male/dcbowe,male/dcbowe/dcbowe.11.jpg,1,31,13,1,1
P2,Faces94,evaluation,several_enrollment_photographs,male/dcbowe,male/dcbowe/dcbowe.12.jpg,1,26,13,1,1
P2,Faces94,evaluation,several_enrollment_photographs,male/dcbowe,male/dcbowe/dcbowe.13.jpg,1,33,13,1,1
P2,Faces94,evaluation,several_enrollment_photographs,male/dcbowe,male/dcbowe/dcbowe.14.jpg,1,23,13,1,1
P2,Faces94,evaluation,several_enrollment_photographs,male/dcbowe,male/dcbowe/dcbowe.15.jpg,1,29,13,1,1
P2,Faces94,evaluation,several_enrollment_photographs,male/dcbowe,male/dcbowe/dcbowe.16.jpg,1,25,13,1,1
P2,Faces94,evaluation,several_enrollment_photographs,male/dcbowe,male/dcbowe/dcbowe.17.jpg,1,27,13,1,1
P2,Faces94,evaluation,several_enrollment_photographs,male/dcbowe,male/dcbowe/dcbowe.18.jpg,1,29,13,1,1
P2,Faces94,evaluation,several_enrollment_photographs,male/dcbowe,male/dcbowe/dcbowe.19.jpg,1,33,13,1,1
P2,Faces94,evaluation,several_enrollment_photographs,male/dcbowe,male/dcbowe/dcbowe.20.jpg,1,25,13,1,1
P2,Faces94,evaluation,several_enrollment_photographs,male/djhugh,male/djhugh/djhugh.11.jpg,1,28,13,1,1
P2,Faces94,evaluation,several_enrollment_photographs,male/djhugh,male/djhugh/djhugh.12.jpg,1,30,13,1,1
P2,Faces94,evaluation,several_enrollment_photographs,male/djhugh,male/djhugh/djhugh.13.jpg,1,33,13,1,1
P2,Faces94,evaluation,several_enrollment_photographs,male/djhugh,male/djhugh/djhugh.14.jpg,1,25,13,1,1
P2,Faces94,evaluation,several_enrollment_photographs,male/djhugh,male/djhugh/djhugh.15.jpg,1,23,13,1,1
P2,Faces94,evaluation,several_enrollment_photographs,male/djhugh,male/djhugh/djhugh.16.jpg,1,21,13,1,1
P2,Faces94,evaluation,several_enrollment_photographs,male/djhugh,male/djhugh/djhugh.17.jpg,1,23,13,1,1
P2,Faces94,evaluation,several_enrollment_photographs,male/djhugh,male/djhugh/djhugh.18.jpg,1,25,13,1,1
P2,Faces94,evaluation,several_enrollment_photographs,male/djhugh,male/djhugh/djhugh.19.jpg,1,29,13,1,1
P2,Faces94,evaluation,several_enrollment_photographs,male/djhugh,male/djhugh/djhugh.20.jpg,1,25,13,1,1
P2,Faces94,evaluation,several_enrollment_photographs,male/djmart,male/djmart/djmart.13.jpg,1,22,13,1,1
P2,Faces94,evaluation,several_enrollment_photographs,male/djmart,male/djmart/djmart.14.jpg,1,20,13,1,1
P2,Faces94,evaluation,several_enrollment_photographs,male/djmart,male/djmart/djmart.15.jpg,1,21,13,1,1
P2,Faces94,evaluation,several_enrollment_photographs,male/djmart,male/djmart/djmart.16.jpg,1,20,13,1,1
P2,Faces94,evaluation,several_enrollment_photographs,male/djmart,male/djmart/djmart.17.jpg,1,19,13,1,1
P2,Faces94,evaluation,several_enrollment_photographs,male/djmart,male/djmart/djmart.18.jpg,1,20,13,1,1
P2,Faces94,evaluation,several_enrollment_photographs,male/djmart,male/djmart/djmart.19.jpg,1,21,13,1,1
P2,Faces94,evaluation,several_enrollment_photographs,male/djmart,male/djmart/djmart.20.jpg,1,19,13,1,1
P2,Faces94,evaluation,several_enrollment_photographs,male/gjnorm,male/gjnorm/gjnorm.1.jpg,0,7,13,0,1
P2,Faces94,evaluation,several_enrollment_photographs,male/gjnorm,male/gjnorm/gjnorm.2.jpg,0,10,13,0,1
P2,Faces94,evaluation,several_enrollment_photographs,male/gjnorm,male/gjnorm/gjnorm.3.jpg,0,5,13,0,1
P2,Faces94,evaluation,several_enrollment_photographs,male/gjnorm,male/gjnorm/gjnorm.4.jpg,0,5,13,0,1
P2,Faces94,evaluation,several_enrollment_photographs,male/gjnorm,male/gjnorm/gjnorm.5.jpg,0,9,13,0,1
P2,Faces94,evaluation,several_enrollment_photographs,male/gjnorm,male/gjnorm/gjnorm.6.jpg,0,8,13,0,1
P2,Faces94,evaluation,several_enrollment_photographs,male/gjnorm,male/gjnorm/gjnorm.7.jpg,0,7,13,0,1
P2,Faces94,evaluation,several_enrollment_photographs,male/gjnorm,male/gjnorm/gjnorm.8.jpg,0,5,13,0,1
P2,Faces94,evaluation,several_enrollment_photographs,male/gjnorm,male/gjnorm/gjnorm.9.jpg,0,7,13,0,1
P2,Faces94,evaluation,several_enrollment_photographs,male/gjnorm,male/gjnorm/gjnorm.10.jpg,0,10,13,0,1
P2,Faces94,evaluation,several_enrollment_photographs,male/gjnorm,male/gjnorm/gjnorm.11.jpg,0,7,13,0,1
P2,Faces94,evaluation,several_enrollment_photographs,male/gjnorm,male/gjnorm/gjnorm.12.jpg,0,12,13,0,1
P2,Faces94,evaluation,several_enrollment_photographs,male/gjnorm,male/gjnorm/gjnorm.13.jpg,0,5,13,0,1
P2,Faces94,evaluation,several_enrollment_photographs,male/gjnorm,male/gjnorm/gjnorm.14.jpg,0,9,13,0,1
P2,Faces94,evaluation,several_enrollment_photographs,male/gjnorm,male/gjnorm/gjnorm.15.jpg,0,5,13,0,1
P2,Faces94,evaluation,several_enrollment_photographs,male/gjnorm,male/gjnorm/gjnorm.16.jpg,0,12,13,0,1
P2,Faces94,evaluation,several_enrollment_photographs,male/gjnorm,male/gjnorm/gjnorm.17.jpg,0,1,13,0,1
P2,Faces94,evaluation,several_enrollment_photographs,male/gjnorm,male/gjnorm/gjnorm.18.jpg,0,10,13,0,1
P2,Faces94,evaluation,several_enrollment_photographs,male/gjnorm,male/gjnorm/gjnorm.19.jpg,0,7,13,0,1
P2,Faces94,evaluation,several_enrollment_photographs,male/gjnorm,male/gjnorm/gjnorm.20.jpg,0,8,13,0,1
P2,Faces94,evaluation,several_enrollment_photographs,male/irdrew,male/irdrew/irdrew.1.jpg,0,9,13,0,1
P2,Faces94,evaluation,several_enrollment_photographs,male/irdrew,male/irdrew/irdrew.2.jpg,0,14,13,1,0
P2,Faces94,evaluation,several_enrollment_photographs,male/irdrew,male/irdrew/irdrew.3.jpg,0,14,13,1,0
P2,Faces94,evaluation,several_enrollment_photographs,male/irdrew,male/irdrew/irdrew.4.jpg,0,11,13,0,1
P2,Faces94,evaluation,several_enrollment_photographs,male/irdrew,male/irdrew/irdrew.5.jpg,0,12,13,0,1
P2,Faces94,evaluation,several_enrollment_photographs,male/irdrew,male/irdrew/irdrew.6.jpg,0,6,13,0,1
P2,Faces94,evaluation,several_enrollment_photographs,male/irdrew,male/irdrew/irdrew.7.jpg,0,10,13,0,1
P2,Faces94,evaluation,several_enrollment_photographs,male/irdrew,male/irdrew/irdrew.8.jpg,0,7,13,0,1
P2,Faces94,evaluation,several_enrollment_photographs,male/irdrew,male/irdrew/irdrew.9.jpg,0,8,13,0,1
P2,Faces94,evaluation,several_enrollment_photographs,male/irdrew,male/irdrew/irdrew.10.jpg,0,15,13,1,0
P2,Faces94,evaluation,several_enrollment_photographs,male/irdrew,male/irdrew/irdrew.11.jpg,0,12,13,0,1
P2,Faces94,evaluation,several_enrollment_photographs,male/irdrew,male/irdrew/irdrew.12.jpg,0,12,13,0,1
P2,Faces94,evaluation,several_enrollment_photographs,male/irdrew,male/irdrew/irdrew.13.jpg,0,9,13,0,1
P2,Faces94,evaluation,several_enrollment_photographs,male/irdrew,male/irdrew/irdrew.14.jpg,0,8,13,0,1
P2,Faces94,evaluation,several_enrollment_photographs,male/irdrew,male/irdrew/irdrew.15.jpg,0,9,13,0,1
P2,Faces94,evaluation,several_enrollment_photographs,male/irdrew,male/irdrew/irdrew.16.jpg,0,8,13,0,1
P2,Faces94,evaluation,several_enrollment_photographs,male/irdrew,male/irdrew/irdrew.17.jpg,0,15,13,1,0
P2,Faces94,evaluation,several_enrollment_photographs,male/irdrew,male/irdrew/irdrew.18.jpg,0,14,13,1,0
P2,Faces94,evaluation,several_enrollment_photographs,male/irdrew,male/irdrew/irdrew.19.jpg,0,15,13,1,0
P2,Faces94,evaluation,several_enrollment_photographs,male/irdrew,male/irdrew/irdrew.20.jpg,0,12,13,0,1
P2,Faces94,evaluation,several_enrollment_photographs,male/jagrif,male/jagrif/jagrif.1.jpg,0,10,13,0,1
P2,Faces94,evaluation,several_enrollment_photographs,male/jagrif,male/jagrif/jagrif.2.jpg,0,6,13,0,1
P2,Faces94,evaluation,several_enrollment_photographs,male/jagrif,male/jagrif/jagrif.3.jpg,0,10,13,0,1
P2,Faces94,evaluation,several_enrollment_photographs,male/jagrif,male/jagrif/jagrif.4.jpg,0,11,13,0,1
P2,Faces94,evaluation,several_enrollment_photographs,male/jagrif,male/jagrif/jagrif.5.jpg,0,12,13,0,1
P2,Faces94,evaluation,several_enrollment_photographs,male/jagrif,male/jagrif/jagrif.6.jpg,0,9,13,0,1
P2,Faces94,evaluation,several_enrollment_photographs,male/jagrif,male/jagrif/jagrif.7.jpg,0,9,13,0,1
P2,Faces94,evaluation,several_enrollment_photographs,male/jagrif,male/jagrif/jagrif.8.jpg,0,7,13,0,1
P2,Faces94,evaluation,several_enrollment_photographs,male/jagrif,male/jagrif/jagrif.9.jpg,0,9,13,0,1
P2,Faces94,evaluation,several_enrollment_photographs,male/jagrif,male/jagrif/jagrif.10.jpg,0,12,13,0,1
P2,Faces94,evaluation,several_enrollment_photographs,male/jagrif,male/jagrif/jagrif.11.jpg,0,12,13,0,1
P2,Faces94,evaluation,several_enrollment_photographs,male/jagrif,male/jagrif/jagrif.12.jpg,0,8,13,0,1
P2,Faces94,evaluation,several_enrollment_photographs,male/jagrif,male/jagrif/jagrif.13.jpg,0,7,13,0,1
P2,Faces94,evaluation,several_enrollment_photographs,male/jagrif,male/jagrif/jagrif.14.jpg,0,5,13,0,1
P2,Faces94,evaluation,several_enrollment_photographs,male/jagrif,male/jagrif/jagrif.15.jpg,0,8,13,0,1
P2,Faces94,evaluation,several_enrollment_photographs,male/jagrif,male/jagrif/jagrif.16.jpg,0,6,13,0,1
P2,Faces94,evaluation,several_enrollment_photographs,male/jagrif,male/jagrif/jagrif.17.jpg,0,3,13,0,1
P2,Faces94,evaluation,several_enrollment_photographs,male/jagrif,male/jagrif/jagrif.18.jpg,0,10,13,0,1
P2,Faces94,evaluation,several_enrollment_photographs,male/jagrif,male/jagrif/jagrif.19.jpg,0,7,13,0,1
P2,Faces94,evaluation,several_enrollment_photographs,male/jagrif,male/jagrif/jagrif.20.jpg,0,5,13,0,1
P2,Faces94,evaluation,several_enrollment_photographs,male/jcarte,male/jcarte/jcarte.11.jpg,1,37,13,1,1
P2,Faces94,evaluation,several_enrollment_photographs,male/jcarte,male/jcarte/jcarte.12.jpg,1,32,13,1,1
P2,Faces94,evaluation,several_enrollment_photographs,male/jcarte,male/jcarte/jcarte.13.jpg,1,26,13,1,1
P2,Faces94,evaluation,several_enrollment_photographs,male/jcarte,male/jcarte/jcarte.14.jpg,1,34,13,1,1
P2,Faces94,evaluation,several_enrollment_photographs,male/jcarte,male/jcarte/jcarte.15.jpg,1,32,13,1,1
P2,Faces94,evaluation,several_enrollment_photographs,male/jcarte,male/jcarte/jcarte.16.jpg,1,32,13,1,1
P2,Faces94,evaluation,several_enrollment_photographs,male/jcarte,male/jcarte/jcarte.17.jpg,1,29,13,1,1
P2,Faces94,evaluation,several_enrollment_photographs,male/jcarte,male/jcarte/jcarte.18.jpg,1,29,13,1,1
P2,Faces94,evaluation,several_enrollment_photographs,male/jcarte,male/jcarte/jcarte.19.jpg,1,36,13,1,1
P2,Faces94,evaluation,several_enrollment_photographs,male/jcarte,male/jcarte/jcarte.20.jpg,1,36,13,1,1
P2,Faces94,evaluation,several_enrollment_photographs,male/jdbenm,male/jdbenm/jdbenm.11.jpg,1,30,13,1,1
P2,Faces94,evaluation,several_enrollment_photographs,male/jdbenm,male/jdbenm/jdbenm.12.jpg,1,22,13,1,1
P2,Faces94,evaluation,several_enrollment_photographs,male/jdbenm,male/jdbenm/jdbenm.13.jpg,1,31,13,1,1
P2,Faces94,evaluation,several_enrollment_photographs,male/jdbenm,male/jdbenm/jdbenm.14.jpg,1,30,13,1,1
P2,Faces94,evaluation,several_enrollment_photographs,male/jdbenm,male/jdbenm/jdbenm.15.jpg,1,26,13,1,1
P2,Faces94,evaluation,several_enrollment_photographs,male/jdbenm,male/jdbenm/jdbenm.16.jpg,1,25,13,1,1
P2,Faces94,evaluation,several_enrollment_photographs,male/jdbenm,male/jdbenm/jdbenm.17.jpg,1,29,13,1,1
P2,Faces94,evaluation,several_enrollment_photographs,male/jdbenm,male/jdbenm/jdbenm.18.jpg,1,34,13,1,1
P2,Faces94,evaluation,several_enrollment_photographs,male/jdbenm,male/jdbenm/jdbenm.19.jpg,1,31,13,1,1
P2,Faces94,evaluation,several_enrollment_photographs,male/jdbenm,male/jdbenm/jdbenm.20.jpg,1,28,13,1,1
P2,Faces94,evaluation,several_enrollment_photographs,male/kaatki,male/kaatki/kaatki.11.jpg,1,24,13,1,1
P2,Faces94,evaluation,several_enrollment_photographs,male/kaatki,male/kaatki/kaatki.12.jpg,1,25,13,1,1
P2,Faces94,evaluation,several_enrollment_photographs,male/kaatki,male/kaatki/kaatki.13.jpg,1,33,13,1,1
P2,Faces94,evaluation,several_enrollment_photographs,male/kaatki,male/kaatki/kaatki.14.jpg,1,36,13,1,1
P2,Faces94,evaluation,several_enrollment_photographs,male/kaatki,male/kaatki/kaatki.15.jpg,1,35,13,1,1
P2,Faces94,evaluation,several_enrollment_photographs,male/kaatki,male/kaatki/kaatki.16.jpg,1,33,13,1,1
P2,Faces94,evaluation,several_enrollment_photographs,male/kaatki,male/kaatki/kaatki.17.jpg,1,34,13,1,1
P2,Faces94,evaluation,several_enrollment_photographs,male/kaatki,male/kaatki/kaatki.18.jpg,1,37,13,1,1
P2,Faces94,evaluation,several_enrollment_photographs,male/kaatki,male/kaatki/kaatki.19.jpg,1,34,13,1,1
P2,Faces94,evaluation,several_enrollment_photographs,male/kaatki,male/kaatki/kaatki.20.jpg,1,33,13,1,1
P2,Faces94,evaluation,several_enrollment_photographs,male/kdjone,male/kdjone/kdjone.11.jpg,1,31,13,1,1
P2,Faces94,evaluation,several_enrollment_photographs,male/kdjone,male/kdjone/kdjone.12.jpg,1,22,13,1,1
P2,Faces94,evaluation,several_enrollment_photographs,male/kdjone,male/kdjone/kdjone.13.jpg,1,24,13,1,1
P2,Faces94,evaluation,several_enrollment_photographs,male/kdjone,male/kdjone/kdjone.14.jpg,1,25,13,1,1
P2,Faces94,evaluation,several_enrollment_photographs,male/kdjone,male/kdjone/kdjone.15.jpg,1,22,13,1,1
P2,Faces94,evaluation,several_enrollment_photographs,male/kdjone,male/kdjone/kdjone.16.jpg,1,21,13,1,1
P2,Faces94,evaluation,several_enrollment_photographs,male/kdjone,male/kdjone/kdjone.17.jpg,1,19,13,1,1
P2,Faces94,evaluation,several_enrollment_photographs,male/kdjone,male/kdjone/kdjone.18.jpg,1,27,13,1,1
P2,Faces94,evaluation,several_enrollment_photographs,male/kdjone,male/kdjone/kdjone.19.jpg,1,24,13,1,1
P2,Faces94,evaluation,several_enrollment_photographs,male/kdjone,male/kdjone/kdjone.20.jpg,1,27,13,1,1
P2,Faces94,evaluation,several_enrollment_photographs,male/khchan,male/khchan/khchan.1.jpg,0,9,13,0,1
P2,Faces94,evaluation,several_enrollment_photographs,male/khchan,male/khchan/khchan.2.jpg,0,4,13,0,1
P2,Faces94,evaluation,several_enrollment_photographs,male/khchan,male/khchan/khchan.3.jpg,0,4,13,0,1
P2,Faces94,evaluation,several_enrollment_photographs,male/khchan,male/khchan/khchan.4.jpg,0,6,13,0,1
P2,Faces94,evaluation,several_enrollment_photographs,male/khchan,male/khchan/khchan.5.jpg,0,6,13,0,1
P2,Faces94,evaluation,several_enrollment_photographs,male/khchan,male/khchan/khchan.6.jpg,0,6,13,0,1
P2,Faces94,evaluation,several_enrollment_photographs,male/khchan,male/khchan/khchan.7.jpg,0,6,13,0,1
P2,Faces94,evaluation,several_enrollment_photographs,male/khchan,male/khchan/khchan.8.jpg,0,12,13,0,1
P2,Faces94,evaluation,several_enrollment_photographs,male/khchan,male/khchan/khchan.9.jpg,0,14,13,1,0
P2,Faces94,evaluation,several_enrollment_photographs,male/khchan,male/khchan/khchan.10.jpg,0,7,13,0,1
P2,Faces94,evaluation,several_enrollment_photographs,male/khchan,male/khchan/khchan.11.jpg,0,12,13,0,1
P2,Faces94,evaluation,several_enrollment_photographs,male/khchan,male/khchan/khchan.12.jpg,0,10,13,0,1
P2,Faces94,evaluation,several_enrollment_photographs,male/khchan,male/khchan/khchan.13.jpg,0,4,13,0,1
P2,Faces94,evaluation,several_enrollment_photographs,male/khchan,male/khchan/khchan.14.jpg,0,8,13,0,1
P2,Faces94,evaluation,several_enrollment_photographs,male/khchan,male/khchan/khchan.15.jpg,0,4,13,0,1
P2,Faces94,evaluation,several_enrollment_photographs,male/khchan,male/khchan/khchan.16.jpg,0,8,13,0,1
P2,Faces94,evaluation,several_enrollment_photographs,male/khchan,male/khchan/khchan.17.jpg,0,8,13,0,1
P2,Faces94,evaluation,several_enrollment_photographs,male/khchan,male/khchan/khchan.18.jpg,0,5,13,0,1
P2,Faces94,evaluation,several_enrollment_photographs,male/khchan,male/khchan/khchan.19.jpg,0,8,13,0,1
P2,Faces94,evaluation,several_enrollment_photographs,male/khchan,male/khchan/khchan.20.jpg,0,9,13,0,1
P2,Faces94,evaluation,several_enrollment_photographs,male/kjwith,male/kjwith/kjwith.1.jpg,0,8,13,0,1
P2,Faces94,evaluation,several_enrollment_photographs,male/kjwith,male/kjwith/kjwith.2.jpg,0,8,13,0,1
P2,Faces94,evaluation,several_enrollment_photographs,male/kjwith,male/kjwith/kjwith.3.jpg,0,10,13,0,1
P2,Faces94,evaluation,several_enrollment_photographs,male/kjwith,male/kjwith/kjwith.4.jpg,0,10,13,0,1
P2,Faces94,evaluation,several_enrollment_photographs,male/kjwith,male/kjwith/kjwith.5.jpg,0,8,13,0,1
P2,Faces94,evaluation,several_enrollment_photographs,male/kjwith,male/kjwith/kjwith.6.jpg,0,5,13,0,1
P2,Faces94,evaluation,several_enrollment_photographs,male/kjwith,male/kjwith/kjwith.7.jpg,0,9,13,0,1
P2,Faces94,evaluation,several_enrollment_photographs,male/kjwith,male/kjwith/kjwith.8.jpg,0,6,13,0,1
P2,Faces94,evaluation,several_enrollment_photographs,male/kjwith,male/kjwith/kjwith.9.jpg,0,11,13,0,1
P2,Faces94,evaluation,several_enrollment_photographs,male/kjwith,male/kjwith/kjwith.10.jpg,0,4,13,0,1
P2,Faces94,evaluation,several_enrollment_photographs,male/kjwith,male/kjwith/kjwith.11.jpg,0,5,13,0,1
P2,Faces94,evaluation,several_enrollment_photographs,male/kjwith,male/kjwith/kjwith.12.jpg,0,13,13,1,0
P2,Faces94,evaluation,several_enrollment_photographs,male/kjwith,male/kjwith/kjwith.13.jpg,0,5,13,0,1
P2,Faces94,evaluation,several_enrollment_photographs,male/kjwith,male/kjwith/kjwith.14.jpg,0,8,13,0,1
P2,Faces94,evaluation,several_enrollment_photographs,male/kjwith,male/kjwith/kjwith.15.jpg,0,8,13,0,1
P2,Faces94,evaluation,several_enrollment_photographs,male/kjwith,male/kjwith/kjwith.16.jpg,0,6,13,0,1
P2,Faces94,evaluation,several_enrollment_photographs,male/kjwith,male/kjwith/kjwith.17.jpg,0,6,13,0,1
P2,Faces94,evaluation,several_enrollment_photographs,male/kjwith,male/kjwith/kjwith.18.jpg,0,8,13,0,1
P2,Faces94,evaluation,several_enrollment_photographs,male/kjwith,male/kjwith/kjwith.19.jpg,0,11,13,0,1
P2,Faces94,evaluation,several_enrollment_photographs,male/kjwith,male/kjwith/kjwith.20.jpg,0,7,13,0,1
P2,Faces94,evaluation,several_enrollment_photographs,male/mberdo,male/mberdo/mberdo.1.jpg,0,13,13,1,0
P2,Faces94,evaluation,several_enrollment_photographs,male/mberdo,male/mberdo/mberdo.2.jpg,0,9,13,0,1
P2,Faces94,evaluation,several_enrollment_photographs,male/mberdo,male/mberdo/mberdo.3.jpg,0,15,13,1,0
P2,Faces94,evaluation,several_enrollment_photographs,male/mberdo,male/mberdo/mberdo.4.jpg,0,17,13,1,0
P2,Faces94,evaluation,several_enrollment_photographs,male/mberdo,male/mberdo/mberdo.5.jpg,0,12,13,0,1
P2,Faces94,evaluation,several_enrollment_photographs,male/mberdo,male/mberdo/mberdo.6.jpg,0,12,13,0,1
P2,Faces94,evaluation,several_enrollment_photographs,male/mberdo,male/mberdo/mberdo.7.jpg,0,21,13,1,0
P2,Faces94,evaluation,several_enrollment_photographs,male/mberdo,male/mberdo/mberdo.8.jpg,0,11,13,0,1
P2,Faces94,evaluation,several_enrollment_photographs,male/mberdo,male/mberdo/mberdo.9.jpg,0,12,13,0,1
P2,Faces94,evaluation,several_enrollment_photographs,male/mberdo,male/mberdo/mberdo.10.jpg,0,12,13,0,1
P2,Faces94,evaluation,several_enrollment_photographs,male/mberdo,male/mberdo/mberdo.11.jpg,0,11,13,0,1
P2,Faces94,evaluation,several_enrollment_photographs,male/mberdo,male/mberdo/mberdo.12.jpg,0,12,13,0,1
P2,Faces94,evaluation,several_enrollment_photographs,male/mberdo,male/mberdo/mberdo.13.jpg,0,11,13,0,1
P2,Faces94,evaluation,several_enrollment_photographs,male/mberdo,male/mberdo/mberdo.14.jpg,0,12,13,0,1
P2,Faces94,evaluation,several_enrollment_photographs,male/mberdo,male/mberdo/mberdo.15.jpg,0,16,13,1,0
P2,Faces94,evaluation,several_enrollment_photographs,male/mberdo,male/mberdo/mberdo.16.jpg,0,9,13,0,1
P2,Faces94,evaluation,several_enrollment_photographs,male/mberdo,male/mberdo/mberdo.17.jpg,0,13,13,1,0
P2,Faces94,evaluation,several_enrollment_photographs,male/mberdo,male/mberdo/mberdo.18.jpg,0,14,13,1,0
P2,Faces94,evaluation,several_enrollment_photographs,male/mberdo,male/mberdo/mberdo.19.jpg,0,17,13,1,0
P2,Faces94,evaluation,several_enrollment_photographs,male/mberdo,male/mberdo/mberdo.20.jpg,0,10,13,0,1
P2,Faces94,evaluation,several_enrollment_photographs,male/mdpove,male/mdpove/mdpove.1.jpg,0,10,13,0,1
P2,Faces94,evaluation,several_enrollment_photographs,male/mdpove,male/mdpove/mdpove.2.jpg,0,8,13,0,1
P2,Faces94,evaluation,several_enrollment_photographs,male/mdpove,male/mdpove/mdpove.3.jpg,0,9,13,0,1
P2,Faces94,evaluation,several_enrollment_photographs,male/mdpove,male/mdpove/mdpove.4.jpg,0,7,13,0,1
P2,Faces94,evaluation,several_enrollment_photographs,male/mdpove,male/mdpove/mdpove.5.jpg,0,8,13,0,1
P2,Faces94,evaluation,several_enrollment_photographs,male/mdpove,male/mdpove/mdpove.6.jpg,0,10,13,0,1
P2,Faces94,evaluation,several_enrollment_photographs,male/mdpove,male/mdpove/mdpove.7.jpg,0,9,13,0,1
P2,Faces94,evaluation,several_enrollment_photographs,male/mdpove,male/mdpove/mdpove.8.jpg,0,9,13,0,1
P2,Faces94,evaluation,several_enrollment_photographs,male/mdpove,male/mdpove/mdpove.9.jpg,0,9,13,0,1
P2,Faces94,evaluation,several_enrollment_photographs,male/mdpove,male/mdpove/mdpove.10.jpg,0,11,13,0,1
P2,Faces94,evaluation,several_enrollment_photographs,male/mdpove,male/mdpove/mdpove.11.jpg,0,9,13,0,1
P2,Faces94,evaluation,several_enrollment_photographs,male/mdpove,male/mdpove/mdpove.12.jpg,0,6,13,0,1
P2,Faces94,evaluation,several_enrollment_photographs,male/mdpove,male/mdpove/mdpove.13.jpg,0,9,13,0,1
P2,Faces94,evaluation,several_enrollment_photographs,male/mdpove,male/mdpove/mdpove.14.jpg,0,10,13,0,1
P2,Faces94,evaluation,several_enrollment_photographs,male/mdpove,male/mdpove/mdpove.15.jpg,0,10,13,0,1
P2,Faces94,evaluation,several_enrollment_photographs,male/mdpove,male/mdpove/mdpove.16.jpg,0,9,13,0,1
P2,Faces94,evaluation,several_enrollment_photographs,male/mdpove,male/mdpove/mdpove.17.jpg,0,10,13,0,1
P2,Faces94,evaluation,several_enrollment_photographs,male/mdpove,male/mdpove/mdpove.18.jpg,0,11,13,0,1
P2,Faces94,evaluation,several_enrollment_photographs,male/mdpove,male/mdpove/mdpove.19.jpg,0,15,13,1,0
P2,Faces94,evaluation,several_enrollment_photographs,male/mdpove,male/mdpove/mdpove.20.jpg,0,11,13,0,1
P2,Faces94,evaluation,several_enrollment_photographs,male/mefait,male/mefait/mefait.11.jpg,1,19,13,1,1
P2,Faces94,evaluation,several_enrollment_photographs,male/mefait,male/mefait/mefait.12.jpg,1,28,13,1,1
P2,Faces94,evaluation,several_enrollment_photographs,male/mefait,male/mefait/mefait.13.jpg,1,24,13,1,1
P2,Faces94,evaluation,several_enrollment_photographs,male/mefait,male/mefait/mefait.14.jpg,1,28,13,1,1
P2,Faces94,evaluation,several_enrollment_photographs,male/mefait,male/mefait/mefait.15.jpg,1,23,13,1,1
P2,Faces94,evaluation,several_enrollment_photographs,male/mefait,male/mefait/mefait.16.jpg,1,25,13,1,1
P2,Faces94,evaluation,several_enrollment_photographs,male/mefait,male/mefait/mefait.17.jpg,1,15,13,1,1
P2,Faces94,evaluation,several_enrollment_photographs,male/mefait,male/mefait/mefait.18.jpg,1,16,13,1,1
P2,Faces94,evaluation,several_enrollment_photographs,male/mefait,male/mefait/mefait.19.jpg,1,20,13,1,1
P2,Faces94,evaluation,several_enrollment_photographs,male/mefait,male/mefait/mefait.20.jpg,1,19,13,1,1
P2,Faces94,evaluation,several_enrollment_photographs,male/mjhans,male/mjhans/mjhans.1.jpg,0,14,13,1,0
P2,Faces94,evaluation,several_enrollment_photographs,male/mjhans,male/mjhans/mjhans.2.jpg,0,14,13,1,0
P2,Faces94,evaluation,several_enrollment_photographs,male/mjhans,male/mjhans/mjhans.3.jpg,0,16,13,1,0
P2,Faces94,evaluation,several_enrollment_photographs,male/mjhans,male/mjhans/mjhans.4.jpg,0,14,13,1,0
P2,Faces94,evaluation,several_enrollment_photographs,male/mjhans,male/mjhans/mjhans.5.jpg,0,15,13,1,0
P2,Faces94,evaluation,several_enrollment_photographs,male/mjhans,male/mjhans/mjhans.6.jpg,0,14,13,1,0
P2,Faces94,evaluation,several_enrollment_photographs,male/mjhans,male/mjhans/mjhans.7.jpg,0,20,13,1,0
P2,Faces94,evaluation,several_enrollment_photographs,male/mjhans,male/mjhans/mjhans.8.jpg,0,14,13,1,0
P2,Faces94,evaluation,several_enrollment_photographs,male/mjhans,male/mjhans/mjhans.9.jpg,0,15,13,1,0
P2,Faces94,evaluation,several_enrollment_photographs,male/mjhans,male/mjhans/mjhans.10.jpg,0,9,13,0,1
P2,Faces94,evaluation,several_enrollment_photographs,male/mjhans,male/mjhans/mjhans.11.jpg,0,15,13,1,0
P2,Faces94,evaluation,several_enrollment_photographs,male/mjhans,male/mjhans/mjhans.12.jpg,0,10,13,0,1
P2,Faces94,evaluation,several_enrollment_photographs,male/mjhans,male/mjhans/mjhans.13.jpg,0,14,13,1,0
P2,Faces94,evaluation,several_enrollment_photographs,male/mjhans,male/mjhans/mjhans.14.jpg,0,13,13,1,0
P2,Faces94,evaluation,several_enrollment_photographs,male/mjhans,male/mjhans/mjhans.15.jpg,0,14,13,1,0
P2,Faces94,evaluation,several_enrollment_photographs,male/mjhans,male/mjhans/mjhans.16.jpg,0,13,13,1,0
P2,Faces94,evaluation,several_enrollment_photographs,male/mjhans,male/mjhans/mjhans.17.jpg,0,10,13,0,1
P2,Faces94,evaluation,several_enrollment_photographs,male/mjhans,male/mjhans/mjhans.18.jpg,0,14,13,1,0
P2,Faces94,evaluation,several_enrollment_photographs,male/mjhans,male/mjhans/mjhans.19.jpg,0,15,13,1,0
P2,Faces94,evaluation,several_enrollment_photographs,male/mjhans,male/mjhans/mjhans.20.jpg,0,16,13,1,0
P2,Faces94,evaluation,several_enrollment_photographs,male/ndhagu,male/ndhagu/ndhagu.11.jpg,1,30,13,1,1
P2,Faces94,evaluation,several_enrollment_photographs,male/ndhagu,male/ndhagu/ndhagu.12.jpg,1,36,13,1,1
P2,Faces94,evaluation,several_enrollment_photographs,male/ndhagu,male/ndhagu/ndhagu.13.jpg,1,32,13,1,1
P2,Faces94,evaluation,several_enrollment_photographs,male/ndhagu,male/ndhagu/ndhagu.14.jpg,1,33,13,1,1
P2,Faces94,evaluation,several_enrollment_photographs,male/ndhagu,male/ndhagu/ndhagu.15.jpg,1,27,13,1,1
P2,Faces94,evaluation,several_enrollment_photographs,male/ndhagu,male/ndhagu/ndhagu.16.jpg,1,26,13,1,1
P2,Faces94,evaluation,several_enrollment_photographs,male/ndhagu,male/ndhagu/ndhagu.17.jpg,1,23,13,1,1
P2,Faces94,evaluation,several_enrollment_photographs,male/ndhagu,male/ndhagu/ndhagu.18.jpg,1,30,13,1,1
P2,Faces94,evaluation,several_enrollment_photographs,male/ndhagu,male/ndhagu/ndhagu.19.jpg,1,30,13,1,1
P2,Faces94,evaluation,several_enrollment_photographs,male/ndhagu,male/ndhagu/ndhagu.20.jpg,1,19,13,1,1
P2,Faces94,evaluation,several_enrollment_photographs,male/njmoor,male/njmoor/njmoor.11.jpg,1,27,13,1,1
P2,Faces94,evaluation,several_enrollment_photographs,male/njmoor,male/njmoor/njmoor.12.jpg,1,33,13,1,1
P2,Faces94,evaluation,several_enrollment_photographs,male/njmoor,male/njmoor/njmoor.13.jpg,1,33,13,1,1
P2,Faces94,evaluation,several_enrollment_photographs,male/njmoor,male/njmoor/njmoor.14.jpg,1,29,13,1,1
P2,Faces94,evaluation,several_enrollment_photographs,male/njmoor,male/njmoor/njmoor.15.jpg,1,34,13,1,1
P2,Faces94,evaluation,several_enrollment_photographs,male/njmoor,male/njmoor/njmoor.16.jpg,1,32,13,1,1
P2,Faces94,evaluation,several_enrollment_photographs,male/njmoor,male/njmoor/njmoor.17.jpg,1,35,13,1,1
P2,Faces94,evaluation,several_enrollment_photographs,male/njmoor,male/njmoor/njmoor.18.jpg,1,33,13,1,1
P2,Faces94,evaluation,several_enrollment_photographs,male/njmoor,male/njmoor/njmoor.19.jpg,1,33,13,1,1
P2,Faces94,evaluation,several_enrollment_photographs,male/njmoor,male/njmoor/njmoor.20.jpg,1,30,13,1,1
P2,Faces94,evaluation,several_enrollment_photographs,male/nwilli,male/nwilli/nwilli.11.jpg,1,22,13,1,1
P2,Faces94,evaluation,several_enrollment_photographs,male/nwilli,male/nwilli/nwilli.12.jpg,1,26,13,1,1
P2,Faces94,evaluation,several_enrollment_photographs,male/nwilli,male/nwilli/nwilli.13.jpg,1,23,13,1,1
P2,Faces94,evaluation,several_enrollment_photographs,male/nwilli,male/nwilli/nwilli.14.jpg,1,23,13,1,1
P2,Faces94,evaluation,several_enrollment_photographs,male/nwilli,male/nwilli/nwilli.15.jpg,1,18,13,1,1
P2,Faces94,evaluation,several_enrollment_photographs,male/nwilli,male/nwilli/nwilli.16.jpg,1,18,13,1,1
P2,Faces94,evaluation,several_enrollment_photographs,male/nwilli,male/nwilli/nwilli.17.jpg,1,21,13,1,1
P2,Faces94,evaluation,several_enrollment_photographs,male/nwilli,male/nwilli/nwilli.18.jpg,1,27,13,1,1
P2,Faces94,evaluation,several_enrollment_photographs,male/nwilli,male/nwilli/nwilli.19.jpg,1,21,13,1,1
P2,Faces94,evaluation,several_enrollment_photographs,male/nwilli,male/nwilli/nwilli.20.jpg,1,19,13,1,1
P2,Faces94,evaluation,several_enrollment_photographs,male/pspliu,male/pspliu/pspliu.11.jpg,1,32,13,1,1
P2,Faces94,evaluation,several_enrollment_photographs,male/pspliu,male/pspliu/pspliu.12.jpg,1,31,13,1,1
P2,Faces94,evaluation,several_enrollment_photographs,male/pspliu,male/pspliu/pspliu.13.jpg,1,31,13,1,1
P2,Faces94,evaluation,several_enrollment_photographs,male/pspliu,male/pspliu/pspliu.14.jpg,1,35,13,1,1
P2,Faces94,evaluation,several_enrollment_photographs,male/pspliu,male/pspliu/pspliu.15.jpg,1,30,13,1,1
P2,Faces94,evaluation,several_enrollment_photographs,male/pspliu,male/pspliu/pspliu.16.jpg,1,32,13,1,1
P2,Faces94,evaluation,several_enrollment_photographs,male/pspliu,male/pspliu/pspliu.17.jpg,1,34,13,1,1
P2,Faces94,evaluation,several_enrollment_photographs,male/pspliu,male/pspliu/pspliu.18.jpg,1,34,13,1,1
P2,Faces94,evaluation,several_enrollment_photographs,male/pspliu,male/pspliu/pspliu.19.jpg,1,30,13,1,1
P2,Faces94,evaluation,several_enrollment_photographs,male/pspliu,male/pspliu/pspliu.20.jpg,1,27,13,1,1
P2,Faces94,evaluation,several_enrollment_photographs,male/ptnich,male/ptnich/ptnich.1.jpg,0,9,13,0,1
P2,Faces94,evaluation,several_enrollment_photographs,male/ptnich,male/ptnich/ptnich.2.jpg,0,11,13,0,1
P2,Faces94,evaluation,several_enrollment_photographs,male/ptnich,male/ptnich/ptnich.3.jpg,0,9,13,0,1
P2,Faces94,evaluation,several_enrollment_photographs,male/ptnich,male/ptnich/ptnich.4.jpg,0,12,13,0,1
P2,Faces94,evaluation,several_enrollment_photographs,male/ptnich,male/ptnich/ptnich.5.jpg,0,12,13,0,1
P2,Faces94,evaluation,several_enrollment_photographs,male/ptnich,male/ptnich/ptnich.6.jpg,0,12,13,0,1
P2,Faces94,evaluation,several_enrollment_photographs,male/ptnich,male/ptnich/ptnich.7.jpg,0,11,13,0,1
P2,Faces94,evaluation,several_enrollment_photographs,male/ptnich,male/ptnich/ptnich.8.jpg,0,13,13,1,0
P2,Faces94,evaluation,several_enrollment_photographs,male/ptnich,male/ptnich/ptnich.9.jpg,0,11,13,0,1
P2,Faces94,evaluation,several_enrollment_photographs,male/ptnich,male/ptnich/ptnich.10.jpg,0,9,13,0,1
P2,Faces94,evaluation,several_enrollment_photographs,male/ptnich,male/ptnich/ptnich.11.jpg,0,4,13,0,1
P2,Faces94,evaluation,several_enrollment_photographs,male/ptnich,male/ptnich/ptnich.12.jpg,0,12,13,0,1
P2,Faces94,evaluation,several_enrollment_photographs,male/ptnich,male/ptnich/ptnich.13.jpg,0,11,13,0,1
P2,Faces94,evaluation,several_enrollment_photographs,male/ptnich,male/ptnich/ptnich.14.jpg,0,11,13,0,1
P2,Faces94,evaluation,several_enrollment_photographs,male/ptnich,male/ptnich/ptnich.15.jpg,0,10,13,0,1
P2,Faces94,evaluation,several_enrollment_photographs,male/ptnich,male/ptnich/ptnich.16.jpg,0,13,13,1,0
P2,Faces94,evaluation,several_enrollment_photographs,male/ptnich,male/ptnich/ptnich.17.jpg,0,15,13,1,0
P2,Faces94,evaluation,several_enrollment_photographs,male/ptnich,male/ptnich/ptnich.18.jpg,0,11,13,0,1
P2,Faces94,evaluation,several_enrollment_photographs,male/ptnich,male/ptnich/ptnich.19.jpg,0,11,13,0,1
P2,Faces94,evaluation,several_enrollment_photographs,male/ptnich,male/ptnich/ptnich.20.jpg,0,11,13,0,1
P2,Faces94,evaluation,several_enrollment_photographs,male/rgharr,male/rgharr/rgharr.11.jpg,1,28,13,1,1
P2,Faces94,evaluation,several_enrollment_photographs,male/rgharr,male/rgharr/rgharr.12.jpg,1,27,13,1,1
P2,Faces94,evaluation,several_enrollment_photographs,male/rgharr,male/rgharr/rgharr.13.jpg,1,31,13,1,1
P2,Faces94,evaluation,several_enrollment_photographs,male/rgharr,male/rgharr/rgharr.14.jpg,1,27,13,1,1
P2,Faces94,evaluation,several_enrollment_photographs,male/rgharr,male/rgharr/rgharr.15.jpg,1,27,13,1,1
P2,Faces94,evaluation,several_enrollment_photographs,male/rgharr,male/rgharr/rgharr.16.jpg,1,33,13,1,1
P2,Faces94,evaluation,several_enrollment_photographs,male/rgharr,male/rgharr/rgharr.17.jpg,1,25,13,1,1
P2,Faces94,evaluation,several_enrollment_photographs,male/rgharr,male/rgharr/rgharr.18.jpg,1,26,13,1,1
P2,Faces94,evaluation,several_enrollment_photographs,male/rgharr,male/rgharr/rgharr.19.jpg,1,27,13,1,1
P2,Faces94,evaluation,several_enrollment_photographs,male/rgharr,male/rgharr/rgharr.20.jpg,1,27,13,1,1
P2,Faces94,evaluation,several_enrollment_photographs,male/rgspru,male/rgspru/rgspru.11.jpg,1,31,13,1,1
P2,Faces94,evaluation,several_enrollment_photographs,male/rgspru,male/rgspru/rgspru.12.jpg,1,37,13,1,1
P2,Faces94,evaluation,several_enrollment_photographs,male/rgspru,male/rgspru/rgspru.13.jpg,1,34,13,1,1
P2,Faces94,evaluation,several_enrollment_photographs,male/rgspru,male/rgspru/rgspru.14.jpg,1,31,13,1,1
P2,Faces94,evaluation,several_enrollment_photographs,male/rgspru,male/rgspru/rgspru.15.jpg,1,31,13,1,1
P2,Faces94,evaluation,several_enrollment_photographs,male/rgspru,male/rgspru/rgspru.16.jpg,1,30,13,1,1
P2,Faces94,evaluation,several_enrollment_photographs,male/rgspru,male/rgspru/rgspru.17.jpg,1,29,13,1,1
P2,Faces94,evaluation,several_enrollment_photographs,male/rgspru,male/rgspru/rgspru.18.jpg,1,27,13,1,1
P2,Faces94,evaluation,several_enrollment_photographs,male/rgspru,male/rgspru/rgspru.19.jpg,1,23,13,1,1
P2,Faces94,evaluation,several_enrollment_photographs,male/rgspru,male/rgspru/rgspru.20.jpg,1,26,13,1,1
P2,Faces94,evaluation,several_enrollment_photographs,male/rjlabr,male/rjlabr/rjlabr.11.jpg,1,43,13,1,1
P2,Faces94,evaluation,several_enrollment_photographs,male/rjlabr,male/rjlabr/rjlabr.12.jpg,1,38,13,1,1
P2,Faces94,evaluation,several_enrollment_photographs,male/rjlabr,male/rjlabr/rjlabr.13.jpg,1,42,13,1,1
P2,Faces94,evaluation,several_enrollment_photographs,male/rjlabr,male/rjlabr/rjlabr.14.jpg,1,40,13,1,1
P2,Faces94,evaluation,several_enrollment_photographs,male/rjlabr,male/rjlabr/rjlabr.15.jpg,1,26,13,1,1
P2,Faces94,evaluation,several_enrollment_photographs,male/rjlabr,male/rjlabr/rjlabr.16.jpg,1,36,13,1,1
P2,Faces94,evaluation,several_enrollment_photographs,male/rjlabr,male/rjlabr/rjlabr.17.jpg,1,40,13,1,1
P2,Faces94,evaluation,several_enrollment_photographs,male/rjlabr,male/rjlabr/rjlabr.18.jpg,1,39,13,1,1
P2,Faces94,evaluation,several_enrollment_photographs,male/rjlabr,male/rjlabr/rjlabr.19.jpg,1,38,13,1,1
P2,Faces94,evaluation,several_enrollment_photographs,male/rjlabr,male/rjlabr/rjlabr.20.jpg,1,32,13,1,1
P2,Faces94,evaluation,several_enrollment_photographs,male/rmcoll,male/rmcoll/rmcoll.11.jpg,1,29,13,1,1
P2,Faces94,evaluation,several_enrollment_photographs,male/rmcoll,male/rmcoll/rmcoll.12.jpg,1,24,13,1,1
P2,Faces94,evaluation,several_enrollment_photographs,male/rmcoll,male/rmcoll/rmcoll.13.jpg,1,21,13,1,1
P2,Faces94,evaluation,several_enrollment_photographs,male/rmcoll,male/rmcoll/rmcoll.14.jpg,1,19,13,1,1
P2,Faces94,evaluation,several_enrollment_photographs,male/rmcoll,male/rmcoll/rmcoll.15.jpg,1,23,13,1,1
P2,Faces94,evaluation,several_enrollment_photographs,male/rmcoll,male/rmcoll/rmcoll.16.jpg,1,23,13,1,1
P2,Faces94,evaluation,several_enrollment_photographs,male/rmcoll,male/rmcoll/rmcoll.17.jpg,1,19,13,1,1
P2,Faces94,evaluation,several_enrollment_photographs,male/rmcoll,male/rmcoll/rmcoll.18.jpg,1,23,13,1,1
P2,Faces94,evaluation,several_enrollment_photographs,male/rmcoll,male/rmcoll/rmcoll.19.jpg,1,21,13,1,1
P2,Faces94,evaluation,several_enrollment_photographs,male/rmcoll,male/rmcoll/rmcoll.20.jpg,1,22,13,1,1
P2,Faces94,evaluation,several_enrollment_photographs,male/rsanti,male/rsanti/rsanti.11.jpg,1,15,13,1,1
P2,Faces94,evaluation,several_enrollment_photographs,male/rsanti,male/rsanti/rsanti.12.jpg,1,25,13,1,1
P2,Faces94,evaluation,several_enrollment_photographs,male/rsanti,male/rsanti/rsanti.13.jpg,1,21,13,1,1
P2,Faces94,evaluation,several_enrollment_photographs,male/rsanti,male/rsanti/rsanti.14.jpg,1,22,13,1,1
P2,Faces94,evaluation,several_enrollment_photographs,male/rsanti,male/rsanti/rsanti.15.jpg,1,25,13,1,1
P2,Faces94,evaluation,several_enrollment_photographs,male/rsanti,male/rsanti/rsanti.16.jpg,1,20,13,1,1
P2,Faces94,evaluation,several_enrollment_photographs,male/rsanti,male/rsanti/rsanti.17.jpg,1,20,13,1,1
P2,Faces94,evaluation,several_enrollment_photographs,male/rsanti,male/rsanti/rsanti.18.jpg,1,24,13,1,1
P2,Faces94,evaluation,several_enrollment_photographs,male/rsanti,male/rsanti/rsanti.19.jpg,1,21,13,1,1
P2,Faces94,evaluation,several_enrollment_photographs,male/rsanti,male/rsanti/rsanti.20.jpg,1,31,13,1,1
P2,Faces94,evaluation,several_enrollment_photographs,male/saedwa,male/saedwa/saedwa.11.jpg,1,34,13,1,1
P2,Faces94,evaluation,several_enrollment_photographs,male/saedwa,male/saedwa/saedwa.12.jpg,1,33,13,1,1
P2,Faces94,evaluation,several_enrollment_photographs,male/saedwa,male/saedwa/saedwa.13.jpg,1,36,13,1,1
P2,Faces94,evaluation,several_enrollment_photographs,male/saedwa,male/saedwa/saedwa.14.jpg,1,35,13,1,1
P2,Faces94,evaluation,several_enrollment_photographs,male/saedwa,male/saedwa/saedwa.15.jpg,1,30,13,1,1
P2,Faces94,evaluation,several_enrollment_photographs,male/saedwa,male/saedwa/saedwa.16.jpg,1,32,13,1,1
P2,Faces94,evaluation,several_enrollment_photographs,male/saedwa,male/saedwa/saedwa.17.jpg,1,34,13,1,1
P2,Faces94,evaluation,several_enrollment_photographs,male/saedwa,male/saedwa/saedwa.18.jpg,1,32,13,1,1
P2,Faces94,evaluation,several_enrollment_photographs,male/saedwa,male/saedwa/saedwa.19.jpg,1,40,13,1,1
P2,Faces94,evaluation,several_enrollment_photographs,male/saedwa,male/saedwa/saedwa.20.jpg,1,31,13,1,1
P2,Faces94,evaluation,several_enrollment_photographs,male/skumar,male/skumar/skumar.11.jpg,1,29,13,1,1
P2,Faces94,evaluation,several_enrollment_photographs,male/skumar,male/skumar/skumar.12.jpg,1,25,13,1,1
P2,Faces94,evaluation,several_enrollment_photographs,male/skumar,male/skumar/skumar.13.jpg,1,19,13,1,1
P2,Faces94,evaluation,several_enrollment_photographs,male/skumar,male/skumar/skumar.14.jpg,1,30,13,1,1
P2,Faces94,evaluation,several_enrollment_photographs,male/skumar,male/skumar/skumar.15.jpg,1,14,13,1,1
P2,Faces94,evaluation,several_enrollment_photographs,male/skumar,male/skumar/skumar.16.jpg,1,25,13,1,1
P2,Faces94,evaluation,several_enrollment_photographs,male/skumar,male/skumar/skumar.17.jpg,1,26,13,1,1
P2,Faces94,evaluation,several_enrollment_photographs,male/skumar,male/skumar/skumar.18.jpg,1,19,13,1,1
P2,Faces94,evaluation,several_enrollment_photographs,male/skumar,male/skumar/skumar.19.jpg,1,27,13,1,1
P2,Faces94,evaluation,several_enrollment_photographs,male/skumar,male/skumar/skumar.20.jpg,1,22,13,1,1
P2,Faces94,evaluation,several_enrollment_photographs,male/smrobb,male/smrobb/smrobb.11.jpg,1,20,13,1,1
P2,Faces94,evaluation,several_enrollment_photographs,male/smrobb,male/smrobb/smrobb.12.jpg,1,10,13,0,0
P2,Faces94,evaluation,several_enrollment_photographs,male/smrobb,male/smrobb/smrobb.13.jpg,1,14,13,1,1
P2,Faces94,evaluation,several_enrollment_photographs,male/smrobb,male/smrobb/smrobb.14.jpg,1,22,13,1,1
P2,Faces94,evaluation,several_enrollment_photographs,male/smrobb,male/smrobb/smrobb.15.jpg,1,16,13,1,1
P2,Faces94,evaluation,several_enrollment_photographs,male/smrobb,male/smrobb/smrobb.16.jpg,1,21,13,1,1
P2,Faces94,evaluation,several_enrollment_photographs,male/smrobb,male/smrobb/smrobb.17.jpg,1,21,13,1,1
P2,Faces94,evaluation,several_enrollment_photographs,male/smrobb,male/smrobb/smrobb.18.jpg,1,21,13,1,1
P2,Faces94,evaluation,several_enrollment_photographs,male/smrobb,male/smrobb/smrobb.19.jpg,1,18,13,1,1
P2,Faces94,evaluation,several_enrollment_photographs,male/smrobb,male/smrobb/smrobb.20.jpg,1,23,13,1,1
P2,Faces94,evaluation,several_enrollment_photographs,male/svkriz,male/svkriz/svkriz.11.jpg,1,40,13,1,1
P2,Faces94,evaluation,several_enrollment_photographs,male/svkriz,male/svkriz/svkriz.12.jpg,1,42,13,1,1
P2,Faces94,evaluation,several_enrollment_photographs,male/svkriz,male/svkriz/svkriz.13.jpg,1,33,13,1,1
P2,Faces94,evaluation,several_enrollment_photographs,male/svkriz,male/svkriz/svkriz.14.jpg,1,24,13,1,1
P2,Faces94,evaluation,several_enrollment_photographs,male/svkriz,male/svkriz/svkriz.15.jpg,1,23,13,1,1
P2,Faces94,evaluation,several_enrollment_photographs,male/svkriz,male/svkriz/svkriz.16.jpg,1,30,13,1,1
P2,Faces94,evaluation,several_enrollment_photographs,male/svkriz,male/svkriz/svkriz.17.jpg,1,24,13,1,1
P2,Faces94,evaluation,several_enrollment_photographs,male/svkriz,male/svkriz/svkriz.18.jpg,1,30,13,1,1
P2,Faces94,evaluation,several_enrollment_photographs,male/svkriz,male/svkriz/svkriz.19.jpg,1,25,13,1,1
P2,Faces94,evaluation,several_enrollment_photographs,male/svkriz,male/svkriz/svkriz.20.jpg,1,26,13,1,1
P2,Faces94,evaluation,several_enrollment_photographs,male/swewin,male/swewin/swewin.11.jpg,1,22,13,1,1
P2,Faces94,evaluation,several_enrollment_photographs,male/swewin,male/swewin/swewin.12.jpg,1,26,13,1,1
P2,Faces94,evaluation,several_enrollment_photographs,male/swewin,male/swewin/swewin.13.jpg,1,29,13,1,1
P2,Faces94,evaluation,several_enrollment_photographs,male/swewin,male/swewin/swewin.14.jpg,1,28,13,1,1
P2,Faces94,evaluation,several_enrollment_photographs,male/swewin,male/swewin/swewin.15.jpg,1,27,13,1,1
P2,Faces94,evaluation,several_enrollment_photographs,male/swewin,male/swewin/swewin.16.jpg,1,27,13,1,1
P2,Faces94,evaluation,several_enrollment_photographs,male/swewin,male/swewin/swewin.17.jpg,1,31,13,1,1
P2,Faces94,evaluation,several_enrollment_photographs,male/swewin,male/swewin/swewin.18.jpg,1,23,13,1,1
P2,Faces94,evaluation,several_enrollment_photographs,male/swewin,male/swewin/swewin.19.jpg,1,28,13,1,1
P2,Faces94,evaluation,several_enrollment_photographs,male/swewin,male/swewin/swewin.20.jpg,1,32,13,1,1
P2,Faces94,evaluation,several_enrollment_photographs,male/swsmit,male/swsmit/swsmit.11.jpg,1,25,13,1,1
P2,Faces94,evaluation,several_enrollment_photographs,male/swsmit,male/swsmit/swsmit.12.jpg,1,32,13,1,1
P2,Faces94,evaluation,several_enrollment_photographs,male/swsmit,male/swsmit/swsmit.13.jpg,1,35,13,1,1
P2,Faces94,evaluation,several_enrollment_photographs,male/swsmit,male/swsmit/swsmit.14.jpg,1,30,13,1,1
P2,Faces94,evaluation,several_enrollment_photographs,male/swsmit,male/swsmit/swsmit.15.jpg,1,32,13,1,1
P2,Faces94,evaluation,several_enrollment_photographs,male/swsmit,male/swsmit/swsmit.16.jpg,1,23,13,1,1
P2,Faces94,evaluation,several_enrollment_photographs,male/swsmit,male/swsmit/swsmit.17.jpg,1,35,13,1,1
P2,Faces94,evaluation,several_enrollment_photographs,male/swsmit,male/swsmit/swsmit.18.jpg,1,35,13,1,1
P2,Faces94,evaluation,several_enrollment_photographs,male/swsmit,male/swsmit/swsmit.19.jpg,1,33,13,1,1
P2,Faces94,evaluation,several_enrollment_photographs,male/swsmit,male/swsmit/swsmit.20.jpg,1,29,13,1,1
P2,Faces94,evaluation,several_enrollment_photographs,male/vpsavo,male/vpsavo/vpsavo.11.jpg,1,26,13,1,1
P2,Faces94,evaluation,several_enrollment_photographs,male/vpsavo,male/vpsavo/vpsavo.12.jpg,1,23,13,1,1
P2,Faces94,evaluation,several_enrollment_photographs,male/vpsavo,male/vpsavo/vpsavo.13.jpg,1,23,13,1,1
P2,Faces94,evaluation,several_enrollment_photographs,male/vpsavo,male/vpsavo/vpsavo.14.jpg,1,27,13,1,1
P2,Faces94,evaluation,several_enrollment_photographs,male/vpsavo,male/vpsavo/vpsavo.15.jpg,1,24,13,1,1
P2,Faces94,evaluation,several_enrollment_photographs,male/vpsavo,male/vpsavo/vpsavo.16.jpg,1,22,13,1,1
P2,Faces94,evaluation,several_enrollment_photographs,male/vpsavo,male/vpsavo/vpsavo.17.jpg,1,22,13,1,1
P2,Faces94,evaluation,several_enrollment_photographs,male/vpsavo,male/vpsavo/vpsavo.18.jpg,1,26,13,1,1
P2,Faces94,evaluation,several_enrollment_photographs,male/vpsavo,male/vpsavo/vpsavo.19.jpg,1,21,13,1,1
P2,Faces94,evaluation,several_enrollment_photographs,male/vpsavo,male/vpsavo/vpsavo.20.jpg,1,22,13,1,1
P2,Faces94,evaluation,several_enrollment_photographs,male/wjalbe,male/wjalbe/wjalbe.11.jpg,1,33,13,1,1
P2,Faces94,evaluation,several_enrollment_photographs,male/wjalbe,male/wjalbe/wjalbe.12.jpg,1,26,13,1,1
P2,Faces94,evaluation,several_enrollment_photographs,male/wjalbe,male/wjalbe/wjalbe.13.jpg,1,32,13,1,1
P2,Faces94,evaluation,several_enrollment_photographs,male/wjalbe,male/wjalbe/wjalbe.14.jpg,1,27,13,1,1
P2,Faces94,evaluation,several_enrollment_photographs,male/wjalbe,male/wjalbe/wjalbe.15.jpg,1,30,13,1,1
P2,Faces94,evaluation,several_enrollment_photographs,male/wjalbe,male/wjalbe/wjalbe.16.jpg,1,22,13,1,1
P2,Faces94,evaluation,several_enrollment_photographs,male/wjalbe,male/wjalbe/wjalbe.17.jpg,1,22,13,1,1
P2,Faces94,evaluation,several_enrollment_photographs,male/wjalbe,male/wjalbe/wjalbe.18.jpg,1,28,13,1,1
P2,Faces94,evaluation,several_enrollment_photographs,male/wjalbe,male/wjalbe/wjalbe.19.jpg,1,30,13,1,1
P2,Faces94,evaluation,several_enrollment_photographs,male/wjalbe,male/wjalbe/wjalbe.20.jpg,1,22,13,1,1
P2,Faces94,evaluation,several_enrollment_photographs,malestaff/anonym1,malestaff/anonym1/anonym1.11.jpg,1,39,13,1,1
P2,Faces94,evaluation,several_enrollment_photographs,malestaff/anonym1,malestaff/anonym1/anonym1.12.jpg,1,28,13,1,1
P2,Faces94,evaluation,several_enrollment_photographs,malestaff/anonym1,malestaff/anonym1/anonym1.13.jpg,1,29,13,1,1
P2,Faces94,evaluation,several_enrollment_photographs,malestaff/anonym1,malestaff/anonym1/anonym1.14.jpg,1,33,13,1,1
P2,Faces94,evaluation,several_enrollment_photographs,malestaff/anonym1,malestaff/anonym1/anonym1.15.jpg,1,40,13,1,1
P2,Faces94,evaluation,several_enrollment_photographs,malestaff/anonym1,malestaff/anonym1/anonym1.16.jpg,1,39,13,1,1
P2,Faces94,evaluation,several_enrollment_photographs,malestaff/anonym1,malestaff/anonym1/anonym1.17.jpg,1,37,13,1,1
P2,Faces94,evaluation,several_enrollment_photographs,malestaff/anonym1,malestaff/anonym1/anonym1.18.jpg,1,39,13,1,1
P2,Faces94,evaluation,several_enrollment_photographs,malestaff/anonym1,malestaff/anonym1/anonym1.19.jpg,1,35,13,1,1
P2,Faces94,evaluation,several_enrollment_photographs,malestaff/anonym1,malestaff/anonym1/anonym1.20.jpg,1,32,13,1,1
P2,Faces94,evaluation,several_enrollment_photographs,malestaff/anonym2,malestaff/anonym2/anonym2.11.jpg,1,24,13,1,1
P2,Faces94,evaluation,several_enrollment_photographs,malestaff/anonym2,malestaff/anonym2/anonym2.12.jpg,1,18,13,1,1
P2,Faces94,evaluation,several_enrollment_photographs,malestaff/anonym2,malestaff/anonym2/anonym2.13.jpg,1,15,13,1,1
P2,Faces94,evaluation,several_enrollment_photographs,malestaff/anonym2,malestaff/anonym2/anonym2.14.jpg,1,19,13,1,1
P2,Faces94,evaluation,several_enrollment_photographs,malestaff/anonym2,malestaff/anonym2/anonym2.15.jpg,1,11,13,0,0
P2,Faces94,evaluation,several_enrollment_photographs,malestaff/anonym2,malestaff/anonym2/anonym2.16.jpg,1,22,13,1,1
P2,Faces94,evaluation,several_enrollment_photographs,malestaff/anonym2,malestaff/anonym2/anonym2.17.jpg,1,22,13,1,1
P2,Faces94,evaluation,several_enrollment_photographs,malestaff/anonym2,malestaff/anonym2/anonym2.18.jpg,1,18,13,1,1
P2,Faces94,evaluation,several_enrollment_photographs,malestaff/anonym2,malestaff/anonym2/anonym2.19.jpg,1,12,13,0,0
P2,Faces94,evaluation,several_enrollment_photographs,malestaff/anonym2,malestaff/anonym2/anonym2.20.jpg,1,13,13,1,1
P2,Faces94,evaluation,several_enrollment_photographs,malestaff/cwang,malestaff/cwang/cwang.11.jpg,1,31,13,1,1
P2,Faces94,evaluation,several_enrollment_photographs,malestaff/cwang,malestaff/cwang/cwang.12.jpg,1,22,13,1,1
P2,Faces94,evaluation,several_enrollment_photographs,malestaff/cwang,malestaff/cwang/cwang.13.jpg,1,29,13,1,1
P2,Faces94,evaluation,several_enrollment_photographs,malestaff/cwang,malestaff/cwang/cwang.14.jpg,1,30,13,1,1
P2,Faces94,evaluation,several_enrollment_photographs,malestaff/cwang,malestaff/cwang/cwang.15.jpg,1,22,13,1,1
P2,Faces94,evaluation,several_enrollment_photographs,malestaff/cwang,malestaff/cwang/cwang.16.jpg,1,23,13,1,1
P2,Faces94,evaluation,several_enrollment_photographs,malestaff/cwang,malestaff/cwang/cwang.17.jpg,1,27,13,1,1
P2,Faces94,evaluation,several_enrollment_photographs,malestaff/cwang,malestaff/cwang/cwang.18.jpg,1,24,13,1,1
P2,Faces94,evaluation,several_enrollment_photographs,malestaff/cwang,malestaff/cwang/cwang.19.jpg,1,17,13,1,1
P2,Faces94,evaluation,several_enrollment_photographs,malestaff/cwang,malestaff/cwang/cwang.20.jpg,1,20,13,1,1
P2,Faces94,evaluation,several_enrollment_photographs,malestaff/hensm,malestaff/hensm/hensm.11.jpg,1,29,13,1,1
P2,Faces94,evaluation,several_enrollment_photographs,malestaff/hensm,malestaff/hensm/hensm.12.jpg,1,32,13,1,1
P2,Faces94,evaluation,several_enrollment_photographs,malestaff/hensm,malestaff/hensm/hensm.13.jpg,1,38,13,1,1
P2,Faces94,evaluation,several_enrollment_photographs,malestaff/hensm,malestaff/hensm/hensm.14.jpg,1,32,13,1,1
P2,Faces94,evaluation,several_enrollment_photographs,malestaff/hensm,malestaff/hensm/hensm.15.jpg,1,12,13,0,0
P2,Faces94,evaluation,several_enrollment_photographs,malestaff/hensm,malestaff/hensm/hensm.16.jpg,1,14,13,1,1
P2,Faces94,evaluation,several_enrollment_photographs,malestaff/hensm,malestaff/hensm/hensm.17.jpg,1,15,13,1,1
P2,Faces94,evaluation,several_enrollment_photographs,malestaff/hensm,malestaff/hensm/hensm.18.jpg,1,15,13,1,1
P2,Faces94,evaluation,several_enrollment_photographs,malestaff/hensm,malestaff/hensm/hensm.19.jpg,1,14,13,1,1
P2,Faces94,evaluation,several_enrollment_photographs,malestaff/hensm,malestaff/hensm/hensm.20.jpg,1,13,13,1,1
P2,Faces94,evaluation,several_enrollment_photographs,malestaff/ieorf,malestaff/ieorf/ieorf.11.jpg,1,32,13,1,1
P2,Faces94,evaluation,several_enrollment_photographs,malestaff/ieorf,malestaff/ieorf/ieorf.12.jpg,1,15,13,1,1
P2,Faces94,evaluation,several_enrollment_photographs,malestaff/ieorf,malestaff/ieorf/ieorf.13.jpg,1,21,13,1,1
P2,Faces94,evaluation,several_enrollment_photographs,malestaff/ieorf,malestaff/ieorf/ieorf.14.jpg,1,29,13,1,1
P2,Faces94,evaluation,several_enrollment_photographs,malestaff/ieorf,malestaff/ieorf/ieorf.15.jpg,1,28,13,1,1
P2,Faces94,evaluation,several_enrollment_photographs,malestaff/ieorf,malestaff/ieorf/ieorf.16.jpg,1,18,13,1,1
P2,Faces94,evaluation,several_enrollment_photographs,malestaff/ieorf,malestaff/ieorf/ieorf.17.jpg,1,17,13,1,1
P2,Faces94,evaluation,several_enrollment_photographs,malestaff/ieorf,malestaff/ieorf/ieorf.18.jpg,1,23,13,1,1
P2,Faces94,evaluation,several_enrollment_photographs,malestaff/ieorf,malestaff/ieorf/ieorf.19.jpg,1,20,13,1,1
P2,Faces94,evaluation,several_enrollment_photographs,malestaff/ieorf,malestaff/ieorf/ieorf.20.jpg,1,21,13,1,1
P2,Faces94,evaluation,several_enrollment_photographs,malestaff/lyond,malestaff/lyond/lyond.1.jpg,0,3,13,0,1
P2,Faces94,evaluation,several_enrollment_photographs,malestaff/lyond,malestaff/lyond/lyond.2.jpg,0,5,13,0,1
P2,Faces94,evaluation,several_enrollment_photographs,malestaff/lyond,malestaff/lyond/lyond.3.jpg,0,5,13,0,1
P2,Faces94,evaluation,several_enrollment_photographs,malestaff/lyond,malestaff/lyond/lyond.4.jpg,0,4,13,0,1
P2,Faces94,evaluation,several_enrollment_photographs,malestaff/lyond,malestaff/lyond/lyond.5.jpg,0,8,13,0,1
P2,Faces94,evaluation,several_enrollment_photographs,malestaff/lyond,malestaff/lyond/lyond.6.jpg,0,8,13,0,1
P2,Faces94,evaluation,several_enrollment_photographs,malestaff/lyond,malestaff/lyond/lyond.7.jpg,0,9,13,0,1
P2,Faces94,evaluation,several_enrollment_photographs,malestaff/lyond,malestaff/lyond/lyond.8.jpg,0,2,13,0,1
P2,Faces94,evaluation,several_enrollment_photographs,malestaff/lyond,malestaff/lyond/lyond.9.jpg,0,9,13,0,1
P2,Faces94,evaluation,several_enrollment_photographs,malestaff/lyond,malestaff/lyond/lyond.10.jpg,0,9,13,0,1
P2,Faces94,evaluation,several_enrollment_photographs,malestaff/lyond,malestaff/lyond/lyond.11.jpg,0,2,13,0,1
P2,Faces94,evaluation,several_enrollment_photographs,malestaff/lyond,malestaff/lyond/lyond.12.jpg,0,6,13,0,1
P2,Faces94,evaluation,several_enrollment_photographs,malestaff/lyond,malestaff/lyond/lyond.13.jpg,0,3,13,0,1
P2,Faces94,evaluation,several_enrollment_photographs,malestaff/lyond,malestaff/lyond/lyond.14.jpg,0,5,13,0,1
P2,Faces94,evaluation,several_enrollment_photographs,malestaff/lyond,malestaff/lyond/lyond.15.jpg,0,7,13,0,1
P2,Faces94,evaluation,several_enrollment_photographs,malestaff/lyond,malestaff/lyond/lyond.16.jpg,0,4,13,0,1
P2,Faces94,evaluation,several_enrollment_photographs,malestaff/lyond,malestaff/lyond/lyond.17.jpg,0,8,13,0,1
P2,Faces94,evaluation,several_enrollment_photographs,malestaff/lyond,malestaff/lyond/lyond.18.jpg,0,5,13,0,1
P2,Faces94,evaluation,several_enrollment_photographs,malestaff/lyond,malestaff/lyond/lyond.19.jpg,0,5,13,0,1
P2,Faces94,evaluation,several_enrollment_photographs,malestaff/lyond,malestaff/lyond/lyond.20.jpg,0,6,13,0,1
P2,Faces94,evaluation,several_enrollment_photographs,malestaff/michael,malestaff/michael/michael.11.jpg,1,25,13,1,1
P2,Faces94,evaluation,several_enrollment_photographs,malestaff/michael,malestaff/michael/michael.12.jpg,1,35,13,1,1
P2,Faces94,evaluation,several_enrollment_photographs,malestaff/michael,malestaff/michael/michael.13.jpg,1,32,13,1,1
P2,Faces94,evaluation,several_enrollment_photographs,malestaff/michael,malestaff/michael/michael.14.jpg,1,32,13,1,1
P2,Faces94,evaluation,several_enrollment_photographs,malestaff/michael,malestaff/michael/michael.15.jpg,1,34,13,1,1
P2,Faces94,evaluation,several_enrollment_photographs,malestaff/michael,malestaff/michael/michael.16.jpg,1,27,13,1,1
P2,Faces94,evaluation,several_enrollment_photographs,malestaff/michael,malestaff/michael/michael.17.jpg,1,31,13,1,1
P2,Faces94,evaluation,several_enrollment_photographs,malestaff/michael,malestaff/michael/michael.18.jpg,1,27,13,1,1
P2,Faces94,evaluation,several_enrollment_photographs,malestaff/michael,malestaff/michael/michael.19.jpg,1,28,13,1,1
P2,Faces94,evaluation,several_enrollment_photographs,malestaff/michael,malestaff/michael/michael.20.jpg,1,30,13,1,1
P2,Faces94,evaluation,several_enrollment_photographs,malestaff/obeidn,malestaff/obeidn/obeidn.11.jpg,1,35,13,1,1
P2,Faces94,evaluation,several_enrollment_photographs,malestaff/obeidn,malestaff/obeidn/obeidn.12.jpg,1,37,13,1,1
P2,Faces94,evaluation,several_enrollment_photographs,malestaff/obeidn,malestaff/obeidn/obeidn.13.jpg,1,37,13,1,1
P2,Faces94,evaluation,several_enrollment_photographs,malestaff/obeidn,malestaff/obeidn/obeidn.14.jpg,1,33,13,1,1
P2,Faces94,evaluation,several_enrollment_photographs,malestaff/obeidn,malestaff/obeidn/obeidn.15.jpg,1,34,13,1,1
P2,Faces94,evaluation,several_enrollment_photographs,malestaff/obeidn,malestaff/obeidn/obeidn.16.jpg,1,36,13,1,1
P2,Faces94,evaluation,several_enrollment_photographs,malestaff/obeidn,malestaff/obeidn/obeidn.17.jpg,1,36,13,1,1
P2,Faces94,evaluation,several_enrollment_photographs,malestaff/obeidn,malestaff/obeidn/obeidn.18.jpg,1,33,13,1,1
P2,Faces94,evaluation,several_enrollment_photographs,malestaff/obeidn,malestaff/obeidn/obeidn.19.jpg,1,38,13,1,1
P2,Faces94,evaluation,several_enrollment_photographs,malestaff/obeidn,malestaff/obeidn/obeidn.20.jpg,1,39,13,1,1
P2,Faces94,evaluation,several_enrollment_photographs,malestaff/robin,malestaff/robin/robin.1.jpg,0,8,13,0,1
P2,Faces94,evaluation,several_enrollment_photographs,malestaff/robin,malestaff/robin/robin.2.jpg,0,12,13,0,1
P2,Faces94,evaluation,several_enrollment_photographs,malestaff/robin,malestaff/robin/robin.3.jpg,0,12,13,0,1
P2,Faces94,evaluation,several_enrollment_photographs,malestaff/robin,malestaff/robin/robin.4.jpg,0,12,13,0,1
P2,Faces94,evaluation,several_enrollment_photographs,malestaff/robin,malestaff/robin/robin.5.jpg,0,11,13,0,1
P2,Faces94,evaluation,several_enrollment_photographs,malestaff/robin,malestaff/robin/robin.6.jpg,0,7,13,0,1
P2,Faces94,evaluation,several_enrollment_photographs,malestaff/robin,malestaff/robin/robin.7.jpg,0,12,13,0,1
P2,Faces94,evaluation,several_enrollment_photographs,malestaff/robin,malestaff/robin/robin.8.jpg,0,8,13,0,1
P2,Faces94,evaluation,several_enrollment_photographs,malestaff/robin,malestaff/robin/robin.9.jpg,0,11,13,0,1
P2,Faces94,evaluation,several_enrollment_photographs,malestaff/robin,malestaff/robin/robin.10.jpg,0,12,13,0,1
P2,Faces94,evaluation,several_enrollment_photographs,malestaff/robin,malestaff/robin/robin.11.jpg,0,9,13,0,1
P2,Faces94,evaluation,several_enrollment_photographs,malestaff/robin,malestaff/robin/robin.12.jpg,0,6,13,0,1
P2,Faces94,evaluation,several_enrollment_photographs,malestaff/robin,malestaff/robin/robin.13.jpg,0,6,13,0,1
P2,Faces94,evaluation,several_enrollment_photographs,malestaff/robin,malestaff/robin/robin.14.jpg,0,10,13,0,1
P2,Faces94,evaluation,several_enrollment_photographs,malestaff/robin,malestaff/robin/robin.15.jpg,0,9,13,0,1
P2,Faces94,evaluation,several_enrollment_photographs,malestaff/robin,malestaff/robin/robin.16.jpg,0,9,13,0,1
P2,Faces94,evaluation,several_enrollment_photographs,malestaff/robin,malestaff/robin/robin.17.jpg,0,10,13,0,1
P2,Faces94,evaluation,several_enrollment_photographs,malestaff/robin,malestaff/robin/robin.18.jpg,0,10,13,0,1
P2,Faces94,evaluation,several_enrollment_photographs,malestaff/robin,malestaff/robin/robin.19.jpg,0,12,13,0,1
P2,Faces94,evaluation,several_enrollment_photographs,malestaff/robin,malestaff/robin/robin.20.jpg,0,13,13,1,0
P2,Faces94,evaluation,several_enrollment_photographs,malestaff/sandm,malestaff/sandm/sandm.11.jpg,1,38,13,1,1
P2,Faces94,evaluation,several_enrollment_photographs,malestaff/sandm,malestaff/sandm/sandm.12.jpg,1,29,13,1,1
P2,Faces94,evaluation,several_enrollment_photographs,malestaff/sandm,malestaff/sandm/sandm.13.jpg,1,27,13,1,1
P2,Faces94,evaluation,several_enrollment_photographs,malestaff/sandm,malestaff/sandm/sandm.14.jpg,1,32,13,1,1
P2,Faces94,evaluation,several_enrollment_photographs,malestaff/sandm,malestaff/sandm/sandm.15.jpg,1,29,13,1,1
P2,Faces94,evaluation,several_enrollment_photographs,malestaff/sandm,malestaff/sandm/sandm.16.jpg,1,25,13,1,1
P2,Faces94,evaluation,several_enrollment_photographs,malestaff/sandm,malestaff/sandm/sandm.17.jpg,1,23,13,1,1
P2,Faces94,evaluation,several_enrollment_photographs,malestaff/sandm,malestaff/sandm/sandm.18.jpg,1,26,13,1,1
P2,Faces94,evaluation,several_enrollment_photographs,malestaff/sandm,malestaff/sandm/sandm.19.jpg,1,37,13,1,1
P2,Faces94,evaluation,several_enrollment_photographs,malestaff/sandm,malestaff/sandm/sandm.20.jpg,1,24,13,1,1
P3,Faces94,evaluation,several_enrollment_photographs,female/9336923,female/9336923/9336923.11.jpg,1,32,14,1,1
P3,Faces94,evaluation,several_enrollment_photographs,female/9336923,female/9336923/9336923.12.jpg,1,34,14,1,1
P3,Faces94,evaluation,several_enrollment_photographs,female/9336923,female/9336923/9336923.13.jpg,1,27,14,1,1
P3,Faces94,evaluation,several_enrollment_photographs,female/9336923,female/9336923/9336923.14.jpg,1,30,14,1,1
P3,Faces94,evaluation,several_enrollment_photographs,female/9336923,female/9336923/9336923.15.jpg,1,30,14,1,1
P3,Faces94,evaluation,several_enrollment_photographs,female/9336923,female/9336923/9336923.16.jpg,1,36,14,1,1
P3,Faces94,evaluation,several_enrollment_photographs,female/9336923,female/9336923/9336923.17.jpg,1,27,14,1,1
P3,Faces94,evaluation,several_enrollment_photographs,female/9336923,female/9336923/9336923.18.jpg,1,20,14,1,1
P3,Faces94,evaluation,several_enrollment_photographs,female/9336923,female/9336923/9336923.19.jpg,1,28,14,1,1
P3,Faces94,evaluation,several_enrollment_photographs,female/9336923,female/9336923/9336923.20.jpg,1,24,14,1,1
P3,Faces94,evaluation,several_enrollment_photographs,female/astefa,female/astefa/astefa.11.jpg,1,22,14,1,1
P3,Faces94,evaluation,several_enrollment_photographs,female/astefa,female/astefa/astefa.12.jpg,1,24,14,1,1
P3,Faces94,evaluation,several_enrollment_photographs,female/astefa,female/astefa/astefa.13.jpg,1,26,14,1,1
P3,Faces94,evaluation,several_enrollment_photographs,female/astefa,female/astefa/astefa.14.jpg,1,23,14,1,1
P3,Faces94,evaluation,several_enrollment_photographs,female/astefa,female/astefa/astefa.15.jpg,1,20,14,1,1
P3,Faces94,evaluation,several_enrollment_photographs,female/astefa,female/astefa/astefa.16.jpg,1,24,14,1,1
P3,Faces94,evaluation,several_enrollment_photographs,female/astefa,female/astefa/astefa.17.jpg,1,23,14,1,1
P3,Faces94,evaluation,several_enrollment_photographs,female/astefa,female/astefa/astefa.18.jpg,1,23,14,1,1
P3,Faces94,evaluation,several_enrollment_photographs,female/astefa,female/astefa/astefa.19.jpg,1,15,14,1,1
P3,Faces94,evaluation,several_enrollment_photographs,female/astefa,female/astefa/astefa.20.jpg,1,20,14,1,1
P3,Faces94,evaluation,several_enrollment_photographs,female/elduns,female/elduns/elduns.11.jpg,1,39,14,1,1
P3,Faces94,evaluation,several_enrollment_photographs,female/elduns,female/elduns/elduns.12.jpg,1,27,14,1,1
P3,Faces94,evaluation,several_enrollment_photographs,female/elduns,female/elduns/elduns.13.jpg,1,28,14,1,1
P3,Faces94,evaluation,several_enrollment_photographs,female/elduns,female/elduns/elduns.14.jpg,1,28,14,1,1
P3,Faces94,evaluation,several_enrollment_photographs,female/elduns,female/elduns/elduns.15.jpg,1,26,14,1,1
P3,Faces94,evaluation,several_enrollment_photographs,female/elduns,female/elduns/elduns.16.jpg,1,26,14,1,1
P3,Faces94,evaluation,several_enrollment_photographs,female/elduns,female/elduns/elduns.17.jpg,1,29,14,1,1
P3,Faces94,evaluation,several_enrollment_photographs,female/elduns,female/elduns/elduns.18.jpg,1,22,14,1,1
P3,Faces94,evaluation,several_enrollment_photographs,female/elduns,female/elduns/elduns.19.jpg,1,20,14,1,1
P3,Faces94,evaluation,several_enrollment_photographs,female/elduns,female/elduns/elduns.20.jpg,1,30,14,1,1
P3,Faces94,evaluation,several_enrollment_photographs,female/ksunth,female/ksunth/ksunth.1.jpg,0,5,14,0,1
P3,Faces94,evaluation,several_enrollment_photographs,female/ksunth,female/ksunth/ksunth.9.jpg,0,4,14,0,1
P3,Faces94,evaluation,several_enrollment_photographs,female/ksunth,female/ksunth/ksunth.10.jpg,0,8,14,0,1
P3,Faces94,evaluation,several_enrollment_photographs,female/ksunth,female/ksunth/ksunth.11.jpg,0,2,14,0,1
P3,Faces94,evaluation,several_enrollment_photographs,female/ksunth,female/ksunth/ksunth.15.jpg,0,6,14,0,1
P3,Faces94,evaluation,several_enrollment_photographs,female/ksunth,female/ksunth/ksunth.16.jpg,0,5,14,0,1
P3,Faces94,evaluation,several_enrollment_photographs,female/ksunth,female/ksunth/ksunth.17.jpg,0,4,14,0,1
P3,Faces94,evaluation,several_enrollment_photographs,female/ksunth,female/ksunth/ksunth.19.jpg,0,3,14,0,1
P3,Faces94,evaluation,several_enrollment_photographs,female/ksunth,female/ksunth/ksunth.20.jpg,0,7,14,0,1
P3,Faces94,evaluation,several_enrollment_photographs,female/lfso,female/lfso/lfso.11.jpg,1,37,14,1,1
P3,Faces94,evaluation,several_enrollment_photographs,female/lfso,female/lfso/lfso.12.jpg,1,34,14,1,1
P3,Faces94,evaluation,several_enrollment_photographs,female/lfso,female/lfso/lfso.13.jpg,1,28,14,1,1
P3,Faces94,evaluation,several_enrollment_photographs,female/lfso,female/lfso/lfso.14.jpg,1,32,14,1,1
P3,Faces94,evaluation,several_enrollment_photographs,female/lfso,female/lfso/lfso.15.jpg,1,29,14,1,1
P3,Faces94,evaluation,several_enrollment_photographs,female/lfso,female/lfso/lfso.16.jpg,1,28,14,1,1
P3,Faces94,evaluation,several_enrollment_photographs,female/lfso,female/lfso/lfso.17.jpg,1,30,14,1,1
P3,Faces94,evaluation,several_enrollment_photographs,female/lfso,female/lfso/lfso.18.jpg,1,34,14,1,1
P3,Faces94,evaluation,several_enrollment_photographs,female/lfso,female/lfso/lfso.19.jpg,1,28,14,1,1
P3,Faces94,evaluation,several_enrollment_photographs,female/lfso,female/lfso/lfso.20.jpg,1,31,14,1,1
P3,Faces94,evaluation,several_enrollment_photographs,female/sbains,female/sbains/sbains.11.jpg,1,21,14,1,1
P3,Faces94,evaluation,several_enrollment_photographs,female/sbains,female/sbains/sbains.12.jpg,1,26,14,1,1
P3,Faces94,evaluation,several_enrollment_photographs,female/sbains,female/sbains/sbains.13.jpg,1,24,14,1,1
P3,Faces94,evaluation,several_enrollment_photographs,female/sbains,female/sbains/sbains.14.jpg,1,30,14,1,1
P3,Faces94,evaluation,several_enrollment_photographs,female/sbains,female/sbains/sbains.15.jpg,1,27,14,1,1
P3,Faces94,evaluation,several_enrollment_photographs,female/sbains,female/sbains/sbains.16.jpg,1,22,14,1,1
P3,Faces94,evaluation,several_enrollment_photographs,female/sbains,female/sbains/sbains.17.jpg,1,26,14,1,1
P3,Faces94,evaluation,several_enrollment_photographs,female/sbains,female/sbains/sbains.18.jpg,1,18,14,1,1
P3,Faces94,evaluation,several_enrollment_photographs,female/sbains,female/sbains/sbains.19.jpg,1,20,14,1,1
P3,Faces94,evaluation,several_enrollment_photographs,female/sbains,female/sbains/sbains.20.jpg,1,22,14,1,1
P3,Faces94,evaluation,several_enrollment_photographs,male/9326871,male/9326871/9326871.11.jpg,1,27,14,1,1
P3,Faces94,evaluation,several_enrollment_photographs,male/9326871,male/9326871/9326871.12.jpg,1,27,14,1,1
P3,Faces94,evaluation,several_enrollment_photographs,male/9326871,male/9326871/9326871.13.jpg,1,31,14,1,1
P3,Faces94,evaluation,several_enrollment_photographs,male/9326871,male/9326871/9326871.14.jpg,1,35,14,1,1
P3,Faces94,evaluation,several_enrollment_photographs,male/9326871,male/9326871/9326871.15.jpg,1,31,14,1,1
P3,Faces94,evaluation,several_enrollment_photographs,male/9326871,male/9326871/9326871.16.jpg,1,29,14,1,1
P3,Faces94,evaluation,several_enrollment_photographs,male/9326871,male/9326871/9326871.17.jpg,1,28,14,1,1
P3,Faces94,evaluation,several_enrollment_photographs,male/9326871,male/9326871/9326871.18.jpg,1,28,14,1,1
P3,Faces94,evaluation,several_enrollment_photographs,male/9326871,male/9326871/9326871.19.jpg,1,22,14,1,1
P3,Faces94,evaluation,several_enrollment_photographs,male/9326871,male/9326871/9326871.20.jpg,1,34,14,1,1
P3,Faces94,evaluation,several_enrollment_photographs,male/9332898,male/9332898/9332898.1.jpg,0,12,14,0,1
P3,Faces94,evaluation,several_enrollment_photographs,male/9332898,male/9332898/9332898.2.jpg,0,8,14,0,1
P3,Faces94,evaluation,several_enrollment_photographs,male/9332898,male/9332898/9332898.3.jpg,0,8,14,0,1
P3,Faces94,evaluation,several_enrollment_photographs,male/9332898,male/9332898/9332898.4.jpg,0,8,14,0,1
P3,Faces94,evaluation,several_enrollment_photographs,male/9332898,male/9332898/9332898.5.jpg,0,6,14,0,1
P3,Faces94,evaluation,several_enrollment_photographs,male/9332898,male/9332898/9332898.6.jpg,0,8,14,0,1
P3,Faces94,evaluation,several_enrollment_photographs,male/9332898,male/9332898/9332898.7.jpg,0,9,14,0,1
P3,Faces94,evaluation,several_enrollment_photographs,male/9332898,male/9332898/9332898.8.jpg,0,7,14,0,1
P3,Faces94,evaluation,several_enrollment_photographs,male/9332898,male/9332898/9332898.9.jpg,0,8,14,0,1
P3,Faces94,evaluation,several_enrollment_photographs,male/9332898,male/9332898/9332898.10.jpg,0,10,14,0,1
P3,Faces94,evaluation,several_enrollment_photographs,male/9332898,male/9332898/9332898.11.jpg,0,9,14,0,1
P3,Faces94,evaluation,several_enrollment_photographs,male/9332898,male/9332898/9332898.12.jpg,0,8,14,0,1
P3,Faces94,evaluation,several_enrollment_photographs,male/9332898,male/9332898/9332898.13.jpg,0,10,14,0,1
P3,Faces94,evaluation,several_enrollment_photographs,male/9332898,male/9332898/9332898.14.jpg,0,9,14,0,1
P3,Faces94,evaluation,several_enrollment_photographs,male/9332898,male/9332898/9332898.15.jpg,0,5,14,0,1
P3,Faces94,evaluation,several_enrollment_photographs,male/9332898,male/9332898/9332898.16.jpg,0,7,14,0,1
P3,Faces94,evaluation,several_enrollment_photographs,male/9332898,male/9332898/9332898.17.jpg,0,8,14,0,1
P3,Faces94,evaluation,several_enrollment_photographs,male/9332898,male/9332898/9332898.18.jpg,0,9,14,0,1
P3,Faces94,evaluation,several_enrollment_photographs,male/9332898,male/9332898/9332898.19.jpg,0,9,14,0,1
P3,Faces94,evaluation,several_enrollment_photographs,male/9332898,male/9332898/9332898.20.jpg,0,5,14,0,1
P3,Faces94,evaluation,several_enrollment_photographs,male/9338462,male/9338462/9338462.11.jpg,1,26,14,1,1
P3,Faces94,evaluation,several_enrollment_photographs,male/9338462,male/9338462/9338462.12.jpg,1,29,14,1,1
P3,Faces94,evaluation,several_enrollment_photographs,male/9338462,male/9338462/9338462.13.jpg,1,28,14,1,1
P3,Faces94,evaluation,several_enrollment_photographs,male/9338462,male/9338462/9338462.14.jpg,1,29,14,1,1
P3,Faces94,evaluation,several_enrollment_photographs,male/9338462,male/9338462/9338462.15.jpg,1,31,14,1,1
P3,Faces94,evaluation,several_enrollment_photographs,male/9338462,male/9338462/9338462.16.jpg,1,30,14,1,1
P3,Faces94,evaluation,several_enrollment_photographs,male/9338462,male/9338462/9338462.17.jpg,1,30,14,1,1
P3,Faces94,evaluation,several_enrollment_photographs,male/9338462,male/9338462/9338462.18.jpg,1,28,14,1,1
P3,Faces94,evaluation,several_enrollment_photographs,male/9338462,male/9338462/9338462.19.jpg,1,19,14,1,1
P3,Faces94,evaluation,several_enrollment_photographs,male/9338462,male/9338462/9338462.20.jpg,1,29,14,1,1
P3,Faces94,evaluation,several_enrollment_photographs,male/9338519,male/9338519/9338519.11.jpg,1,31,14,1,1
P3,Faces94,evaluation,several_enrollment_photographs,male/9338519,male/9338519/9338519.12.jpg,1,31,14,1,1
P3,Faces94,evaluation,several_enrollment_photographs,male/9338519,male/9338519/9338519.13.jpg,1,30,14,1,1
P3,Faces94,evaluation,several_enrollment_photographs,male/9338519,male/9338519/9338519.14.jpg,1,34,14,1,1
P3,Faces94,evaluation,several_enrollment_photographs,male/9338519,male/9338519/9338519.15.jpg,1,36,14,1,1
P3,Faces94,evaluation,several_enrollment_photographs,male/9338519,male/9338519/9338519.16.jpg,1,31,14,1,1
P3,Faces94,evaluation,several_enrollment_photographs,male/9338519,male/9338519/9338519.17.jpg,1,37,14,1,1
P3,Faces94,evaluation,several_enrollment_photographs,male/9338519,male/9338519/9338519.18.jpg,1,29,14,1,1
P3,Faces94,evaluation,several_enrollment_photographs,male/9338519,male/9338519/9338519.19.jpg,1,27,14,1,1
P3,Faces94,evaluation,several_enrollment_photographs,male/9338519,male/9338519/9338519.20.jpg,1,33,14,1,1
P3,Faces94,evaluation,several_enrollment_photographs,male/9338527,male/9338527/9338527.11.jpg,1,26,14,1,1
P3,Faces94,evaluation,several_enrollment_photographs,male/9338527,male/9338527/9338527.12.jpg,1,29,14,1,1
P3,Faces94,evaluation,several_enrollment_photographs,male/9338527,male/9338527/9338527.13.jpg,1,27,14,1,1
P3,Faces94,evaluation,several_enrollment_photographs,male/9338527,male/9338527/9338527.14.jpg,1,31,14,1,1
P3,Faces94,evaluation,several_enrollment_photographs,male/9338527,male/9338527/9338527.15.jpg,1,34,14,1,1
P3,Faces94,evaluation,several_enrollment_photographs,male/9338527,male/9338527/9338527.16.jpg,1,27,14,1,1
P3,Faces94,evaluation,several_enrollment_photographs,male/9338527,male/9338527/9338527.17.jpg,1,36,14,1,1
P3,Faces94,evaluation,several_enrollment_photographs,male/9338527,male/9338527/9338527.18.jpg,1,30,14,1,1
P3,Faces94,evaluation,several_enrollment_photographs,male/9338527,male/9338527/9338527.19.jpg,1,29,14,1,1
P3,Faces94,evaluation,several_enrollment_photographs,male/9338527,male/9338527/9338527.20.jpg,1,36,14,1,1
P3,Faces94,evaluation,several_enrollment_photographs,male/9416994,male/9416994/9416994.11.jpg,1,14,14,1,1
P3,Faces94,evaluation,several_enrollment_photographs,male/9416994,male/9416994/9416994.12.jpg,1,16,14,1,1
P3,Faces94,evaluation,several_enrollment_photographs,male/9416994,male/9416994/9416994.13.jpg,1,26,14,1,1
P3,Faces94,evaluation,several_enrollment_photographs,male/9416994,male/9416994/9416994.14.jpg,1,25,14,1,1
P3,Faces94,evaluation,several_enrollment_photographs,male/9416994,male/9416994/9416994.15.jpg,1,28,14,1,1
P3,Faces94,evaluation,several_enrollment_photographs,male/9416994,male/9416994/9416994.16.jpg,1,27,14,1,1
P3,Faces94,evaluation,several_enrollment_photographs,male/9416994,male/9416994/9416994.17.jpg,1,20,14,1,1
P3,Faces94,evaluation,several_enrollment_photographs,male/9416994,male/9416994/9416994.18.jpg,1,32,14,1,1
P3,Faces94,evaluation,several_enrollment_photographs,male/9416994,male/9416994/9416994.19.jpg,1,22,14,1,1
P3,Faces94,evaluation,several_enrollment_photographs,male/9416994,male/9416994/9416994.20.jpg,1,20,14,1,1
P3,Faces94,evaluation,several_enrollment_photographs,male/admars,male/admars/admars.11.jpg,1,27,14,1,1
P3,Faces94,evaluation,several_enrollment_photographs,male/admars,male/admars/admars.12.jpg,1,34,14,1,1
P3,Faces94,evaluation,several_enrollment_photographs,male/admars,male/admars/admars.13.jpg,1,31,14,1,1
P3,Faces94,evaluation,several_enrollment_photographs,male/admars,male/admars/admars.14.jpg,1,34,14,1,1
P3,Faces94,evaluation,several_enrollment_photographs,male/admars,male/admars/admars.15.jpg,1,30,14,1,1
P3,Faces94,evaluation,several_enrollment_photographs,male/admars,male/admars/admars.16.jpg,1,30,14,1,1
P3,Faces94,evaluation,several_enrollment_photographs,male/admars,male/admars/admars.17.jpg,1,31,14,1,1
P3,Faces94,evaluation,several_enrollment_photographs,male/admars,male/admars/admars.18.jpg,1,33,14,1,1
P3,Faces94,evaluation,several_enrollment_photographs,male/admars,male/admars/admars.19.jpg,1,27,14,1,1
P3,Faces94,evaluation,several_enrollment_photographs,male/admars,male/admars/admars.20.jpg,1,29,14,1,1
P3,Faces94,evaluation,several_enrollment_photographs,male/ahodki,male/ahodki/ahodki.11.jpg,1,19,14,1,1
P3,Faces94,evaluation,several_enrollment_photographs,male/ahodki,male/ahodki/ahodki.12.jpg,1,26,14,1,1
P3,Faces94,evaluation,several_enrollment_photographs,male/ahodki,male/ahodki/ahodki.13.jpg,1,27,14,1,1
P3,Faces94,evaluation,several_enrollment_photographs,male/ahodki,male/ahodki/ahodki.14.jpg,1,24,14,1,1
P3,Faces94,evaluation,several_enrollment_photographs,male/ahodki,male/ahodki/ahodki.15.jpg,1,21,14,1,1
P3,Faces94,evaluation,several_enrollment_photographs,male/ahodki,male/ahodki/ahodki.16.jpg,1,25,14,1,1
P3,Faces94,evaluation,several_enrollment_photographs,male/ahodki,male/ahodki/ahodki.17.jpg,1,23,14,1,1
P3,Faces94,evaluation,several_enrollment_photographs,male/ahodki,male/ahodki/ahodki.18.jpg,1,23,14,1,1
P3,Faces94,evaluation,several_enrollment_photographs,male/ahodki,male/ahodki/ahodki.19.jpg,1,25,14,1,1
P3,Faces94,evaluation,several_enrollment_photographs,male/ahodki,male/ahodki/ahodki.20.jpg,1,19,14,1,1
P3,Faces94,evaluation,several_enrollment_photographs,male/ajflem,male/ajflem/ajflem.11.jpg,1,36,14,1,1
P3,Faces94,evaluation,several_enrollment_photographs,male/ajflem,male/ajflem/ajflem.12.jpg,1,26,14,1,1
P3,Faces94,evaluation,several_enrollment_photographs,male/ajflem,male/ajflem/ajflem.13.jpg,1,29,14,1,1
P3,Faces94,evaluation,several_enrollment_photographs,male/ajflem,male/ajflem/ajflem.14.jpg,1,35,14,1,1
P3,Faces94,evaluation,several_enrollment_photographs,male/ajflem,male/ajflem/ajflem.15.jpg,1,25,14,1,1
P3,Faces94,evaluation,several_enrollment_photographs,male/ajflem,male/ajflem/ajflem.16.jpg,1,32,14,1,1
P3,Faces94,evaluation,several_enrollment_photographs,male/ajflem,male/ajflem/ajflem.17.jpg,1,28,14,1,1
P3,Faces94,evaluation,several_enrollment_photographs,male/ajflem,male/ajflem/ajflem.18.jpg,1,21,14,1,1
P3,Faces94,evaluation,several_enrollment_photographs,male/ajflem,male/ajflem/ajflem.19.jpg,1,22,14,1,1
P3,Faces94,evaluation,several_enrollment_photographs,male/ajflem,male/ajflem/ajflem.20.jpg,1,19,14,1,1
P3,Faces94,evaluation,several_enrollment_photographs,male/ajones,male/ajones/ajones.1.jpg,0,10,14,0,1
P3,Faces94,evaluation,several_enrollment_photographs,male/ajones,male/ajones/ajones.2.jpg,0,5,14,0,1
P3,Faces94,evaluation,several_enrollment_photographs,male/ajones,male/ajones/ajones.3.jpg,0,6,14,0,1
P3,Faces94,evaluation,several_enrollment_photographs,male/ajones,male/ajones/ajones.4.jpg,0,13,14,0,1
P3,Faces94,evaluation,several_enrollment_photographs,male/ajones,male/ajones/ajones.5.jpg,0,13,14,0,1
P3,Faces94,evaluation,several_enrollment_photographs,male/ajones,male/ajones/ajones.6.jpg,0,10,14,0,1
P3,Faces94,evaluation,several_enrollment_photographs,male/ajones,male/ajones/ajones.7.jpg,0,9,14,0,1
P3,Faces94,evaluation,several_enrollment_photographs,male/ajones,male/ajones/ajones.8.jpg,0,9,14,0,1
P3,Faces94,evaluation,several_enrollment_photographs,male/ajones,male/ajones/ajones.9.jpg,0,10,14,0,1
P3,Faces94,evaluation,several_enrollment_photographs,male/ajones,male/ajones/ajones.10.jpg,0,7,14,0,1
P3,Faces94,evaluation,several_enrollment_photographs,male/ajones,male/ajones/ajones.11.jpg,0,9,14,0,1
P3,Faces94,evaluation,several_enrollment_photographs,male/ajones,male/ajones/ajones.12.jpg,0,6,14,0,1
P3,Faces94,evaluation,several_enrollment_photographs,male/ajones,male/ajones/ajones.13.jpg,0,7,14,0,1
P3,Faces94,evaluation,several_enrollment_photographs,male/ajones,male/ajones/ajones.14.jpg,0,9,14,0,1
P3,Faces94,evaluation,several_enrollment_photographs,male/ajones,male/ajones/ajones.15.jpg,0,7,14,0,1
P3,Faces94,evaluation,several_enrollment_photographs,male/ajones,male/ajones/ajones.16.jpg,0,10,14,0,1
P3,Faces94,evaluation,several_enrollment_photographs,male/ajones,male/ajones/ajones.17.jpg,0,9,14,0,1
P3,Faces94,evaluation,several_enrollment_photographs,male/ajones,male/ajones/ajones.18.jpg,0,10,14,0,1
P3,Faces94,evaluation,several_enrollment_photographs,male/ajones,male/ajones/ajones.19.jpg,0,15,14,1,0
P3,Faces94,evaluation,several_enrollment_photographs,male/ajones,male/ajones/ajones.20.jpg,0,11,14,0,1
P3,Faces94,evaluation,several_enrollment_photographs,male/ajsega,male/ajsega/ajsega.1.jpg,0,5,14,0,1
P3,Faces94,evaluation,several_enrollment_photographs,male/ajsega,male/ajsega/ajsega.2.jpg,0,5,14,0,1
P3,Faces94,evaluation,several_enrollment_photographs,male/ajsega,male/ajsega/ajsega.3.jpg,0,5,14,0,1
P3,Faces94,evaluation,several_enrollment_photographs,male/ajsega,male/ajsega/ajsega.4.jpg,0,9,14,0,1
P3,Faces94,evaluation,several_enrollment_photographs,male/ajsega,male/ajsega/ajsega.5.jpg,0,6,14,0,1
P3,Faces94,evaluation,several_enrollment_photographs,male/ajsega,male/ajsega/ajsega.6.jpg,0,8,14,0,1
P3,Faces94,evaluation,several_enrollment_photographs,male/ajsega,male/ajsega/ajsega.7.jpg,0,3,14,0,1
P3,Faces94,evaluation,several_enrollment_photographs,male/ajsega,male/ajsega/ajsega.8.jpg,0,4,14,0,1
P3,Faces94,evaluation,several_enrollment_photographs,male/ajsega,male/ajsega/ajsega.9.jpg,0,7,14,0,1
P3,Faces94,evaluation,several_enrollment_photographs,male/ajsega,male/ajsega/ajsega.10.jpg,0,6,14,0,1
P3,Faces94,evaluation,several_enrollment_photographs,male/ajsega,male/ajsega/ajsega.11.jpg,0,6,14,0,1
P3,Faces94,evaluation,several_enrollment_photographs,male/ajsega,male/ajsega/ajsega.12.jpg,0,5,14,0,1
P3,Faces94,evaluation,several_enrollment_photographs,male/ajsega,male/ajsega/ajsega.13.jpg,0,6,14,0,1
P3,Faces94,evaluation,several_enrollment_photographs,male/ajsega,male/ajsega/ajsega.14.jpg,0,11,14,0,1
P3,Faces94,evaluation,several_enrollment_photographs,male/ajsega,male/ajsega/ajsega.15.jpg,0,5,14,0,1
P3,Faces94,evaluation,several_enrollment_photographs,male/ajsega,male/ajsega/ajsega.16.jpg,0,6,14,0,1
P3,Faces94,evaluation,several_enrollment_photographs,male/ajsega,male/ajsega/ajsega.17.jpg,0,5,14,0,1
P3,Faces94,evaluation,several_enrollment_photographs,male/ajsega,male/ajsega/ajsega.18.jpg,0,6,14,0,1
P3,Faces94,evaluation,several_enrollment_photographs,male/ajsega,male/ajsega/ajsega.19.jpg,0,6,14,0,1
P3,Faces94,evaluation,several_enrollment_photographs,male/ajsega,male/ajsega/ajsega.20.jpg,0,10,14,0,1
P3,Faces94,evaluation,several_enrollment_photographs,male/akatsi,male/akatsi/akatsi.11.jpg,1,29,14,1,1
P3,Faces94,evaluation,several_enrollment_photographs,male/akatsi,male/akatsi/akatsi.12.jpg,1,23,14,1,1
P3,Faces94,evaluation,several_enrollment_photographs,male/akatsi,male/akatsi/akatsi.13.jpg,1,29,14,1,1
P3,Faces94,evaluation,several_enrollment_photographs,male/akatsi,male/akatsi/akatsi.14.jpg,1,24,14,1,1
P3,Faces94,evaluation,several_enrollment_photographs,male/akatsi,male/akatsi/akatsi.15.jpg,1,31,14,1,1
P3,Faces94,evaluation,several_enrollment_photographs,male/akatsi,male/akatsi/akatsi.16.jpg,1,31,14,1,1
P3,Faces94,evaluation,several_enrollment_photographs,male/akatsi,male/akatsi/akatsi.17.jpg,1,32,14,1,1
P3,Faces94,evaluation,several_enrollment_photographs,male/akatsi,male/akatsi/akatsi.18.jpg,1,29,14,1,1
P3,Faces94,evaluation,several_enrollment_photographs,male/akatsi,male/akatsi/akatsi.19.jpg,1,39,14,1,1
P3,Faces94,evaluation,several_enrollment_photographs,male/akatsi,male/akatsi/akatsi.20.jpg,1,36,14,1,1
P3,Faces94,evaluation,several_enrollment_photographs,male/cchris,male/cchris/cchris.1.jpg,0,9,14,0,1
P3,Faces94,evaluation,several_enrollment_photographs,male/cchris,male/cchris/cchris.2.jpg,0,9,14,0,1
P3,Faces94,evaluation,several_enrollment_photographs,male/cchris,male/cchris/cchris.3.jpg,0,6,14,0,1
P3,Faces94,evaluation,several_enrollment_photographs,male/cchris,male/cchris/cchris.4.jpg,0,8,14,0,1
P3,Faces94,evaluation,several_enrollment_photographs,male/cchris,male/cchris/cchris.5.jpg,0,7,14,0,1
P3,Faces94,evaluation,several_enrollment_photographs,male/cchris,male/cchris/cchris.6.jpg,0,5,14,0,1
P3,Faces94,evaluation,several_enrollment_photographs,male/cchris,male/cchris/cchris.7.jpg,0,6,14,0,1
P3,Faces94,evaluation,several_enrollment_photographs,male/cchris,male/cchris/cchris.8.jpg,0,9,14,0,1
P3,Faces94,evaluation,several_enrollment_photographs,male/cchris,male/cchris/cchris.9.jpg,0,8,14,0,1
P3,Faces94,evaluation,several_enrollment_photographs,male/cchris,male/cchris/cchris.10.jpg,0,9,14,0,1
P3,Faces94,evaluation,several_enrollment_photographs,male/cchris,male/cchris/cchris.11.jpg,0,12,14,0,1
P3,Faces94,evaluation,several_enrollment_photographs,male/cchris,male/cchris/cchris.12.jpg,0,10,14,0,1
P3,Faces94,evaluation,several_enrollment_photographs,male/cchris,male/cchris/cchris.13.jpg,0,7,14,0,1
P3,Faces94,evaluation,several_enrollment_photographs,male/cchris,male/cchris/cchris.14.jpg,0,5,14,0,1
P3,Faces94,evaluation,several_enrollment_photographs,male/cchris,male/cchris/cchris.15.jpg,0,5,14,0,1
P3,Faces94,evaluation,several_enrollment_photographs,male/cchris,male/cchris/cchris.16.jpg,0,8,14,0,1
P3,Faces94,evaluation,several_enrollment_photographs,male/cchris,male/cchris/cchris.17.jpg,0,9,14,0,1
P3,Faces94,evaluation,several_enrollment_photographs,male/cchris,male/cchris/cchris.18.jpg,0,9,14,0,1
P3,Faces94,evaluation,several_enrollment_photographs,male/cchris,male/cchris/cchris.19.jpg,0,8,14,0,1
P3,Faces94,evaluation,several_enrollment_photographs,male/cchris,male/cchris/cchris.20.jpg,0,10,14,0,1
P3,Faces94,evaluation,several_enrollment_photographs,male/ccjame,male/ccjame/ccjame.1.jpg,0,9,14,0,1
P3,Faces94,evaluation,several_enrollment_photographs,male/ccjame,male/ccjame/ccjame.2.jpg,0,6,14,0,1
P3,Faces94,evaluation,several_enrollment_photographs,male/ccjame,male/ccjame/ccjame.3.jpg,0,7,14,0,1
P3,Faces94,evaluation,several_enrollment_photographs,male/ccjame,male/ccjame/ccjame.4.jpg,0,7,14,0,1
P3,Faces94,evaluation,several_enrollment_photographs,male/ccjame,male/ccjame/ccjame.5.jpg,0,10,14,0,1
P3,Faces94,evaluation,several_enrollment_photographs,male/ccjame,male/ccjame/ccjame.6.jpg,0,11,14,0,1
P3,Faces94,evaluation,several_enrollment_photographs,male/ccjame,male/ccjame/ccjame.7.jpg,0,13,14,0,1
P3,Faces94,evaluation,several_enrollment_photographs,male/ccjame,male/ccjame/ccjame.8.jpg,0,13,14,0,1
P3,Faces94,evaluation,several_enrollment_photographs,male/ccjame,male/ccjame/ccjame.9.jpg,0,8,14,0,1
P3,Faces94,evaluation,several_enrollment_photographs,male/ccjame,male/ccjame/ccjame.10.jpg,0,18,14,1,0
P3,Faces94,evaluation,several_enrollment_photographs,male/ccjame,male/ccjame/ccjame.11.jpg,0,8,14,0,1
P3,Faces94,evaluation,several_enrollment_photographs,male/ccjame,male/ccjame/ccjame.12.jpg,0,5,14,0,1
P3,Faces94,evaluation,several_enrollment_photographs,male/ccjame,male/ccjame/ccjame.13.jpg,0,4,14,0,1
P3,Faces94,evaluation,several_enrollment_photographs,male/ccjame,male/ccjame/ccjame.14.jpg,0,9,14,0,1
P3,Faces94,evaluation,several_enrollment_photographs,male/ccjame,male/ccjame/ccjame.15.jpg,0,7,14,0,1
P3,Faces94,evaluation,several_enrollment_photographs,male/ccjame,male/ccjame/ccjame.16.jpg,0,10,14,0,1
P3,Faces94,evaluation,several_enrollment_photographs,male/ccjame,male/ccjame/ccjame.17.jpg,0,11,14,0,1
P3,Faces94,evaluation,several_enrollment_photographs,male/ccjame,male/ccjame/ccjame.18.jpg,0,10,14,0,1
P3,Faces94,evaluation,several_enrollment_photographs,male/ccjame,male/ccjame/ccjame.19.jpg,0,9,14,0,1
P3,Faces94,evaluation,several_enrollment_photographs,male/ccjame,male/ccjame/ccjame.20.jpg,0,6,14,0,1
P3,Faces94,evaluation,several_enrollment_photographs,male/cferdo,male/cferdo/cferdo.11.jpg,1,29,14,1,1
P3,Faces94,evaluation,several_enrollment_photographs,male/cferdo,male/cferdo/cferdo.12.jpg,1,27,14,1,1
P3,Faces94,evaluation,several_enrollment_photographs,male/cferdo,male/cferdo/cferdo.13.jpg,1,24,14,1,1
P3,Faces94,evaluation,several_enrollment_photographs,male/cferdo,male/cferdo/cferdo.14.jpg,1,21,14,1,1
P3,Faces94,evaluation,several_enrollment_photographs,male/cferdo,male/cferdo/cferdo.15.jpg,1,17,14,1,1
P3,Faces94,evaluation,several_enrollment_photographs,male/cferdo,male/cferdo/cferdo.16.jpg,1,21,14,1,1
P3,Faces94,evaluation,several_enrollment_photographs,male/cferdo,male/cferdo/cferdo.17.jpg,1,17,14,1,1
P3,Faces94,evaluation,several_enrollment_photographs,male/cferdo,male/cferdo/cferdo.18.jpg,1,19,14,1,1
P3,Faces94,evaluation,several_enrollment_photographs,male/cferdo,male/cferdo/cferdo.19.jpg,1,29,14,1,1
P3,Faces94,evaluation,several_enrollment_photographs,male/cferdo,male/cferdo/cferdo.20.jpg,1,26,14,1,1
P3,Faces94,evaluation,several_enrollment_photographs,male/cgboyc,male/cgboyc/cgboyc.11.jpg,1,29,14,1,1
P3,Faces94,evaluation,several_enrollment_photographs,male/cgboyc,male/cgboyc/cgboyc.12.jpg,1,33,14,1,1
P3,Faces94,evaluation,several_enrollment_photographs,male/cgboyc,male/cgboyc/cgboyc.13.jpg,1,31,14,1,1
P3,Faces94,evaluation,several_enrollment_photographs,male/cgboyc,male/cgboyc/cgboyc.14.jpg,1,33,14,1,1
P3,Faces94,evaluation,several_enrollment_photographs,male/cgboyc,male/cgboyc/cgboyc.15.jpg,1,31,14,1,1
P3,Faces94,evaluation,several_enrollment_photographs,male/cgboyc,male/cgboyc/cgboyc.16.jpg,1,30,14,1,1
P3,Faces94,evaluation,several_enrollment_photographs,male/cgboyc,male/cgboyc/cgboyc.17.jpg,1,25,14,1,1
P3,Faces94,evaluation,several_enrollment_photographs,male/cgboyc,male/cgboyc/cgboyc.18.jpg,1,24,14,1,1
P3,Faces94,evaluation,several_enrollment_photographs,male/cgboyc,male/cgboyc/cgboyc.19.jpg,1,24,14,1,1
P3,Faces94,evaluation,several_enrollment_photographs,male/cgboyc,male/cgboyc/cgboyc.20.jpg,1,33,14,1,1
P3,Faces94,evaluation,several_enrollment_photographs,male/cjsake,male/cjsake/cjsake.11.jpg,1,33,14,1,1
P3,Faces94,evaluation,several_enrollment_photographs,male/cjsake,male/cjsake/cjsake.12.jpg,1,29,14,1,1
P3,Faces94,evaluation,several_enrollment_photographs,male/cjsake,male/cjsake/cjsake.13.jpg,1,32,14,1,1
P3,Faces94,evaluation,several_enrollment_photographs,male/cjsake,male/cjsake/cjsake.14.jpg,1,36,14,1,1
P3,Faces94,evaluation,several_enrollment_photographs,male/cjsake,male/cjsake/cjsake.15.jpg,1,35,14,1,1
P3,Faces94,evaluation,several_enrollment_photographs,male/cjsake,male/cjsake/cjsake.16.jpg,1,30,14,1,1
P3,Faces94,evaluation,several_enrollment_photographs,male/cjsake,male/cjsake/cjsake.17.jpg,1,36,14,1,1
P3,Faces94,evaluation,several_enrollment_photographs,male/cjsake,male/cjsake/cjsake.18.jpg,1,35,14,1,1
P3,Faces94,evaluation,several_enrollment_photographs,male/cjsake,male/cjsake/cjsake.19.jpg,1,30,14,1,1
P3,Faces94,evaluation,several_enrollment_photographs,male/cjsake,male/cjsake/cjsake.20.jpg,1,31,14,1,1
P3,Faces94,evaluation,several_enrollment_photographs,male/cwchoi,male/cwchoi/cwchoi.11.jpg,1,25,14,1,1
P3,Faces94,evaluation,several_enrollment_photographs,male/cwchoi,male/cwchoi/cwchoi.12.jpg,1,28,14,1,1
P3,Faces94,evaluation,several_enrollment_photographs,male/cwchoi,male/cwchoi/cwchoi.13.jpg,1,30,14,1,1
P3,Faces94,evaluation,several_enrollment_photographs,male/cwchoi,male/cwchoi/cwchoi.14.jpg,1,27,14,1,1
P3,Faces94,evaluation,several_enrollment_photographs,male/cwchoi,male/cwchoi/cwchoi.15.jpg,1,25,14,1,1
P3,Faces94,evaluation,several_enrollment_photographs,male/cwchoi,male/cwchoi/cwchoi.16.jpg,1,31,14,1,1
P3,Faces94,evaluation,several_enrollment_photographs,male/cwchoi,male/cwchoi/cwchoi.17.jpg,1,31,14,1,1
P3,Faces94,evaluation,several_enrollment_photographs,male/cwchoi,male/cwchoi/cwchoi.18.jpg,1,38,14,1,1
P3,Faces94,evaluation,several_enrollment_photographs,male/cwchoi,male/cwchoi/cwchoi.19.jpg,1,25,14,1,1
P3,Faces94,evaluation,several_enrollment_photographs,male/cwchoi,male/cwchoi/cwchoi.20.jpg,1,26,14,1,1
P3,Faces94,evaluation,several_enrollment_photographs,male/dcbowe,male/dcbowe/dcbowe.11.jpg,1,25,14,1,1
P3,Faces94,evaluation,several_enrollment_photographs,male/dcbowe,male/dcbowe/dcbowe.12.jpg,1,27,14,1,1
P3,Faces94,evaluation,several_enrollment_photographs,male/dcbowe,male/dcbowe/dcbowe.13.jpg,1,26,14,1,1
P3,Faces94,evaluation,several_enrollment_photographs,male/dcbowe,male/dcbowe/dcbowe.14.jpg,1,31,14,1,1
P3,Faces94,evaluation,several_enrollment_photographs,male/dcbowe,male/dcbowe/dcbowe.15.jpg,1,33,14,1,1
P3,Faces94,evaluation,several_enrollment_photographs,male/dcbowe,male/dcbowe/dcbowe.16.jpg,1,25,14,1,1
P3,Faces94,evaluation,several_enrollment_photographs,male/dcbowe,male/dcbowe/dcbowe.17.jpg,1,29,14,1,1
P3,Faces94,evaluation,several_enrollment_photographs,male/dcbowe,male/dcbowe/dcbowe.18.jpg,1,33,14,1,1
P3,Faces94,evaluation,several_enrollment_photographs,male/dcbowe,male/dcbowe/dcbowe.19.jpg,1,27,14,1,1
P3,Faces94,evaluation,several_enrollment_photographs,male/dcbowe,male/dcbowe/dcbowe.20.jpg,1,33,14,1,1
P3,Faces94,evaluation,several_enrollment_photographs,male/djhugh,male/djhugh/djhugh.11.jpg,1,29,14,1,1
P3,Faces94,evaluation,several_enrollment_photographs,male/djhugh,male/djhugh/djhugh.12.jpg,1,35,14,1,1
P3,Faces94,evaluation,several_enrollment_photographs,male/djhugh,male/djhugh/djhugh.13.jpg,1,37,14,1,1
P3,Faces94,evaluation,several_enrollment_photographs,male/djhugh,male/djhugh/djhugh.14.jpg,1,34,14,1,1
P3,Faces94,evaluation,several_enrollment_photographs,male/djhugh,male/djhugh/djhugh.15.jpg,1,28,14,1,1
P3,Faces94,evaluation,several_enrollment_photographs,male/djhugh,male/djhugh/djhugh.16.jpg,1,33,14,1,1
P3,Faces94,evaluation,several_enrollment_photographs,male/djhugh,male/djhugh/djhugh.17.jpg,1,23,14,1,1
P3,Faces94,evaluation,several_enrollment_photographs,male/djhugh,male/djhugh/djhugh.18.jpg,1,35,14,1,1
P3,Faces94,evaluation,several_enrollment_photographs,male/djhugh,male/djhugh/djhugh.19.jpg,1,31,14,1,1
P3,Faces94,evaluation,several_enrollment_photographs,male/djhugh,male/djhugh/djhugh.20.jpg,1,33,14,1,1
P3,Faces94,evaluation,several_enrollment_photographs,male/djmart,male/djmart/djmart.13.jpg,1,18,14,1,1
P3,Faces94,evaluation,several_enrollment_photographs,male/djmart,male/djmart/djmart.14.jpg,1,16,14,1,1
P3,Faces94,evaluation,several_enrollment_photographs,male/djmart,male/djmart/djmart.15.jpg,1,18,14,1,1
P3,Faces94,evaluation,several_enrollment_photographs,male/djmart,male/djmart/djmart.16.jpg,1,17,14,1,1
P3,Faces94,evaluation,several_enrollment_photographs,male/djmart,male/djmart/djmart.17.jpg,1,16,14,1,1
P3,Faces94,evaluation,several_enrollment_photographs,male/djmart,male/djmart/djmart.18.jpg,1,21,14,1,1
P3,Faces94,evaluation,several_enrollment_photographs,male/djmart,male/djmart/djmart.19.jpg,1,15,14,1,1
P3,Faces94,evaluation,several_enrollment_photographs,male/djmart,male/djmart/djmart.20.jpg,1,22,14,1,1
P3,Faces94,evaluation,several_enrollment_photographs,male/gjnorm,male/gjnorm/gjnorm.1.jpg,0,9,14,0,1
P3,Faces94,evaluation,several_enrollment_photographs,male/gjnorm,male/gjnorm/gjnorm.2.jpg,0,9,14,0,1
P3,Faces94,evaluation,several_enrollment_photographs,male/gjnorm,male/gjnorm/gjnorm.3.jpg,0,14,14,1,0
P3,Faces94,evaluation,several_enrollment_photographs,male/gjnorm,male/gjnorm/gjnorm.4.jpg,0,12,14,0,1
P3,Faces94,evaluation,several_enrollment_photographs,male/gjnorm,male/gjnorm/gjnorm.5.jpg,0,15,14,1,0
P3,Faces94,evaluation,several_enrollment_photographs,male/gjnorm,male/gjnorm/gjnorm.6.jpg,0,12,14,0,1
P3,Faces94,evaluation,several_enrollment_photographs,male/gjnorm,male/gjnorm/gjnorm.7.jpg,0,13,14,0,1
P3,Faces94,evaluation,several_enrollment_photographs,male/gjnorm,male/gjnorm/gjnorm.8.jpg,0,14,14,1,0
P3,Faces94,evaluation,several_enrollment_photographs,male/gjnorm,male/gjnorm/gjnorm.9.jpg,0,11,14,0,1
P3,Faces94,evaluation,several_enrollment_photographs,male/gjnorm,male/gjnorm/gjnorm.10.jpg,0,12,14,0,1
P3,Faces94,evaluation,several_enrollment_photographs,male/gjnorm,male/gjnorm/gjnorm.11.jpg,0,12,14,0,1
P3,Faces94,evaluation,several_enrollment_photographs,male/gjnorm,male/gjnorm/gjnorm.12.jpg,0,15,14,1,0
P3,Faces94,evaluation,several_enrollment_photographs,male/gjnorm,male/gjnorm/gjnorm.13.jpg,0,11,14,0,1
P3,Faces94,evaluation,several_enrollment_photographs,male/gjnorm,male/gjnorm/gjnorm.14.jpg,0,10,14,0,1
P3,Faces94,evaluation,several_enrollment_photographs,male/gjnorm,male/gjnorm/gjnorm.15.jpg,0,9,14,0,1
P3,Faces94,evaluation,several_enrollment_photographs,male/gjnorm,male/gjnorm/gjnorm.16.jpg,0,10,14,0,1
P3,Faces94,evaluation,several_enrollment_photographs,male/gjnorm,male/gjnorm/gjnorm.17.jpg,0,10,14,0,1
P3,Faces94,evaluation,several_enrollment_photographs,male/gjnorm,male/gjnorm/gjnorm.18.jpg,0,9,14,0,1
P3,Faces94,evaluation,several_enrollment_photographs,male/gjnorm,male/gjnorm/gjnorm.19.jpg,0,11,14,0,1
P3,Faces94,evaluation,several_enrollment_photographs,male/gjnorm,male/gjnorm/gjnorm.20.jpg,0,12,14,0,1
P3,Faces94,evaluation,several_enrollment_photographs,male/irdrew,male/irdrew/irdrew.1.jpg,0,12,14,0,1
P3,Faces94,evaluation,several_enrollment_photographs,male/irdrew,male/irdrew/irdrew.2.jpg,0,12,14,0,1
P3,Faces94,evaluation,several_enrollment_photographs,male/irdrew,male/irdrew/irdrew.3.jpg,0,10,14,0,1
P3,Faces94,evaluation,several_enrollment_photographs,male/irdrew,male/irdrew/irdrew.4.jpg,0,13,14,0,1
P3,Faces94,evaluation,several_enrollment_photographs,male/irdrew,male/irdrew/irdrew.5.jpg,0,10,14,0,1
P3,Faces94,evaluation,several_enrollment_photographs,male/irdrew,male/irdrew/irdrew.6.jpg,0,14,14,1,0
P3,Faces94,evaluation,several_enrollment_photographs,male/irdrew,male/irdrew/irdrew.7.jpg,0,11,14,0,1
P3,Faces94,evaluation,several_enrollment_photographs,male/irdrew,male/irdrew/irdrew.8.jpg,0,13,14,0,1
P3,Faces94,evaluation,several_enrollment_photographs,male/irdrew,male/irdrew/irdrew.9.jpg,0,12,14,0,1
P3,Faces94,evaluation,several_enrollment_photographs,male/irdrew,male/irdrew/irdrew.10.jpg,0,10,14,0,1
P3,Faces94,evaluation,several_enrollment_photographs,male/irdrew,male/irdrew/irdrew.11.jpg,0,8,14,0,1
P3,Faces94,evaluation,several_enrollment_photographs,male/irdrew,male/irdrew/irdrew.12.jpg,0,6,14,0,1
P3,Faces94,evaluation,several_enrollment_photographs,male/irdrew,male/irdrew/irdrew.13.jpg,0,9,14,0,1
P3,Faces94,evaluation,several_enrollment_photographs,male/irdrew,male/irdrew/irdrew.14.jpg,0,9,14,0,1
P3,Faces94,evaluation,several_enrollment_photographs,male/irdrew,male/irdrew/irdrew.15.jpg,0,12,14,0,1
P3,Faces94,evaluation,several_enrollment_photographs,male/irdrew,male/irdrew/irdrew.16.jpg,0,11,14,0,1
P3,Faces94,evaluation,several_enrollment_photographs,male/irdrew,male/irdrew/irdrew.17.jpg,0,12,14,0,1
P3,Faces94,evaluation,several_enrollment_photographs,male/irdrew,male/irdrew/irdrew.18.jpg,0,14,14,1,0
P3,Faces94,evaluation,several_enrollment_photographs,male/irdrew,male/irdrew/irdrew.19.jpg,0,12,14,0,1
P3,Faces94,evaluation,several_enrollment_photographs,male/irdrew,male/irdrew/irdrew.20.jpg,0,12,14,0,1
P3,Faces94,evaluation,several_enrollment_photographs,male/jagrif,male/jagrif/jagrif.1.jpg,0,12,14,0,1
P3,Faces94,evaluation,several_enrollment_photographs,male/jagrif,male/jagrif/jagrif.2.jpg,0,11,14,0,1
P3,Faces94,evaluation,several_enrollment_photographs,male/jagrif,male/jagrif/jagrif.3.jpg,0,12,14,0,1
P3,Faces94,evaluation,several_enrollment_photographs,male/jagrif,male/jagrif/jagrif.4.jpg,0,12,14,0,1
P3,Faces94,evaluation,several_enrollment_photographs,male/jagrif,male/jagrif/jagrif.5.jpg,0,10,14,0,1
P3,Faces94,evaluation,several_enrollment_photographs,male/jagrif,male/jagrif/jagrif.6.jpg,0,12,14,0,1
P3,Faces94,evaluation,several_enrollment_photographs,male/jagrif,male/jagrif/jagrif.7.jpg,0,8,14,0,1
P3,Faces94,evaluation,several_enrollment_photographs,male/jagrif,male/jagrif/jagrif.8.jpg,0,13,14,0,1
P3,Faces94,evaluation,several_enrollment_photographs,male/jagrif,male/jagrif/jagrif.9.jpg,0,9,14,0,1
P3,Faces94,evaluation,several_enrollment_photographs,male/jagrif,male/jagrif/jagrif.10.jpg,0,6,14,0,1
P3,Faces94,evaluation,several_enrollment_photographs,male/jagrif,male/jagrif/jagrif.11.jpg,0,11,14,0,1
P3,Faces94,evaluation,several_enrollment_photographs,male/jagrif,male/jagrif/jagrif.12.jpg,0,17,14,1,0
P3,Faces94,evaluation,several_enrollment_photographs,male/jagrif,male/jagrif/jagrif.13.jpg,0,15,14,1,0
P3,Faces94,evaluation,several_enrollment_photographs,male/jagrif,male/jagrif/jagrif.14.jpg,0,8,14,0,1
P3,Faces94,evaluation,several_enrollment_photographs,male/jagrif,male/jagrif/jagrif.15.jpg,0,9,14,0,1
P3,Faces94,evaluation,several_enrollment_photographs,male/jagrif,male/jagrif/jagrif.16.jpg,0,9,14,0,1
P3,Faces94,evaluation,several_enrollment_photographs,male/jagrif,male/jagrif/jagrif.17.jpg,0,8,14,0,1
P3,Faces94,evaluation,several_enrollment_photographs,male/jagrif,male/jagrif/jagrif.18.jpg,0,7,14,0,1
P3,Faces94,evaluation,several_enrollment_photographs,male/jagrif,male/jagrif/jagrif.19.jpg,0,7,14,0,1
P3,Faces94,evaluation,several_enrollment_photographs,male/jagrif,male/jagrif/jagrif.20.jpg,0,8,14,0,1
P3,Faces94,evaluation,several_enrollment_photographs,male/jcarte,male/jcarte/jcarte.11.jpg,1,35,14,1,1
P3,Faces94,evaluation,several_enrollment_photographs,male/jcarte,male/jcarte/jcarte.12.jpg,1,30,14,1,1
P3,Faces94,evaluation,several_enrollment_photographs,male/jcarte,male/jcarte/jcarte.13.jpg,1,29,14,1,1
P3,Faces94,evaluation,several_enrollment_photographs,male/jcarte,male/jcarte/jcarte.14.jpg,1,28,14,1,1
P3,Faces94,evaluation,several_enrollment_photographs,male/jcarte,male/jcarte/jcarte.15.jpg,1,34,14,1,1
P3,Faces94,evaluation,several_enrollment_photographs,male/jcarte,male/jcarte/jcarte.16.jpg,1,32,14,1,1
P3,Faces94,evaluation,several_enrollment_photographs,male/jcarte,male/jcarte/jcarte.17.jpg,1,22,14,1,1
P3,Faces94,evaluation,several_enrollment_photographs,male/jcarte,male/jcarte/jcarte.18.jpg,1,27,14,1,1
P3,Faces94,evaluation,several_enrollment_photographs,male/jcarte,male/jcarte/jcarte.19.jpg,1,26,14,1,1
P3,Faces94,evaluation,several_enrollment_photographs,male/jcarte,male/jcarte/jcarte.20.jpg,1,34,14,1,1
P3,Faces94,evaluation,several_enrollment_photographs,male/jdbenm,male/jdbenm/jdbenm.11.jpg,1,30,14,1,1
P3,Faces94,evaluation,several_enrollment_photographs,male/jdbenm,male/jdbenm/jdbenm.12.jpg,1,30,14,1,1
P3,Faces94,evaluation,several_enrollment_photographs,male/jdbenm,male/jdbenm/jdbenm.13.jpg,1,31,14,1,1
P3,Faces94,evaluation,several_enrollment_photographs,male/jdbenm,male/jdbenm/jdbenm.14.jpg,1,32,14,1,1
P3,Faces94,evaluation,several_enrollment_photographs,male/jdbenm,male/jdbenm/jdbenm.15.jpg,1,34,14,1,1
P3,Faces94,evaluation,several_enrollment_photographs,male/jdbenm,male/jdbenm/jdbenm.16.jpg,1,29,14,1,1
P3,Faces94,evaluation,several_enrollment_photographs,male/jdbenm,male/jdbenm/jdbenm.17.jpg,1,30,14,1,1
P3,Faces94,evaluation,several_enrollment_photographs,male/jdbenm,male/jdbenm/jdbenm.18.jpg,1,33,14,1,1
P3,Faces94,evaluation,several_enrollment_photographs,male/jdbenm,male/jdbenm/jdbenm.19.jpg,1,31,14,1,1
P3,Faces94,evaluation,several_enrollment_photographs,male/jdbenm,male/jdbenm/jdbenm.20.jpg,1,25,14,1,1
P3,Faces94,evaluation,several_enrollment_photographs,male/kaatki,male/kaatki/kaatki.11.jpg,1,26,14,1,1
P3,Faces94,evaluation,several_enrollment_photographs,male/kaatki,male/kaatki/kaatki.12.jpg,1,27,14,1,1
P3,Faces94,evaluation,several_enrollment_photographs,male/kaatki,male/kaatki/kaatki.13.jpg,1,32,14,1,1
P3,Faces94,evaluation,several_enrollment_photographs,male/kaatki,male/kaatki/kaatki.14.jpg,1,28,14,1,1
P3,Faces94,evaluation,several_enrollment_photographs,male/kaatki,male/kaatki/kaatki.15.jpg,1,39,14,1,1
P3,Faces94,evaluation,several_enrollment_photographs,male/kaatki,male/kaatki/kaatki.16.jpg,1,37,14,1,1
P3,Faces94,evaluation,several_enrollment_photographs,male/kaatki,male/kaatki/kaatki.17.jpg,1,39,14,1,1
P3,Faces94,evaluation,several_enrollment_photographs,male/kaatki,male/kaatki/kaatki.18.jpg,1,36,14,1,1
P3,Faces94,evaluation,several_enrollment_photographs,male/kaatki,male/kaatki/kaatki.19.jpg,1,31,14,1,1
P3,Faces94,evaluation,several_enrollment_photographs,male/kaatki,male/kaatki/kaatki.20.jpg,1,33,14,1,1
P3,Faces94,evaluation,several_enrollment_photographs,male/kdjone,male/kdjone/kdjone.11.jpg,1,35,14,1,1
P3,Faces94,evaluation,several_enrollment_photographs,male/kdjone,male/kdjone/kdjone.12.jpg,1,28,14,1,1
P3,Faces94,evaluation,several_enrollment_photographs,male/kdjone,male/kdjone/kdjone.13.jpg,1,34,14,1,1
P3,Faces94,evaluation,several_enrollment_photographs,male/kdjone,male/kdjone/kdjone.14.jpg,1,34,14,1,1
P3,Faces94,evaluation,several_enrollment_photographs,male/kdjone,male/kdjone/kdjone.15.jpg,1,37,14,1,1
P3,Faces94,evaluation,several_enrollment_photographs,male/kdjone,male/kdjone/kdjone.16.jpg,1,33,14,1,1
P3,Faces94,evaluation,several_enrollment_photographs,male/kdjone,male/kdjone/kdjone.17.jpg,1,32,14,1,1
P3,Faces94,evaluation,several_enrollment_photographs,male/kdjone,male/kdjone/kdjone.18.jpg,1,29,14,1,1
P3,Faces94,evaluation,several_enrollment_photographs,male/kdjone,male/kdjone/kdjone.19.jpg,1,25,14,1,1
P3,Faces94,evaluation,several_enrollment_photographs,male/kdjone,male/kdjone/kdjone.20.jpg,1,22,14,1,1
P3,Faces94,evaluation,several_enrollment_photographs,male/khchan,male/khchan/khchan.1.jpg,0,8,14,0,1
P3,Faces94,evaluation,several_enrollment_photographs,male/khchan,male/khchan/khchan.2.jpg,0,6,14,0,1
P3,Faces94,evaluation,several_enrollment_photographs,male/khchan,male/khchan/khchan.3.jpg,0,6,14,0,1
P3,Faces94,evaluation,several_enrollment_photographs,male/khchan,male/khchan/khchan.4.jpg,0,6,14,0,1
P3,Faces94,evaluation,several_enrollment_photographs,male/khchan,male/khchan/khchan.5.jpg,0,9,14,0,1
P3,Faces94,evaluation,several_enrollment_photographs,male/khchan,male/khchan/khchan.6.jpg,0,7,14,0,1
P3,Faces94,evaluation,several_enrollment_photographs,male/khchan,male/khchan/khchan.7.jpg,0,6,14,0,1
P3,Faces94,evaluation,several_enrollment_photographs,male/khchan,male/khchan/khchan.8.jpg,0,6,14,0,1
P3,Faces94,evaluation,several_enrollment_photographs,male/khchan,male/khchan/khchan.9.jpg,0,11,14,0,1
P3,Faces94,evaluation,several_enrollment_photographs,male/khchan,male/khchan/khchan.10.jpg,0,4,14,0,1
P3,Faces94,evaluation,several_enrollment_photographs,male/khchan,male/khchan/khchan.11.jpg,0,7,14,0,1
P3,Faces94,evaluation,several_enrollment_photographs,male/khchan,male/khchan/khchan.12.jpg,0,6,14,0,1
P3,Faces94,evaluation,several_enrollment_photographs,male/khchan,male/khchan/khchan.13.jpg,0,7,14,0,1
P3,Faces94,evaluation,several_enrollment_photographs,male/khchan,male/khchan/khchan.14.jpg,0,6,14,0,1
P3,Faces94,evaluation,several_enrollment_photographs,male/khchan,male/khchan/khchan.15.jpg,0,4,14,0,1
P3,Faces94,evaluation,several_enrollment_photographs,male/khchan,male/khchan/khchan.16.jpg,0,10,14,0,1
P3,Faces94,evaluation,several_enrollment_photographs,male/khchan,male/khchan/khchan.17.jpg,0,9,14,0,1
P3,Faces94,evaluation,several_enrollment_photographs,male/khchan,male/khchan/khchan.18.jpg,0,9,14,0,1
P3,Faces94,evaluation,several_enrollment_photographs,male/khchan,male/khchan/khchan.19.jpg,0,13,14,0,1
P3,Faces94,evaluation,several_enrollment_photographs,male/khchan,male/khchan/khchan.20.jpg,0,8,14,0,1
P3,Faces94,evaluation,several_enrollment_photographs,male/kjwith,male/kjwith/kjwith.1.jpg,0,10,14,0,1
P3,Faces94,evaluation,several_enrollment_photographs,male/kjwith,male/kjwith/kjwith.2.jpg,0,11,14,0,1
P3,Faces94,evaluation,several_enrollment_photographs,male/kjwith,male/kjwith/kjwith.3.jpg,0,11,14,0,1
P3,Faces94,evaluation,several_enrollment_photographs,male/kjwith,male/kjwith/kjwith.4.jpg,0,13,14,0,1
P3,Faces94,evaluation,several_enrollment_photographs,male/kjwith,male/kjwith/kjwith.5.jpg,0,8,14,0,1
P3,Faces94,evaluation,several_enrollment_photographs,male/kjwith,male/kjwith/kjwith.6.jpg,0,9,14,0,1
P3,Faces94,evaluation,several_enrollment_photographs,male/kjwith,male/kjwith/kjwith.7.jpg,0,9,14,0,1
P3,Faces94,evaluation,several_enrollment_photographs,male/kjwith,male/kjwith/kjwith.8.jpg,0,12,14,0,1
P3,Faces94,evaluation,several_enrollment_photographs,male/kjwith,male/kjwith/kjwith.9.jpg,0,8,14,0,1
P3,Faces94,evaluation,several_enrollment_photographs,male/kjwith,male/kjwith/kjwith.10.jpg,0,9,14,0,1
P3,Faces94,evaluation,several_enrollment_photographs,male/kjwith,male/kjwith/kjwith.11.jpg,0,6,14,0,1
P3,Faces94,evaluation,several_enrollment_photographs,male/kjwith,male/kjwith/kjwith.12.jpg,0,9,14,0,1
P3,Faces94,evaluation,several_enrollment_photographs,male/kjwith,male/kjwith/kjwith.13.jpg,0,4,14,0,1
P3,Faces94,evaluation,several_enrollment_photographs,male/kjwith,male/kjwith/kjwith.14.jpg,0,10,14,0,1
P3,Faces94,evaluation,several_enrollment_photographs,male/kjwith,male/kjwith/kjwith.15.jpg,0,7,14,0,1
P3,Faces94,evaluation,several_enrollment_photographs,male/kjwith,male/kjwith/kjwith.16.jpg,0,7,14,0,1
P3,Faces94,evaluation,several_enrollment_photographs,male/kjwith,male/kjwith/kjwith.17.jpg,0,5,14,0,1
P3,Faces94,evaluation,several_enrollment_photographs,male/kjwith,male/kjwith/kjwith.18.jpg,0,7,14,0,1
P3,Faces94,evaluation,several_enrollment_photographs,male/kjwith,male/kjwith/kjwith.19.jpg,0,12,14,0,1
P3,Faces94,evaluation,several_enrollment_photographs,male/kjwith,male/kjwith/kjwith.20.jpg,0,3,14,0,1
P3,Faces94,evaluation,several_enrollment_photographs,male/mberdo,male/mberdo/mberdo.1.jpg,0,20,14,1,0
P3,Faces94,evaluation,several_enrollment_photographs,male/mberdo,male/mberdo/mberdo.2.jpg,0,14,14,1,0
P3,Faces94,evaluation,several_enrollment_photographs,male/mberdo,male/mberdo/mberdo.3.jpg,0,16,14,1,0
P3,Faces94,evaluation,several_enrollment_photographs,male/mberdo,male/mberdo/mberdo.4.jpg,0,13,14,0,1
P3,Faces94,evaluation,several_enrollment_photographs,male/mberdo,male/mberdo/mberdo.5.jpg,0,15,14,1,0
P3,Faces94,evaluation,several_enrollment_photographs,male/mberdo,male/mberdo/mberdo.6.jpg,0,13,14,0,1
P3,Faces94,evaluation,several_enrollment_photographs,male/mberdo,male/mberdo/mberdo.7.jpg,0,15,14,1,0
P3,Faces94,evaluation,several_enrollment_photographs,male/mberdo,male/mberdo/mberdo.8.jpg,0,10,14,0,1
P3,Faces94,evaluation,several_enrollment_photographs,male/mberdo,male/mberdo/mberdo.9.jpg,0,16,14,1,0
P3,Faces94,evaluation,several_enrollment_photographs,male/mberdo,male/mberdo/mberdo.10.jpg,0,18,14,1,0
P3,Faces94,evaluation,several_enrollment_photographs,male/mberdo,male/mberdo/mberdo.11.jpg,0,18,14,1,0
P3,Faces94,evaluation,several_enrollment_photographs,male/mberdo,male/mberdo/mberdo.12.jpg,0,15,14,1,0
P3,Faces94,evaluation,several_enrollment_photographs,male/mberdo,male/mberdo/mberdo.13.jpg,0,8,14,0,1
P3,Faces94,evaluation,several_enrollment_photographs,male/mberdo,male/mberdo/mberdo.14.jpg,0,15,14,1,0
P3,Faces94,evaluation,several_enrollment_photographs,male/mberdo,male/mberdo/mberdo.15.jpg,0,21,14,1,0
P3,Faces94,evaluation,several_enrollment_photographs,male/mberdo,male/mberdo/mberdo.16.jpg,0,18,14,1,0
P3,Faces94,evaluation,several_enrollment_photographs,male/mberdo,male/mberdo/mberdo.17.jpg,0,11,14,0,1
P3,Faces94,evaluation,several_enrollment_photographs,male/mberdo,male/mberdo/mberdo.18.jpg,0,15,14,1,0
P3,Faces94,evaluation,several_enrollment_photographs,male/mberdo,male/mberdo/mberdo.19.jpg,0,18,14,1,0
P3,Faces94,evaluation,several_enrollment_photographs,male/mberdo,male/mberdo/mberdo.20.jpg,0,13,14,0,1
P3,Faces94,evaluation,several_enrollment_photographs,male/mdpove,male/mdpove/mdpove.1.jpg,0,11,14,0,1
P3,Faces94,evaluation,several_enrollment_photographs,male/mdpove,male/mdpove/mdpove.2.jpg,0,9,14,0,1
P3,Faces94,evaluation,several_enrollment_photographs,male/mdpove,male/mdpove/mdpove.3.jpg,0,14,14,1,0
P3,Faces94,evaluation,several_enrollment_photographs,male/mdpove,male/mdpove/mdpove.4.jpg,0,13,14,0,1
P3,Faces94,evaluation,several_enrollment_photographs,male/mdpove,male/mdpove/mdpove.5.jpg,0,12,14,0,1
P3,Faces94,evaluation,several_enrollment_photographs,male/mdpove,male/mdpove/mdpove.6.jpg,0,13,14,0,1
P3,Faces94,evaluation,several_enrollment_photographs,male/mdpove,male/mdpove/mdpove.7.jpg,0,14,14,1,0
P3,Faces94,evaluation,several_enrollment_photographs,male/mdpove,male/mdpove/mdpove.8.jpg,0,11,14,0,1
P3,Faces94,evaluation,several_enrollment_photographs,male/mdpove,male/mdpove/mdpove.9.jpg,0,13,14,0,1
P3,Faces94,evaluation,several_enrollment_photographs,male/mdpove,male/mdpove/mdpove.10.jpg,0,5,14,0,1
P3,Faces94,evaluation,several_enrollment_photographs,male/mdpove,male/mdpove/mdpove.11.jpg,0,12,14,0,1
P3,Faces94,evaluation,several_enrollment_photographs,male/mdpove,male/mdpove/mdpove.12.jpg,0,9,14,0,1
P3,Faces94,evaluation,several_enrollment_photographs,male/mdpove,male/mdpove/mdpove.13.jpg,0,8,14,0,1
P3,Faces94,evaluation,several_enrollment_photographs,male/mdpove,male/mdpove/mdpove.14.jpg,0,9,14,0,1
P3,Faces94,evaluation,several_enrollment_photographs,male/mdpove,male/mdpove/mdpove.15.jpg,0,11,14,0,1
P3,Faces94,evaluation,several_enrollment_photographs,male/mdpove,male/mdpove/mdpove.16.jpg,0,16,14,1,0
P3,Faces94,evaluation,several_enrollment_photographs,male/mdpove,male/mdpove/mdpove.17.jpg,0,9,14,0,1
P3,Faces94,evaluation,several_enrollment_photographs,male/mdpove,male/mdpove/mdpove.18.jpg,0,12,14,0,1
P3,Faces94,evaluation,several_enrollment_photographs,male/mdpove,male/mdpove/mdpove.19.jpg,0,13,14,0,1
P3,Faces94,evaluation,several_enrollment_photographs,male/mdpove,male/mdpove/mdpove.20.jpg,0,12,14,0,1
P3,Faces94,evaluation,several_enrollment_photographs,male/mefait,male/mefait/mefait.11.jpg,1,22,14,1,1
P3,Faces94,evaluation,several_enrollment_photographs,male/mefait,male/mefait/mefait.12.jpg,1,38,14,1,1
P3,Faces94,evaluation,several_enrollment_photographs,male/mefait,male/mefait/mefait.13.jpg,1,30,14,1,1
P3,Faces94,evaluation,several_enrollment_photographs,male/mefait,male/mefait/mefait.14.jpg,1,36,14,1,1
P3,Faces94,evaluation,several_enrollment_photographs,male/mefait,male/mefait/mefait.15.jpg,1,17,14,1,1
P3,Faces94,evaluation,several_enrollment_photographs,male/mefait,male/mefait/mefait.16.jpg,1,33,14,1,1
P3,Faces94,evaluation,several_enrollment_photographs,male/mefait,male/mefait/mefait.17.jpg,1,23,14,1,1
P3,Faces94,evaluation,several_enrollment_photographs,male/mefait,male/mefait/mefait.18.jpg,1,16,14,1,1
P3,Faces94,evaluation,several_enrollment_photographs,male/mefait,male/mefait/mefait.19.jpg,1,26,14,1,1
P3,Faces94,evaluation,several_enrollment_photographs,male/mefait,male/mefait/mefait.20.jpg,1,24,14,1,1
P3,Faces94,evaluation,several_enrollment_photographs,male/mjhans,male/mjhans/mjhans.1.jpg,0,14,14,1,0
P3,Faces94,evaluation,several_enrollment_photographs,male/mjhans,male/mjhans/mjhans.2.jpg,0,12,14,0,1
P3,Faces94,evaluation,several_enrollment_photographs,male/mjhans,male/mjhans/mjhans.3.jpg,0,12,14,0,1
P3,Faces94,evaluation,several_enrollment_photographs,male/mjhans,male/mjhans/mjhans.4.jpg,0,14,14,1,0
P3,Faces94,evaluation,several_enrollment_photographs,male/mjhans,male/mjhans/mjhans.5.jpg,0,17,14,1,0
P3,Faces94,evaluation,several_enrollment_photographs,male/mjhans,male/mjhans/mjhans.6.jpg,0,17,14,1,0
P3,Faces94,evaluation,several_enrollment_photographs,male/mjhans,male/mjhans/mjhans.7.jpg,0,8,14,0,1
P3,Faces94,evaluation,several_enrollment_photographs,male/mjhans,male/mjhans/mjhans.8.jpg,0,15,14,1,0
P3,Faces94,evaluation,several_enrollment_photographs,male/mjhans,male/mjhans/mjhans.9.jpg,0,10,14,0,1
P3,Faces94,evaluation,several_enrollment_photographs,male/mjhans,male/mjhans/mjhans.10.jpg,0,9,14,0,1
P3,Faces94,evaluation,several_enrollment_photographs,male/mjhans,male/mjhans/mjhans.11.jpg,0,15,14,1,0
P3,Faces94,evaluation,several_enrollment_photographs,male/mjhans,male/mjhans/mjhans.12.jpg,0,13,14,0,1
P3,Faces94,evaluation,several_enrollment_photographs,male/mjhans,male/mjhans/mjhans.13.jpg,0,13,14,0,1
P3,Faces94,evaluation,several_enrollment_photographs,male/mjhans,male/mjhans/mjhans.14.jpg,0,19,14,1,0
P3,Faces94,evaluation,several_enrollment_photographs,male/mjhans,male/mjhans/mjhans.15.jpg,0,14,14,1,0
P3,Faces94,evaluation,several_enrollment_photographs,male/mjhans,male/mjhans/mjhans.16.jpg,0,19,14,1,0
P3,Faces94,evaluation,several_enrollment_photographs,male/mjhans,male/mjhans/mjhans.17.jpg,0,16,14,1,0
P3,Faces94,evaluation,several_enrollment_photographs,male/mjhans,male/mjhans/mjhans.18.jpg,0,15,14,1,0
P3,Faces94,evaluation,several_enrollment_photographs,male/mjhans,male/mjhans/mjhans.19.jpg,0,12,14,0,1
P3,Faces94,evaluation,several_enrollment_photographs,male/mjhans,male/mjhans/mjhans.20.jpg,0,10,14,0,1
P3,Faces94,evaluation,several_enrollment_photographs,male/ndhagu,male/ndhagu/ndhagu.11.jpg,1,35,14,1,1
P3,Faces94,evaluation,several_enrollment_photographs,male/ndhagu,male/ndhagu/ndhagu.12.jpg,1,31,14,1,1
P3,Faces94,evaluation,several_enrollment_photographs,male/ndhagu,male/ndhagu/ndhagu.13.jpg,1,31,14,1,1
P3,Faces94,evaluation,several_enrollment_photographs,male/ndhagu,male/ndhagu/ndhagu.14.jpg,1,33,14,1,1
P3,Faces94,evaluation,several_enrollment_photographs,male/ndhagu,male/ndhagu/ndhagu.15.jpg,1,28,14,1,1
P3,Faces94,evaluation,several_enrollment_photographs,male/ndhagu,male/ndhagu/ndhagu.16.jpg,1,27,14,1,1
P3,Faces94,evaluation,several_enrollment_photographs,male/ndhagu,male/ndhagu/ndhagu.17.jpg,1,30,14,1,1
P3,Faces94,evaluation,several_enrollment_photographs,male/ndhagu,male/ndhagu/ndhagu.18.jpg,1,29,14,1,1
P3,Faces94,evaluation,several_enrollment_photographs,male/ndhagu,male/ndhagu/ndhagu.19.jpg,1,29,14,1,1
P3,Faces94,evaluation,several_enrollment_photographs,male/ndhagu,male/ndhagu/ndhagu.20.jpg,1,18,14,1,1
P3,Faces94,evaluation,several_enrollment_photographs,male/njmoor,male/njmoor/njmoor.11.jpg,1,32,14,1,1
P3,Faces94,evaluation,several_enrollment_photographs,male/njmoor,male/njmoor/njmoor.12.jpg,1,36,14,1,1
P3,Faces94,evaluation,several_enrollment_photographs,male/njmoor,male/njmoor/njmoor.13.jpg,1,31,14,1,1
P3,Faces94,evaluation,several_enrollment_photographs,male/njmoor,male/njmoor/njmoor.14.jpg,1,34,14,1,1
P3,Faces94,evaluation,several_enrollment_photographs,male/njmoor,male/njmoor/njmoor.15.jpg,1,41,14,1,1
P3,Faces94,evaluation,several_enrollment_photographs,male/njmoor,male/njmoor/njmoor.16.jpg,1,36,14,1,1
P3,Faces94,evaluation,several_enrollment_photographs,male/njmoor,male/njmoor/njmoor.17.jpg,1,33,14,1,1
P3,Faces94,evaluation,several_enrollment_photographs,male/njmoor,male/njmoor/njmoor.18.jpg,1,31,14,1,1
P3,Faces94,evaluation,several_enrollment_photographs,male/njmoor,male/njmoor/njmoor.19.jpg,1,32,14,1,1
P3,Faces94,evaluation,several_enrollment_photographs,male/njmoor,male/njmoor/njmoor.20.jpg,1,27,14,1,1
P3,Faces94,evaluation,several_enrollment_photographs,male/nwilli,male/nwilli/nwilli.11.jpg,1,20,14,1,1
P3,Faces94,evaluation,several_enrollment_photographs,male/nwilli,male/nwilli/nwilli.12.jpg,1,25,14,1,1
P3,Faces94,evaluation,several_enrollment_photographs,male/nwilli,male/nwilli/nwilli.13.jpg,1,28,14,1,1
P3,Faces94,evaluation,several_enrollment_photographs,male/nwilli,male/nwilli/nwilli.14.jpg,1,13,14,0,0
P3,Faces94,evaluation,several_enrollment_photographs,male/nwilli,male/nwilli/nwilli.15.jpg,1,15,14,1,1
P3,Faces94,evaluation,several_enrollment_photographs,male/nwilli,male/nwilli/nwilli.16.jpg,1,22,14,1,1
P3,Faces94,evaluation,several_enrollment_photographs,male/nwilli,male/nwilli/nwilli.17.jpg,1,35,14,1,1
P3,Faces94,evaluation,several_enrollment_photographs,male/nwilli,male/nwilli/nwilli.18.jpg,1,23,14,1,1
P3,Faces94,evaluation,several_enrollment_photographs,male/nwilli,male/nwilli/nwilli.19.jpg,1,20,14,1,1
P3,Faces94,evaluation,several_enrollment_photographs,male/nwilli,male/nwilli/nwilli.20.jpg,1,20,14,1,1
P3,Faces94,evaluation,several_enrollment_photographs,male/pspliu,male/pspliu/pspliu.11.jpg,1,32,14,1,1
P3,Faces94,evaluation,several_enrollment_photographs,male/pspliu,male/pspliu/pspliu.12.jpg,1,27,14,1,1
P3,Faces94,evaluation,several_enrollment_photographs,male/pspliu,male/pspliu/pspliu.13.jpg,1,32,14,1,1
P3,Faces94,evaluation,several_enrollment_photographs,male/pspliu,male/pspliu/pspliu.14.jpg,1,38,14,1,1
P3,Faces94,evaluation,several_enrollment_photographs,male/pspliu,male/pspliu/pspliu.15.jpg,1,32,14,1,1
P3,Faces94,evaluation,several_enrollment_photographs,male/pspliu,male/pspliu/pspliu.16.jpg,1,32,14,1,1
P3,Faces94,evaluation,several_enrollment_photographs,male/pspliu,male/pspliu/pspliu.17.jpg,1,39,14,1,1
P3,Faces94,evaluation,several_enrollment_photographs,male/pspliu,male/pspliu/pspliu.18.jpg,1,38,14,1,1
P3,Faces94,evaluation,several_enrollment_photographs,male/pspliu,male/pspliu/pspliu.19.jpg,1,35,14,1,1
P3,Faces94,evaluation,several_enrollment_photographs,male/pspliu,male/pspliu/pspliu.20.jpg,1,36,14,1,1
P3,Faces94,evaluation,several_enrollment_photographs,male/ptnich,male/ptnich/ptnich.1.jpg,0,12,14,0,1
P3,Faces94,evaluation,several_enrollment_photographs,male/ptnich,male/ptnich/ptnich.2.jpg,0,7,14,0,1
P3,Faces94,evaluation,several_enrollment_photographs,male/ptnich,male/ptnich/ptnich.3.jpg,0,8,14,0,1
P3,Faces94,evaluation,several_enrollment_photographs,male/ptnich,male/ptnich/ptnich.4.jpg,0,11,14,0,1
P3,Faces94,evaluation,several_enrollment_photographs,male/ptnich,male/ptnich/ptnich.5.jpg,0,10,14,0,1
P3,Faces94,evaluation,several_enrollment_photographs,male/ptnich,male/ptnich/ptnich.6.jpg,0,7,14,0,1
P3,Faces94,evaluation,several_enrollment_photographs,male/ptnich,male/ptnich/ptnich.7.jpg,0,9,14,0,1
P3,Faces94,evaluation,several_enrollment_photographs,male/ptnich,male/ptnich/ptnich.8.jpg,0,8,14,0,1
P3,Faces94,evaluation,several_enrollment_photographs,male/ptnich,male/ptnich/ptnich.9.jpg,0,10,14,0,1
P3,Faces94,evaluation,several_enrollment_photographs,male/ptnich,male/ptnich/ptnich.10.jpg,0,11,14,0,1
P3,Faces94,evaluation,several_enrollment_photographs,male/ptnich,male/ptnich/ptnich.11.jpg,0,10,14,0,1
P3,Faces94,evaluation,several_enrollment_photographs,male/ptnich,male/ptnich/ptnich.12.jpg,0,8,14,0,1
P3,Faces94,evaluation,several_enrollment_photographs,male/ptnich,male/ptnich/ptnich.13.jpg,0,8,14,0,1
P3,Faces94,evaluation,several_enrollment_photographs,male/ptnich,male/ptnich/ptnich.14.jpg,0,7,14,0,1
P3,Faces94,evaluation,several_enrollment_photographs,male/ptnich,male/ptnich/ptnich.15.jpg,0,7,14,0,1
P3,Faces94,evaluation,several_enrollment_photographs,male/ptnich,male/ptnich/ptnich.16.jpg,0,12,14,0,1
P3,Faces94,evaluation,several_enrollment_photographs,male/ptnich,male/ptnich/ptnich.17.jpg,0,12,14,0,1
P3,Faces94,evaluation,several_enrollment_photographs,male/ptnich,male/ptnich/ptnich.18.jpg,0,11,14,0,1
P3,Faces94,evaluation,several_enrollment_photographs,male/ptnich,male/ptnich/ptnich.19.jpg,0,9,14,0,1
P3,Faces94,evaluation,several_enrollment_photographs,male/ptnich,male/ptnich/ptnich.20.jpg,0,10,14,0,1
P3,Faces94,evaluation,several_enrollment_photographs,male/rgharr,male/rgharr/rgharr.11.jpg,1,32,14,1,1
P3,Faces94,evaluation,several_enrollment_photographs,male/rgharr,male/rgharr/rgharr.12.jpg,1,33,14,1,1
P3,Faces94,evaluation,several_enrollment_photographs,male/rgharr,male/rgharr/rgharr.13.jpg,1,33,14,1,1
P3,Faces94,evaluation,several_enrollment_photographs,male/rgharr,male/rgharr/rgharr.14.jpg,1,37,14,1,1
P3,Faces94,evaluation,several_enrollment_photographs,male/rgharr,male/rgharr/rgharr.15.jpg,1,37,14,1,1
P3,Faces94,evaluation,several_enrollment_photographs,male/rgharr,male/rgharr/rgharr.16.jpg,1,32,14,1,1
P3,Faces94,evaluation,several_enrollment_photographs,male/rgharr,male/rgharr/rgharr.17.jpg,1,37,14,1,1
P3,Faces94,evaluation,several_enrollment_photographs,male/rgharr,male/rgharr/rgharr.18.jpg,1,31,14,1,1
P3,Faces94,evaluation,several_enrollment_photographs,male/rgharr,male/rgharr/rgharr.19.jpg,1,36,14,1,1
P3,Faces94,evaluation,several_enrollment_photographs,male/rgharr,male/rgharr/rgharr.20.jpg,1,33,14,1,1
P3,Faces94,evaluation,several_enrollment_photographs,male/rgspru,male/rgspru/rgspru.11.jpg,1,24,14,1,1
P3,Faces94,evaluation,several_enrollment_photographs,male/rgspru,male/rgspru/rgspru.12.jpg,1,25,14,1,1
P3,Faces94,evaluation,several_enrollment_photographs,male/rgspru,male/rgspru/rgspru.13.jpg,1,26,14,1,1
P3,Faces94,evaluation,several_enrollment_photographs,male/rgspru,male/rgspru/rgspru.14.jpg,1,31,14,1,1
P3,Faces94,evaluation,several_enrollment_photographs,male/rgspru,male/rgspru/rgspru.15.jpg,1,30,14,1,1
P3,Faces94,evaluation,several_enrollment_photographs,male/rgspru,male/rgspru/rgspru.16.jpg,1,28,14,1,1
P3,Faces94,evaluation,several_enrollment_photographs,male/rgspru,male/rgspru/rgspru.17.jpg,1,32,14,1,1
P3,Faces94,evaluation,several_enrollment_photographs,male/rgspru,male/rgspru/rgspru.18.jpg,1,31,14,1,1
P3,Faces94,evaluation,several_enrollment_photographs,male/rgspru,male/rgspru/rgspru.19.jpg,1,21,14,1,1
P3,Faces94,evaluation,several_enrollment_photographs,male/rgspru,male/rgspru/rgspru.20.jpg,1,23,14,1,1
P3,Faces94,evaluation,several_enrollment_photographs,male/rjlabr,male/rjlabr/rjlabr.11.jpg,1,38,14,1,1
P3,Faces94,evaluation,several_enrollment_photographs,male/rjlabr,male/rjlabr/rjlabr.12.jpg,1,38,14,1,1
P3,Faces94,evaluation,several_enrollment_photographs,male/rjlabr,male/rjlabr/rjlabr.13.jpg,1,38,14,1,1
P3,Faces94,evaluation,several_enrollment_photographs,male/rjlabr,male/rjlabr/rjlabr.14.jpg,1,36,14,1,1
P3,Faces94,evaluation,several_enrollment_photographs,male/rjlabr,male/rjlabr/rjlabr.15.jpg,1,23,14,1,1
P3,Faces94,evaluation,several_enrollment_photographs,male/rjlabr,male/rjlabr/rjlabr.16.jpg,1,38,14,1,1
P3,Faces94,evaluation,several_enrollment_photographs,male/rjlabr,male/rjlabr/rjlabr.17.jpg,1,37,14,1,1
P3,Faces94,evaluation,several_enrollment_photographs,male/rjlabr,male/rjlabr/rjlabr.18.jpg,1,36,14,1,1
P3,Faces94,evaluation,several_enrollment_photographs,male/rjlabr,male/rjlabr/rjlabr.19.jpg,1,39,14,1,1
P3,Faces94,evaluation,several_enrollment_photographs,male/rjlabr,male/rjlabr/rjlabr.20.jpg,1,35,14,1,1
P3,Faces94,evaluation,several_enrollment_photographs,male/rmcoll,male/rmcoll/rmcoll.11.jpg,1,30,14,1,1
P3,Faces94,evaluation,several_enrollment_photographs,male/rmcoll,male/rmcoll/rmcoll.12.jpg,1,24,14,1,1
P3,Faces94,evaluation,several_enrollment_photographs,male/rmcoll,male/rmcoll/rmcoll.13.jpg,1,35,14,1,1
P3,Faces94,evaluation,several_enrollment_photographs,male/rmcoll,male/rmcoll/rmcoll.14.jpg,1,21,14,1,1
P3,Faces94,evaluation,several_enrollment_photographs,male/rmcoll,male/rmcoll/rmcoll.15.jpg,1,27,14,1,1
P3,Faces94,evaluation,several_enrollment_photographs,male/rmcoll,male/rmcoll/rmcoll.16.jpg,1,28,14,1,1
P3,Faces94,evaluation,several_enrollment_photographs,male/rmcoll,male/rmcoll/rmcoll.17.jpg,1,27,14,1,1
P3,Faces94,evaluation,several_enrollment_photographs,male/rmcoll,male/rmcoll/rmcoll.18.jpg,1,31,14,1,1
P3,Faces94,evaluation,several_enrollment_photographs,male/rmcoll,male/rmcoll/rmcoll.19.jpg,1,27,14,1,1
P3,Faces94,evaluation,several_enrollment_photographs,male/rmcoll,male/rmcoll/rmcoll.20.jpg,1,27,14,1,1
P3,Faces94,evaluation,several_enrollment_photographs,male/rsanti,male/rsanti/rsanti.11.jpg,1,20,14,1,1
P3,Faces94,evaluation,several_enrollment_photographs,male/rsanti,male/rsanti/rsanti.12.jpg,1,32,14,1,1
P3,Faces94,evaluation,several_enrollment_photographs,male/rsanti,male/rsanti/rsanti.13.jpg,1,23,14,1,1
P3,Faces94,evaluation,several_enrollment_photographs,male/rsanti,male/rsanti/rsanti.14.jpg,1,19,14,1,1
P3,Faces94,evaluation,several_enrollment_photographs,male/rsanti,male/rsanti/rsanti.15.jpg,1,18,14,1,1
P3,Faces94,evaluation,several_enrollment_photographs,male/rsanti,male/rsanti/rsanti.16.jpg,1,21,14,1,1
P3,Faces94,evaluation,several_enrollment_photographs,male/rsanti,male/rsanti/rsanti.17.jpg,1,19,14,1,1
P3,Faces94,evaluation,several_enrollment_photographs,male/rsanti,male/rsanti/rsanti.18.jpg,1,21,14,1,1
P3,Faces94,evaluation,several_enrollment_photographs,male/rsanti,male/rsanti/rsanti.19.jpg,1,22,14,1,1
P3,Faces94,evaluation,several_enrollment_photographs,male/rsanti,male/rsanti/rsanti.20.jpg,1,24,14,1,1
P3,Faces94,evaluation,several_enrollment_photographs,male/saedwa,male/saedwa/saedwa.11.jpg,1,39,14,1,1
P3,Faces94,evaluation,several_enrollment_photographs,male/saedwa,male/saedwa/saedwa.12.jpg,1,37,14,1,1
P3,Faces94,evaluation,several_enrollment_photographs,male/saedwa,male/saedwa/saedwa.13.jpg,1,38,14,1,1
P3,Faces94,evaluation,several_enrollment_photographs,male/saedwa,male/saedwa/saedwa.14.jpg,1,40,14,1,1
P3,Faces94,evaluation,several_enrollment_photographs,male/saedwa,male/saedwa/saedwa.15.jpg,1,40,14,1,1
P3,Faces94,evaluation,several_enrollment_photographs,male/saedwa,male/saedwa/saedwa.16.jpg,1,43,14,1,1
P3,Faces94,evaluation,several_enrollment_photographs,male/saedwa,male/saedwa/saedwa.17.jpg,1,42,14,1,1
P3,Faces94,evaluation,several_enrollment_photographs,male/saedwa,male/saedwa/saedwa.18.jpg,1,42,14,1,1
P3,Faces94,evaluation,several_enrollment_photographs,male/saedwa,male/saedwa/saedwa.19.jpg,1,30,14,1,1
P3,Faces94,evaluation,several_enrollment_photographs,male/saedwa,male/saedwa/saedwa.20.jpg,1,36,14,1,1
P3,Faces94,evaluation,several_enrollment_photographs,male/skumar,male/skumar/skumar.11.jpg,1,38,14,1,1
P3,Faces94,evaluation,several_enrollment_photographs,male/skumar,male/skumar/skumar.12.jpg,1,34,14,1,1
P3,Faces94,evaluation,several_enrollment_photographs,male/skumar,male/skumar/skumar.13.jpg,1,25,14,1,1
P3,Faces94,evaluation,several_enrollment_photographs,male/skumar,male/skumar/skumar.14.jpg,1,28,14,1,1
P3,Faces94,evaluation,several_enrollment_photographs,male/skumar,male/skumar/skumar.15.jpg,1,20,14,1,1
P3,Faces94,evaluation,several_enrollment_photographs,male/skumar,male/skumar/skumar.16.jpg,1,29,14,1,1
P3,Faces94,evaluation,several_enrollment_photographs,male/skumar,male/skumar/skumar.17.jpg,1,33,14,1,1
P3,Faces94,evaluation,several_enrollment_photographs,male/skumar,male/skumar/skumar.18.jpg,1,28,14,1,1
P3,Faces94,evaluation,several_enrollment_photographs,male/skumar,male/skumar/skumar.19.jpg,1,25,14,1,1
P3,Faces94,evaluation,several_enrollment_photographs,male/skumar,male/skumar/skumar.20.jpg,1,31,14,1,1
P3,Faces94,evaluation,several_enrollment_photographs,male/smrobb,male/smrobb/smrobb.11.jpg,1,26,14,1,1
P3,Faces94,evaluation,several_enrollment_photographs,male/smrobb,male/smrobb/smrobb.12.jpg,1,33,14,1,1
P3,Faces94,evaluation,several_enrollment_photographs,male/smrobb,male/smrobb/smrobb.13.jpg,1,29,14,1,1
P3,Faces94,evaluation,several_enrollment_photographs,male/smrobb,male/smrobb/smrobb.14.jpg,1,36,14,1,1
P3,Faces94,evaluation,several_enrollment_photographs,male/smrobb,male/smrobb/smrobb.15.jpg,1,30,14,1,1
P3,Faces94,evaluation,several_enrollment_photographs,male/smrobb,male/smrobb/smrobb.16.jpg,1,26,14,1,1
P3,Faces94,evaluation,several_enrollment_photographs,male/smrobb,male/smrobb/smrobb.17.jpg,1,27,14,1,1
P3,Faces94,evaluation,several_enrollment_photographs,male/smrobb,male/smrobb/smrobb.18.jpg,1,30,14,1,1
P3,Faces94,evaluation,several_enrollment_photographs,male/smrobb,male/smrobb/smrobb.19.jpg,1,33,14,1,1
P3,Faces94,evaluation,several_enrollment_photographs,male/smrobb,male/smrobb/smrobb.20.jpg,1,30,14,1,1
P3,Faces94,evaluation,several_enrollment_photographs,male/svkriz,male/svkriz/svkriz.11.jpg,1,45,14,1,1
P3,Faces94,evaluation,several_enrollment_photographs,male/svkriz,male/svkriz/svkriz.12.jpg,1,34,14,1,1
P3,Faces94,evaluation,several_enrollment_photographs,male/svkriz,male/svkriz/svkriz.13.jpg,1,32,14,1,1
P3,Faces94,evaluation,several_enrollment_photographs,male/svkriz,male/svkriz/svkriz.14.jpg,1,18,14,1,1
P3,Faces94,evaluation,several_enrollment_photographs,male/svkriz,male/svkriz/svkriz.15.jpg,1,16,14,1,1
P3,Faces94,evaluation,several_enrollment_photographs,male/svkriz,male/svkriz/svkriz.16.jpg,1,17,14,1,1
P3,Faces94,evaluation,several_enrollment_photographs,male/svkriz,male/svkriz/svkriz.17.jpg,1,15,14,1,1
P3,Faces94,evaluation,several_enrollment_photographs,male/svkriz,male/svkriz/svkriz.18.jpg,1,11,14,0,0
P3,Faces94,evaluation,several_enrollment_photographs,male/svkriz,male/svkriz/svkriz.19.jpg,1,18,14,1,1
P3,Faces94,evaluation,several_enrollment_photographs,male/svkriz,male/svkriz/svkriz.20.jpg,1,22,14,1,1
P3,Faces94,evaluation,several_enrollment_photographs,male/swewin,male/swewin/swewin.11.jpg,1,39,14,1,1
P3,Faces94,evaluation,several_enrollment_photographs,male/swewin,male/swewin/swewin.12.jpg,1,32,14,1,1
P3,Faces94,evaluation,several_enrollment_photographs,male/swewin,male/swewin/swewin.13.jpg,1,41,14,1,1
P3,Faces94,evaluation,several_enrollment_photographs,male/swewin,male/swewin/swewin.14.jpg,1,37,14,1,1
P3,Faces94,evaluation,several_enrollment_photographs,male/swewin,male/swewin/swewin.15.jpg,1,42,14,1,1
P3,Faces94,evaluation,several_enrollment_photographs,male/swewin,male/swewin/swewin.16.jpg,1,40,14,1,1
P3,Faces94,evaluation,several_enrollment_photographs,male/swewin,male/swewin/swewin.17.jpg,1,40,14,1,1
P3,Faces94,evaluation,several_enrollment_photographs,male/swewin,male/swewin/swewin.18.jpg,1,27,14,1,1
P3,Faces94,evaluation,several_enrollment_photographs,male/swewin,male/swewin/swewin.19.jpg,1,37,14,1,1
P3,Faces94,evaluation,several_enrollment_photographs,male/swewin,male/swewin/swewin.20.jpg,1,39,14,1,1
P3,Faces94,evaluation,several_enrollment_photographs,male/swsmit,male/swsmit/swsmit.11.jpg,1,32,14,1,1
P3,Faces94,evaluation,several_enrollment_photographs,male/swsmit,male/swsmit/swsmit.12.jpg,1,26,14,1,1
P3,Faces94,evaluation,several_enrollment_photographs,male/swsmit,male/swsmit/swsmit.13.jpg,1,31,14,1,1
P3,Faces94,evaluation,several_enrollment_photographs,male/swsmit,male/swsmit/swsmit.14.jpg,1,32,14,1,1
P3,Faces94,evaluation,several_enrollment_photographs,male/swsmit,male/swsmit/swsmit.15.jpg,1,34,14,1,1
P3,Faces94,evaluation,several_enrollment_photographs,male/swsmit,male/swsmit/swsmit.16.jpg,1,26,14,1,1
P3,Faces94,evaluation,several_enrollment_photographs,male/swsmit,male/swsmit/swsmit.17.jpg,1,38,14,1,1
P3,Faces94,evaluation,several_enrollment_photographs,male/swsmit,male/swsmit/swsmit.18.jpg,1,33,14,1,1
P3,Faces94,evaluation,several_enrollment_photographs,male/swsmit,male/swsmit/swsmit.19.jpg,1,33,14,1,1
P3,Faces94,evaluation,several_enrollment_photographs,male/swsmit,male/swsmit/swsmit.20.jpg,1,27,14,1,1
P3,Faces94,evaluation,several_enrollment_photographs,male/vpsavo,male/vpsavo/vpsavo.11.jpg,1,36,14,1,1
P3,Faces94,evaluation,several_enrollment_photographs,male/vpsavo,male/vpsavo/vpsavo.12.jpg,1,24,14,1,1
P3,Faces94,evaluation,several_enrollment_photographs,male/vpsavo,male/vpsavo/vpsavo.13.jpg,1,30,14,1,1
P3,Faces94,evaluation,several_enrollment_photographs,male/vpsavo,male/vpsavo/vpsavo.14.jpg,1,24,14,1,1
P3,Faces94,evaluation,several_enrollment_photographs,male/vpsavo,male/vpsavo/vpsavo.15.jpg,1,21,14,1,1
P3,Faces94,evaluation,several_enrollment_photographs,male/vpsavo,male/vpsavo/vpsavo.16.jpg,1,20,14,1,1
P3,Faces94,evaluation,several_enrollment_photographs,male/vpsavo,male/vpsavo/vpsavo.17.jpg,1,24,14,1,1
P3,Faces94,evaluation,several_enrollment_photographs,male/vpsavo,male/vpsavo/vpsavo.18.jpg,1,31,14,1,1
P3,Faces94,evaluation,several_enrollment_photographs,male/vpsavo,male/vpsavo/vpsavo.19.jpg,1,34,14,1,1
P3,Faces94,evaluation,several_enrollment_photographs,male/vpsavo,male/vpsavo/vpsavo.20.jpg,1,20,14,1,1
P3,Faces94,evaluation,several_enrollment_photographs,male/wjalbe,male/wjalbe/wjalbe.11.jpg,1,19,14,1,1
P3,Faces94,evaluation,several_enrollment_photographs,male/wjalbe,male/wjalbe/wjalbe.12.jpg,1,18,14,1,1
P3,Faces94,evaluation,several_enrollment_photographs,male/wjalbe,male/wjalbe/wjalbe.13.jpg,1,26,14,1,1
P3,Faces94,evaluation,several_enrollment_photographs,male/wjalbe,male/wjalbe/wjalbe.14.jpg,1,22,14,1,1
P3,Faces94,evaluation,several_enrollment_photographs,male/wjalbe,male/wjalbe/wjalbe.15.jpg,1,24,14,1,1
P3,Faces94,evaluation,several_enrollment_photographs,male/wjalbe,male/wjalbe/wjalbe.16.jpg,1,16,14,1,1
P3,Faces94,evaluation,several_enrollment_photographs,male/wjalbe,male/wjalbe/wjalbe.17.jpg,1,27,14,1,1
P3,Faces94,evaluation,several_enrollment_photographs,male/wjalbe,male/wjalbe/wjalbe.18.jpg,1,23,14,1,1
P3,Faces94,evaluation,several_enrollment_photographs,male/wjalbe,male/wjalbe/wjalbe.19.jpg,1,26,14,1,1
P3,Faces94,evaluation,several_enrollment_photographs,male/wjalbe,male/wjalbe/wjalbe.20.jpg,1,22,14,1,1
P3,Faces94,evaluation,several_enrollment_photographs,malestaff/anonym1,malestaff/anonym1/anonym1.11.jpg,1,39,14,1,1
P3,Faces94,evaluation,several_enrollment_photographs,malestaff/anonym1,malestaff/anonym1/anonym1.12.jpg,1,31,14,1,1
P3,Faces94,evaluation,several_enrollment_photographs,malestaff/anonym1,malestaff/anonym1/anonym1.13.jpg,1,25,14,1,1
P3,Faces94,evaluation,several_enrollment_photographs,malestaff/anonym1,malestaff/anonym1/anonym1.14.jpg,1,34,14,1,1
P3,Faces94,evaluation,several_enrollment_photographs,malestaff/anonym1,malestaff/anonym1/anonym1.15.jpg,1,33,14,1,1
P3,Faces94,evaluation,several_enrollment_photographs,malestaff/anonym1,malestaff/anonym1/anonym1.16.jpg,1,38,14,1,1
P3,Faces94,evaluation,several_enrollment_photographs,malestaff/anonym1,malestaff/anonym1/anonym1.17.jpg,1,38,14,1,1
P3,Faces94,evaluation,several_enrollment_photographs,malestaff/anonym1,malestaff/anonym1/anonym1.18.jpg,1,42,14,1,1
P3,Faces94,evaluation,several_enrollment_photographs,malestaff/anonym1,malestaff/anonym1/anonym1.19.jpg,1,40,14,1,1
P3,Faces94,evaluation,several_enrollment_photographs,malestaff/anonym1,malestaff/anonym1/anonym1.20.jpg,1,40,14,1,1
P3,Faces94,evaluation,several_enrollment_photographs,malestaff/anonym2,malestaff/anonym2/anonym2.11.jpg,1,28,14,1,1
P3,Faces94,evaluation,several_enrollment_photographs,malestaff/anonym2,malestaff/anonym2/anonym2.12.jpg,1,20,14,1,1
P3,Faces94,evaluation,several_enrollment_photographs,malestaff/anonym2,malestaff/anonym2/anonym2.13.jpg,1,18,14,1,1
P3,Faces94,evaluation,several_enrollment_photographs,malestaff/anonym2,malestaff/anonym2/anonym2.14.jpg,1,17,14,1,1
P3,Faces94,evaluation,several_enrollment_photographs,malestaff/anonym2,malestaff/anonym2/anonym2.15.jpg,1,17,14,1,1
P3,Faces94,evaluation,several_enrollment_photographs,malestaff/anonym2,malestaff/anonym2/anonym2.16.jpg,1,18,14,1,1
P3,Faces94,evaluation,several_enrollment_photographs,malestaff/anonym2,malestaff/anonym2/anonym2.17.jpg,1,25,14,1,1
P3,Faces94,evaluation,several_enrollment_photographs,malestaff/anonym2,malestaff/anonym2/anonym2.18.jpg,1,22,14,1,1
P3,Faces94,evaluation,several_enrollment_photographs,malestaff/anonym2,malestaff/anonym2/anonym2.19.jpg,1,20,14,1,1
P3,Faces94,evaluation,several_enrollment_photographs,malestaff/anonym2,malestaff/anonym2/anonym2.20.jpg,1,19,14,1,1
P3,Faces94,evaluation,several_enrollment_photographs,malestaff/cwang,malestaff/cwang/cwang.11.jpg,1,33,14,1,1
P3,Faces94,evaluation,several_enrollment_photographs,malestaff/cwang,malestaff/cwang/cwang.12.jpg,1,24,14,1,1
P3,Faces94,evaluation,several_enrollment_photographs,malestaff/cwang,malestaff/cwang/cwang.13.jpg,1,23,14,1,1
P3,Faces94,evaluation,several_enrollment_photographs,malestaff/cwang,malestaff/cwang/cwang.14.jpg,1,20,14,1,1
P3,Faces94,evaluation,several_enrollment_photographs,malestaff/cwang,malestaff/cwang/cwang.15.jpg,1,26,14,1,1
P3,Faces94,evaluation,several_enrollment_photographs,malestaff/cwang,malestaff/cwang/cwang.16.jpg,1,22,14,1,1
P3,Faces94,evaluation,several_enrollment_photographs,malestaff/cwang,malestaff/cwang/cwang.17.jpg,1,19,14,1,1
P3,Faces94,evaluation,several_enrollment_photographs,malestaff/cwang,malestaff/cwang/cwang.18.jpg,1,14,14,1,1
P3,Faces94,evaluation,several_enrollment_photographs,malestaff/cwang,malestaff/cwang/cwang.19.jpg,1,15,14,1,1
P3,Faces94,evaluation,several_enrollment_photographs,malestaff/cwang,malestaff/cwang/cwang.20.jpg,1,19,14,1,1
P3,Faces94,evaluation,several_enrollment_photographs,malestaff/hensm,malestaff/hensm/hensm.11.jpg,1,30,14,1,1
P3,Faces94,evaluation,several_enrollment_photographs,malestaff/hensm,malestaff/hensm/hensm.12.jpg,1,41,14,1,1
P3,Faces94,evaluation,several_enrollment_photographs,malestaff/hensm,malestaff/hensm/hensm.13.jpg,1,38,14,1,1
P3,Faces94,evaluation,several_enrollment_photographs,malestaff/hensm,malestaff/hensm/hensm.14.jpg,1,35,14,1,1
P3,Faces94,evaluation,several_enrollment_photographs,malestaff/hensm,malestaff/hensm/hensm.15.jpg,1,23,14,1,1
P3,Faces94,evaluation,several_enrollment_photographs,malestaff/hensm,malestaff/hensm/hensm.16.jpg,1,11,14,0,0
P3,Faces94,evaluation,several_enrollment_photographs,malestaff/hensm,malestaff/hensm/hensm.17.jpg,1,13,14,0,0
P3,Faces94,evaluation,several_enrollment_photographs,malestaff/hensm,malestaff/hensm/hensm.18.jpg,1,13,14,0,0
P3,Faces94,evaluation,several_enrollment_photographs,malestaff/hensm,malestaff/hensm/hensm.19.jpg,1,16,14,1,1
P3,Faces94,evaluation,several_enrollment_photographs,malestaff/hensm,malestaff/hensm/hensm.20.jpg,1,14,14,1,1
P3,Faces94,evaluation,several_enrollment_photographs,malestaff/ieorf,malestaff/ieorf/ieorf.11.jpg,1,31,14,1,1
P3,Faces94,evaluation,several_enrollment_photographs,malestaff/ieorf,malestaff/ieorf/ieorf.12.jpg,1,28,14,1,1
P3,Faces94,evaluation,several_enrollment_photographs,malestaff/ieorf,malestaff/ieorf/ieorf.13.jpg,1,18,14,1,1
P3,Faces94,evaluation,several_enrollment_photographs,malestaff/ieorf,malestaff/ieorf/ieorf.14.jpg,1,24,14,1,1
P3,Faces94,evaluation,several_enrollment_photographs,malestaff/ieorf,malestaff/ieorf/ieorf.15.jpg,1,27,14,1,1
P3,Faces94,evaluation,several_enrollment_photographs,malestaff/ieorf,malestaff/ieorf/ieorf.16.jpg,1,15,14,1,1
P3,Faces94,evaluation,several_enrollment_photographs,malestaff/ieorf,malestaff/ieorf/ieorf.17.jpg,1,19,14,1,1
P3,Faces94,evaluation,several_enrollment_photographs,malestaff/ieorf,malestaff/ieorf/ieorf.18.jpg,1,20,14,1,1
P3,Faces94,evaluation,several_enrollment_photographs,malestaff/ieorf,malestaff/ieorf/ieorf.19.jpg,1,14,14,1,1
P3,Faces94,evaluation,several_enrollment_photographs,malestaff/ieorf,malestaff/ieorf/ieorf.20.jpg,1,23,14,1,1
P3,Faces94,evaluation,several_enrollment_photographs,malestaff/lyond,malestaff/lyond/lyond.1.jpg,0,5,14,0,1
P3,Faces94,evaluation,several_enrollment_photographs,malestaff/lyond,malestaff/lyond/lyond.2.jpg,0,8,14,0,1
P3,Faces94,evaluation,several_enrollment_photographs,malestaff/lyond,malestaff/lyond/lyond.3.jpg,0,2,14,0,1
P3,Faces94,evaluation,several_enrollment_photographs,malestaff/lyond,malestaff/lyond/lyond.4.jpg,0,5,14,0,1
P3,Faces94,evaluation,several_enrollment_photographs,malestaff/lyond,malestaff/lyond/lyond.5.jpg,0,13,14,0,1
P3,Faces94,evaluation,several_enrollment_photographs,malestaff/lyond,malestaff/lyond/lyond.6.jpg,0,7,14,0,1
P3,Faces94,evaluation,several_enrollment_photographs,malestaff/lyond,malestaff/lyond/lyond.7.jpg,0,9,14,0,1
P3,Faces94,evaluation,several_enrollment_photographs,malestaff/lyond,malestaff/lyond/lyond.8.jpg,0,4,14,0,1
P3,Faces94,evaluation,several_enrollment_photographs,malestaff/lyond,malestaff/lyond/lyond.9.jpg,0,11,14,0,1
P3,Faces94,evaluation,several_enrollment_photographs,malestaff/lyond,malestaff/lyond/lyond.10.jpg,0,12,14,0,1
P3,Faces94,evaluation,several_enrollment_photographs,malestaff/lyond,malestaff/lyond/lyond.11.jpg,0,9,14,0,1
P3,Faces94,evaluation,several_enrollment_photographs,malestaff/lyond,malestaff/lyond/lyond.12.jpg,0,10,14,0,1
P3,Faces94,evaluation,several_enrollment_photographs,malestaff/lyond,malestaff/lyond/lyond.13.jpg,0,13,14,0,1
P3,Faces94,evaluation,several_enrollment_photographs,malestaff/lyond,malestaff/lyond/lyond.14.jpg,0,12,14,0,1
P3,Faces94,evaluation,several_enrollment_photographs,malestaff/lyond,malestaff/lyond/lyond.15.jpg,0,12,14,0,1
P3,Faces94,evaluation,several_enrollment_photographs,malestaff/lyond,malestaff/lyond/lyond.16.jpg,0,10,14,0,1
P3,Faces94,evaluation,several_enrollment_photographs,malestaff/lyond,malestaff/lyond/lyond.17.jpg,0,11,14,0,1
P3,Faces94,evaluation,several_enrollment_photographs,malestaff/lyond,malestaff/lyond/lyond.18.jpg,0,6,14,0,1
P3,Faces94,evaluation,several_enrollment_photographs,malestaff/lyond,malestaff/lyond/lyond.19.jpg,0,9,14,0,1
P3,Faces94,evaluation,several_enrollment_photographs,malestaff/lyond,malestaff/lyond/lyond.20.jpg,0,8,14,0,1
P3,Faces94,evaluation,several_enrollment_photographs,malestaff/michael,malestaff/michael/michael.11.jpg,1,33,14,1,1
P3,Faces94,evaluation,several_enrollment_photographs,malestaff/michael,malestaff/michael/michael.12.jpg,1,33,14,1,1
P3,Faces94,evaluation,several_enrollment_photographs,malestaff/michael,malestaff/michael/michael.13.jpg,1,34,14,1,1
P3,Faces94,evaluation,several_enrollment_photographs,malestaff/michael,malestaff/michael/michael.14.jpg,1,34,14,1,1
P3,Faces94,evaluation,several_enrollment_photographs,malestaff/michael,malestaff/michael/michael.15.jpg,1,31,14,1,1
P3,Faces94,evaluation,several_enrollment_photographs,malestaff/michael,malestaff/michael/michael.16.jpg,1,34,14,1,1
P3,Faces94,evaluation,several_enrollment_photographs,malestaff/michael,malestaff/michael/michael.17.jpg,1,30,14,1,1
P3,Faces94,evaluation,several_enrollment_photographs,malestaff/michael,malestaff/michael/michael.18.jpg,1,34,14,1,1
P3,Faces94,evaluation,several_enrollment_photographs,malestaff/michael,malestaff/michael/michael.19.jpg,1,30,14,1,1
P3,Faces94,evaluation,several_enrollment_photographs,malestaff/michael,malestaff/michael/michael.20.jpg,1,32,14,1,1
P3,Faces94,evaluation,several_enrollment_photographs,malestaff/obeidn,malestaff/obeidn/obeidn.11.jpg,1,40,14,1,1
P3,Faces94,evaluation,several_enrollment_photographs,malestaff/obeidn,malestaff/obeidn/obeidn.12.jpg,1,36,14,1,1
P3,Faces94,evaluation,several_enrollment_photographs,malestaff/obeidn,malestaff/obeidn/obeidn.13.jpg,1,34,14,1,1
P3,Faces94,evaluation,several_enrollment_photographs,malestaff/obeidn,malestaff/obeidn/obeidn.14.jpg,1,38,14,1,1
P3,Faces94,evaluation,several_enrollment_photographs,malestaff/obeidn,malestaff/obeidn/obeidn.15.jpg,1,29,14,1,1
P3,Faces94,evaluation,several_enrollment_photographs,malestaff/obeidn,malestaff/obeidn/obeidn.16.jpg,1,34,14,1,1
P3,Faces94,evaluation,several_enrollment_photographs,malestaff/obeidn,malestaff/obeidn/obeidn.17.jpg,1,33,14,1,1
P3,Faces94,evaluation,several_enrollment_photographs,malestaff/obeidn,malestaff/obeidn/obeidn.18.jpg,1,32,14,1,1
P3,Faces94,evaluation,several_enrollment_photographs,malestaff/obeidn,malestaff/obeidn/obeidn.19.jpg,1,32,14,1,1
P3,Faces94,evaluation,several_enrollment_photographs,malestaff/obeidn,malestaff/obeidn/obeidn.20.jpg,1,37,14,1,1
P3,Faces94,evaluation,several_enrollment_photographs,malestaff/robin,malestaff/robin/robin.1.jpg,0,6,14,0,1
P3,Faces94,evaluation,several_enrollment_photographs,malestaff/robin,malestaff/robin/robin.2.jpg,0,10,14,0,1
P3,Faces94,evaluation,several_enrollment_photographs,malestaff/robin,malestaff/robin/robin.3.jpg,0,10,14,0,1
P3,Faces94,evaluation,several_enrollment_photographs,malestaff/robin,malestaff/robin/robin.4.jpg,0,10,14,0,1
P3,Faces94,evaluation,several_enrollment_photographs,malestaff/robin,malestaff/robin/robin.5.jpg,0,9,14,0,1
P3,Faces94,evaluation,several_enrollment_photographs,malestaff/robin,malestaff/robin/robin.6.jpg,0,10,14,0,1
P3,Faces94,evaluation,several_enrollment_photographs,malestaff/robin,malestaff/robin/robin.7.jpg,0,8,14,0,1
P3,Faces94,evaluation,several_enrollment_photographs,malestaff/robin,malestaff/robin/robin.8.jpg,0,9,14,0,1
P3,Faces94,evaluation,several_enrollment_photographs,malestaff/robin,malestaff/robin/robin.9.jpg,0,9,14,0,1
P3,Faces94,evaluation,several_enrollment_photographs,malestaff/robin,malestaff/robin/robin.10.jpg,0,12,14,0,1
P3,Faces94,evaluation,several_enrollment_photographs,malestaff/robin,malestaff/robin/robin.11.jpg,0,12,14,0,1
P3,Faces94,evaluation,several_enrollment_photographs,malestaff/robin,malestaff/robin/robin.12.jpg,0,7,14,0,1
P3,Faces94,evaluation,several_enrollment_photographs,malestaff/robin,malestaff/robin/robin.13.jpg,0,8,14,0,1
P3,Faces94,evaluation,several_enrollment_photographs,malestaff/robin,malestaff/robin/robin.14.jpg,0,8,14,0,1
P3,Faces94,evaluation,several_enrollment_photographs,malestaff/robin,malestaff/robin/robin.15.jpg,0,11,14,0,1
P3,Faces94,evaluation,several_enrollment_photographs,malestaff/robin,malestaff/robin/robin.16.jpg,0,13,14,0,1
P3,Faces94,evaluation,several_enrollment_photographs,malestaff/robin,malestaff/robin/robin.17.jpg,0,9,14,0,1
P3,Faces94,evaluation,several_enrollment_photographs,malestaff/robin,malestaff/robin/robin.18.jpg,0,10,14,0,1
P3,Faces94,evaluation,several_enrollment_photographs,malestaff/robin,malestaff/robin/robin.19.jpg,0,12,14,0,1
P3,Faces94,evaluation,several_enrollment_photographs,malestaff/robin,malestaff/robin/robin.20.jpg,0,11,14,0,1
P3,Faces94,evaluation,several_enrollment_photographs,malestaff/sandm,malestaff/sandm/sandm.11.jpg,1,33,14,1,1
P3,Faces94,evaluation,several_enrollment_photographs,malestaff/sandm,malestaff/sandm/sandm.12.jpg,1,26,14,1,1
P3,Faces94,evaluation,several_enrollment_photographs,malestaff/sandm,malestaff/sandm/sandm.13.jpg,1,34,14,1,1
P3,Faces94,evaluation,several_enrollment_photographs,malestaff/sandm,malestaff/sandm/sandm.14.jpg,1,34,14,1,1
P3,Faces94,evaluation,several_enrollment_photographs,malestaff/sandm,malestaff/sandm/sandm.15.jpg,1,29,14,1,1
P3,Faces94,evaluation,several_enrollment_photographs,malestaff/sandm,malestaff/sandm/sandm.16.jpg,1,35,14,1,1
P3,Faces94,evaluation,several_enrollment_photographs,malestaff/sandm,malestaff/sandm/sandm.17.jpg,1,35,14,1,1
P3,Faces94,evaluation,several_enrollment_photographs,malestaff/sandm,malestaff/sandm/sandm.18.jpg,1,28,14,1,1
P3,Faces94,evaluation,several_enrollment_photographs,malestaff/sandm,malestaff/sandm/sandm.19.jpg,1,32,14,1,1
P3,Faces94,evaluation,several_enrollment_photographs,malestaff/sandm,malestaff/sandm/sandm.20.jpg,1,30,14,1,1
P1,Faces95,evaluation,several_enrollment_photographs,adhast,adhast/adhast.11.jpg,1,88,72,1,1
P1,Faces95,evaluation,several_enrollment_photographs,adhast,adhast/adhast.12.jpg,1,88,72,1,1
P1,Faces95,evaluation,several_enrollment_photographs,adhast,adhast/adhast.13.jpg,1,86,72,1,1
P1,Faces95,evaluation,several_enrollment_photographs,adhast,adhast/adhast.14.jpg,1,72,72,1,1
P1,Faces95,evaluation,several_enrollment_photographs,adhast,adhast/adhast.15.jpg,1,75,72,1,1
P1,Faces95,evaluation,several_enrollment_photographs,adhast,adhast/adhast.16.jpg,1,77,72,1,1
P1,Faces95,evaluation,several_enrollment_photographs,adhast,adhast/adhast.17.jpg,1,82,72,1,1
P1,Faces95,evaluation,several_enrollment_photographs,adhast,adhast/adhast.18.jpg,1,72,72,1,1
P1,Faces95,evaluation,several_enrollment_photographs,adhast,adhast/adhast.19.jpg,1,82,72,1,1
P1,Faces95,evaluation,several_enrollment_photographs,adhast,adhast/adhast.20.jpg,1,76,72,1,1
P1,Faces95,evaluation,several_enrollment_photographs,boylee,boylee/boylee.1.jpg,0,69,72,0,1
P1,Faces95,evaluation,several_enrollment_photographs,boylee,boylee/boylee.2.jpg,0,66,72,0,1
P1,Faces95,evaluation,several_enrollment_photographs,boylee,boylee/boylee.3.jpg,0,69,72,0,1
P1,Faces95,evaluation,several_enrollment_photographs,boylee,boylee/boylee.4.jpg,0,72,72,1,0
P1,Faces95,evaluation,several_enrollment_photographs,boylee,boylee/boylee.5.jpg,0,78,72,1,0
P1,Faces95,evaluation,several_enrollment_photographs,boylee,boylee/boylee.6.jpg,0,73,72,1,0
P1,Faces95,evaluation,several_enrollment_photographs,boylee,boylee/boylee.7.jpg,0,79,72,1,0
P1,Faces95,evaluation,several_enrollment_photographs,boylee,boylee/boylee.8.jpg,0,77,72,1,0
P1,Faces95,evaluation,several_enrollment_photographs,boylee,boylee/boylee.9.jpg,0,70,72,0,1
P1,Faces95,evaluation,several_enrollment_photographs,boylee,boylee/boylee.10.jpg,0,64,72,0,1
P1,Faces95,evaluation,several_enrollment_photographs,boylee,boylee/boylee.11.jpg,0,61,72,0,1
P1,Faces95,evaluation,several_enrollment_photographs,boylee,boylee/boylee.12.jpg,0,63,72,0,1
P1,Faces95,evaluation,several_enrollment_photographs,boylee,boylee/boylee.13.jpg,0,63,72,0,1
P1,Faces95,evaluation,several_enrollment_photographs,boylee,boylee/boylee.14.jpg,0,62,72,0,1
P1,Faces95,evaluation,several_enrollment_photographs,boylee,boylee/boylee.15.jpg,0,63,72,0,1
P1,Faces95,evaluation,several_enrollment_photographs,boylee,boylee/boylee.16.jpg,0,62,72,0,1
P1,Faces95,evaluation,several_enrollment_photographs,boylee,boylee/boylee.17.jpg,0,63,72,0,1
P1,Faces95,evaluation,several_enrollment_photographs,boylee,boylee/boylee.18.jpg,0,59,72,0,1
P1,Faces95,evaluation,several_enrollment_photographs,boylee,boylee/boylee.19.jpg,0,69,72,0,1
P1,Faces95,evaluation,several_enrollment_photographs,boylee,boylee/boylee.20.jpg,0,63,72,0,1
P1,Faces95,evaluation,several_enrollment_photographs,bschap,bschap/bschap.11.jpg,1,82,72,1,1
P1,Faces95,evaluation,several_enrollment_photographs,bschap,bschap/bschap.15.jpg,1,92,72,1,1
P1,Faces95,evaluation,several_enrollment_photographs,bschap,bschap/bschap.16.jpg,1,101,72,1,1
P1,Faces95,evaluation,several_enrollment_photographs,bschap,bschap/bschap.18.jpg,1,91,72,1,1
P1,Faces95,evaluation,several_enrollment_photographs,bschap,bschap/bschap.19.jpg,1,101,72,1,1
P1,Faces95,evaluation,several_enrollment_photographs,bschap,bschap/bschap.20.jpg,1,87,72,1,1
P1,Faces95,evaluation,several_enrollment_photographs,cdlarg,cdlarg/cdlarg.1.jpg,0,90,72,1,0
P1,Faces95,evaluation,several_enrollment_photographs,cdlarg,cdlarg/cdlarg.2.jpg,0,93,72,1,0
P1,Faces95,evaluation,several_enrollment_photographs,cdlarg,cdlarg/cdlarg.3.jpg,0,96,72,1,0
P1,Faces95,evaluation,several_enrollment_photographs,cdlarg,cdlarg/cdlarg.4.jpg,0,84,72,1,0
P1,Faces95,evaluation,several_enrollment_photographs,cdlarg,cdlarg/cdlarg.5.jpg,0,97,72,1,0
P1,Faces95,evaluation,several_enrollment_photographs,cdlarg,cdlarg/cdlarg.6.jpg,0,95,72,1,0
P1,Faces95,evaluation,several_enrollment_photographs,cdlarg,cdlarg/cdlarg.7.jpg,0,92,72,1,0
P1,Faces95,evaluation,several_enrollment_photographs,cdlarg,cdlarg/cdlarg.8.jpg,0,95,72,1,0
P1,Faces95,evaluation,several_enrollment_photographs,cdlarg,cdlarg/cdlarg.9.jpg,0,88,72,1,0
P1,Faces95,evaluation,several_enrollment_photographs,cdlarg,cdlarg/cdlarg.10.jpg,0,76,72,1,0
P1,Faces95,evaluation,several_enrollment_photographs,cdlarg,cdlarg/cdlarg.11.jpg,0,72,72,1,0
P1,Faces95,evaluation,several_enrollment_photographs,cdlarg,cdlarg/cdlarg.12.jpg,0,75,72,1,0
P1,Faces95,evaluation,several_enrollment_photographs,cdlarg,cdlarg/cdlarg.13.jpg,0,72,72,1,0
P1,Faces95,evaluation,several_enrollment_photographs,cdlarg,cdlarg/cdlarg.14.jpg,0,79,72,1,0
P1,Faces95,evaluation,several_enrollment_photographs,cdlarg,cdlarg/cdlarg.15.jpg,0,79,72,1,0
P1,Faces95,evaluation,several_enrollment_photographs,cdlarg,cdlarg/cdlarg.16.jpg,0,83,72,1,0
P1,Faces95,evaluation,several_enrollment_photographs,cdlarg,cdlarg/cdlarg.17.jpg,0,77,72,1,0
P1,Faces95,evaluation,several_enrollment_photographs,cdlarg,cdlarg/cdlarg.18.jpg,0,78,72,1,0
P1,Faces95,evaluation,several_enrollment_photographs,cdlarg,cdlarg/cdlarg.19.jpg,0,75,72,1,0
P1,Faces95,evaluation,several_enrollment_photographs,cdlarg,cdlarg/cdlarg.20.jpg,0,78,72,1,0
P1,Faces95,evaluation,several_enrollment_photographs,cfloro,cfloro/cfloro.11.jpg,1,82,72,1,1
P1,Faces95,evaluation,several_enrollment_photographs,cfloro,cfloro/cfloro.12.jpg,1,76,72,1,1
P1,Faces95,evaluation,several_enrollment_photographs,cfloro,cfloro/cfloro.13.jpg,1,75,72,1,1
P1,Faces95,evaluation,several_enrollment_photographs,cfloro,cfloro/cfloro.14.jpg,1,76,72,1,1
P1,Faces95,evaluation,several_enrollment_photographs,cfloro,cfloro/cfloro.15.jpg,1,72,72,1,1
P1,Faces95,evaluation,several_enrollment_photographs,cfloro,cfloro/cfloro.16.jpg,1,77,72,1,1
P1,Faces95,evaluation,several_enrollment_photographs,cfloro,cfloro/cfloro.17.jpg,1,74,72,1,1
P1,Faces95,evaluation,several_enrollment_photographs,cfloro,cfloro/cfloro.18.jpg,1,67,72,0,0
P1,Faces95,evaluation,several_enrollment_photographs,cfloro,cfloro/cfloro.19.jpg,1,61,72,0,0
P1,Faces95,evaluation,several_enrollment_photographs,cfloro,cfloro/cfloro.20.jpg,1,79,72,1,1
P1,Faces95,evaluation,several_enrollment_photographs,cladam,cladam/cladam.11.jpg,1,83,72,1,1
P1,Faces95,evaluation,several_enrollment_photographs,cladam,cladam/cladam.12.jpg,1,61,72,0,0
P1,Faces95,evaluation,several_enrollment_photographs,cladam,cladam/cladam.13.jpg,1,88,72,1,1
P1,Faces95,evaluation,several_enrollment_photographs,cladam,cladam/cladam.14.jpg,1,96,72,1,1
P1,Faces95,evaluation,several_enrollment_photographs,cladam,cladam/cladam.15.jpg,1,85,72,1,1
P1,Faces95,evaluation,several_enrollment_photographs,cladam,cladam/cladam.16.jpg,1,91,72,1,1
P1,Faces95,evaluation,several_enrollment_photographs,cladam,cladam/cladam.17.jpg,1,92,72,1,1
P1,Faces95,evaluation,several_enrollment_photographs,cladam,cladam/cladam.18.jpg,1,95,72,1,1
P1,Faces95,evaluation,several_enrollment_photographs,cladam,cladam/cladam.19.jpg,1,99,72,1,1
P1,Faces95,evaluation,several_enrollment_photographs,cladam,cladam/cladam.20.jpg,1,94,72,1,1
P1,Faces95,evaluation,several_enrollment_photographs,damvo,damvo/damvo.1.jpg,0,82,72,1,0
P1,Faces95,evaluation,several_enrollment_photographs,damvo,damvo/damvo.2.jpg,0,79,72,1,0
P1,Faces95,evaluation,several_enrollment_photographs,damvo,damvo/damvo.3.jpg,0,81,72,1,0
P1,Faces95,evaluation,several_enrollment_photographs,damvo,damvo/damvo.4.jpg,0,80,72,1,0
P1,Faces95,evaluation,several_enrollment_photographs,damvo,damvo/damvo.5.jpg,0,82,72,1,0
P1,Faces95,evaluation,several_enrollment_photographs,damvo,damvo/damvo.6.jpg,0,69,72,0,1
P1,Faces95,evaluation,several_enrollment_photographs,damvo,damvo/damvo.7.jpg,0,79,72,1,0
P1,Faces95,evaluation,several_enrollment_photographs,damvo,damvo/damvo.8.jpg,0,83,72,1,0
P1,Faces95,evaluation,several_enrollment_photographs,damvo,damvo/damvo.9.jpg,0,84,72,1,0
P1,Faces95,evaluation,several_enrollment_photographs,damvo,damvo/damvo.10.jpg,0,78,72,1,0
P1,Faces95,evaluation,several_enrollment_photographs,damvo,damvo/damvo.11.jpg,0,82,72,1,0
P1,Faces95,evaluation,several_enrollment_photographs,damvo,damvo/damvo.12.jpg,0,78,72,1,0
P1,Faces95,evaluation,several_enrollment_photographs,damvo,damvo/damvo.13.jpg,0,79,72,1,0
P1,Faces95,evaluation,several_enrollment_photographs,damvo,damvo/damvo.14.jpg,0,81,72,1,0
P1,Faces95,evaluation,several_enrollment_photographs,damvo,damvo/damvo.15.jpg,0,79,72,1,0
P1,Faces95,evaluation,several_enrollment_photographs,damvo,damvo/damvo.16.jpg,0,78,72,1,0
P1,Faces95,evaluation,several_enrollment_photographs,damvo,damvo/damvo.17.jpg,0,78,72,1,0
P1,Faces95,evaluation,several_enrollment_photographs,damvo,damvo/damvo.18.jpg,0,82,72,1,0
P1,Faces95,evaluation,several_enrollment_photographs,damvo,damvo/damvo.19.jpg,0,84,72,1,0
P1,Faces95,evaluation,several_enrollment_photographs,damvo,damvo/damvo.20.jpg,0,87,72,1,0
P1,Faces95,evaluation,several_enrollment_photographs,dgemen,dgemen/dgemen.1.jpg,0,51,72,0,1
P1,Faces95,evaluation,several_enrollment_photographs,dgemen,dgemen/dgemen.2.jpg,0,54,72,0,1
P1,Faces95,evaluation,several_enrollment_photographs,dgemen,dgemen/dgemen.3.jpg,0,59,72,0,1
P1,Faces95,evaluation,several_enrollment_photographs,dgemen,dgemen/dgemen.4.jpg,0,55,72,0,1
P1,Faces95,evaluation,several_enrollment_photographs,dgemen,dgemen/dgemen.5.jpg,0,62,72,0,1
P1,Faces95,evaluation,several_enrollment_photographs,dgemen,dgemen/dgemen.6.jpg,0,54,72,0,1
P1,Faces95,evaluation,several_enrollment_photographs,dgemen,dgemen/dgemen.7.jpg,0,56,72,0,1
P1,Faces95,evaluation,several_enrollment_photographs,dgemen,dgemen/dgemen.8.jpg,0,63,72,0,1
P1,Faces95,evaluation,several_enrollment_photographs,dgemen,dgemen/dgemen.9.jpg,0,77,72,1,0
P1,Faces95,evaluation,several_enrollment_photographs,dgemen,dgemen/dgemen.10.jpg,0,73,72,1,0
P1,Faces95,evaluation,several_enrollment_photographs,dgemen,dgemen/dgemen.11.jpg,0,69,72,0,1
P1,Faces95,evaluation,several_enrollment_photographs,dgemen,dgemen/dgemen.12.jpg,0,73,72,1,0
P1,Faces95,evaluation,several_enrollment_photographs,dgemen,dgemen/dgemen.13.jpg,0,68,72,0,1
P1,Faces95,evaluation,several_enrollment_photographs,dgemen,dgemen/dgemen.14.jpg,0,70,72,0,1
P1,Faces95,evaluation,several_enrollment_photographs,dgemen,dgemen/dgemen.15.jpg,0,69,72,0,1
P1,Faces95,evaluation,several_enrollment_photographs,dgemen,dgemen/dgemen.16.jpg,0,66,72,0,1
P1,Faces95,evaluation,several_enrollment_photographs,dgemen,dgemen/dgemen.17.jpg,0,67,72,0,1
P1,Faces95,evaluation,several_enrollment_photographs,dgemen,dgemen/dgemen.18.jpg,0,65,72,0,1
P1,Faces95,evaluation,several_enrollment_photographs,dgemen,dgemen/dgemen.19.jpg,0,61,72,0,1
P1,Faces95,evaluation,several_enrollment_photographs,dgemen,dgemen/dgemen.20.jpg,0,63,72,0,1
P1,Faces95,evaluation,several_enrollment_photographs,gsmall,gsmall/gsmall.11.jpg,1,96,72,1,1
P1,Faces95,evaluation,several_enrollment_photographs,gsmall,gsmall/gsmall.12.jpg,1,93,72,1,1
P1,Faces95,evaluation,several_enrollment_photographs,gsmall,gsmall/gsmall.13.jpg,1,74,72,1,1
P1,Faces95,evaluation,several_enrollment_photographs,gsmall,gsmall/gsmall.14.jpg,1,85,72,1,1
P1,Faces95,evaluation,several_enrollment_photographs,gsmall,gsmall/gsmall.15.jpg,1,94,72,1,1
P1,Faces95,evaluation,several_enrollment_photographs,gsmall,gsmall/gsmall.16.jpg,1,86,72,1,1
P1,Faces95,evaluation,several_enrollment_photographs,gsmall,gsmall/gsmall.17.jpg,1,93,72,1,1
P1,Faces95,evaluation,several_enrollment_photographs,gsmall,gsmall/gsmall.18.jpg,1,95,72,1,1
P1,Faces95,evaluation,several_enrollment_photographs,gsmall,gsmall/gsmall.19.jpg,1,82,72,1,1
P1,Faces95,evaluation,several_enrollment_photographs,gsmall,gsmall/gsmall.20.jpg,1,95,72,1,1
P1,Faces95,evaluation,several_enrollment_photographs,hcarpe,hcarpe/hcarpe.11.jpg,1,93,72,1,1
P1,Faces95,evaluation,several_enrollment_photographs,hcarpe,hcarpe/hcarpe.12.jpg,1,90,72,1,1
P1,Faces95,evaluation,several_enrollment_photographs,hcarpe,hcarpe/hcarpe.13.jpg,1,92,72,1,1
P1,Faces95,evaluation,several_enrollment_photographs,hcarpe,hcarpe/hcarpe.14.jpg,1,86,72,1,1
P1,Faces95,evaluation,several_enrollment_photographs,hcarpe,hcarpe/hcarpe.15.jpg,1,95,72,1,1
P1,Faces95,evaluation,several_enrollment_photographs,hcarpe,hcarpe/hcarpe.16.jpg,1,90,72,1,1
P1,Faces95,evaluation,several_enrollment_photographs,hcarpe,hcarpe/hcarpe.17.jpg,1,93,72,1,1
P1,Faces95,evaluation,several_enrollment_photographs,hcarpe,hcarpe/hcarpe.18.jpg,1,93,72,1,1
P1,Faces95,evaluation,several_enrollment_photographs,hcarpe,hcarpe/hcarpe.19.jpg,1,94,72,1,1
P1,Faces95,evaluation,several_enrollment_photographs,hcarpe,hcarpe/hcarpe.20.jpg,1,95,72,1,1
P1,Faces95,evaluation,several_enrollment_photographs,ijfran,ijfran/ijfran.11.jpg,1,110,72,1,1
P1,Faces95,evaluation,several_enrollment_photographs,ijfran,ijfran/ijfran.12.jpg,1,112,72,1,1
P1,Faces95,evaluation,several_enrollment_photographs,ijfran,ijfran/ijfran.13.jpg,1,109,72,1,1
P1,Faces95,evaluation,several_enrollment_photographs,ijfran,ijfran/ijfran.14.jpg,1,107,72,1,1
P1,Faces95,evaluation,several_enrollment_photographs,ijfran,ijfran/ijfran.15.jpg,1,109,72,1,1
P1,Faces95,evaluation,several_enrollment_photographs,ijfran,ijfran/ijfran.16.jpg,1,111,72,1,1
P1,Faces95,evaluation,several_enrollment_photographs,ijfran,ijfran/ijfran.17.jpg,1,108,72,1,1
P1,Faces95,evaluation,several_enrollment_photographs,ijfran,ijfran/ijfran.18.jpg,1,109,72,1,1
P1,Faces95,evaluation,several_enrollment_photographs,ijfran,ijfran/ijfran.19.jpg,1,106,72,1,1
P1,Faces95,evaluation,several_enrollment_photographs,ijfran,ijfran/ijfran.20.jpg,1,109,72,1,1
P1,Faces95,evaluation,several_enrollment_photographs,jserai,jserai/jserai.10.jpg,1,86,72,1,1
P1,Faces95,evaluation,several_enrollment_photographs,jserai,jserai/jserai.11.jpg,1,67,72,0,0
P1,Faces95,evaluation,several_enrollment_photographs,jserai,jserai/jserai.12.jpg,1,62,72,0,0
P1,Faces95,evaluation,several_enrollment_photographs,jserai,jserai/jserai.13.jpg,1,66,72,0,0
P1,Faces95,evaluation,several_enrollment_photographs,jserai,jserai/jserai.14.jpg,1,59,72,0,0
P1,Faces95,evaluation,several_enrollment_photographs,jserai,jserai/jserai.15.jpg,1,56,72,0,0
P1,Faces95,evaluation,several_enrollment_photographs,jserai,jserai/jserai.16.jpg,1,47,72,0,0
P1,Faces95,evaluation,several_enrollment_photographs,jserai,jserai/jserai.17.jpg,1,56,72,0,0
P1,Faces95,evaluation,several_enrollment_photographs,jserai,jserai/jserai.19.jpg,1,52,72,0,0
P1,Faces95,evaluation,several_enrollment_photographs,jserai,jserai/jserai.20.jpg,1,58,72,0,0
P1,Faces95,evaluation,several_enrollment_photographs,kmbald,kmbald/kmbald.11.jpg,1,88,72,1,1
P1,Faces95,evaluation,several_enrollment_photographs,kmbald,kmbald/kmbald.12.jpg,1,91,72,1,1
P1,Faces95,evaluation,several_enrollment_photographs,kmbald,kmbald/kmbald.13.jpg,1,94,72,1,1
P1,Faces95,evaluation,several_enrollment_photographs,kmbald,kmbald/kmbald.14.jpg,1,98,72,1,1
P1,Faces95,evaluation,several_enrollment_photographs,kmbald,kmbald/kmbald.15.jpg,1,95,72,1,1
P1,Faces95,evaluation,several_enrollment_photographs,kmbald,kmbald/kmbald.16.jpg,1,87,72,1,1
P1,Faces95,evaluation,several_enrollment_photographs,kmbald,kmbald/kmbald.17.jpg,1,92,72,1,1
P1,Faces95,evaluation,several_enrollment_photographs,kmbald,kmbald/kmbald.18.jpg,1,89,72,1,1
P1,Faces95,evaluation,several_enrollment_photographs,kmbald,kmbald/kmbald.19.jpg,1,80,72,1,1
P1,Faces95,evaluation,several_enrollment_photographs,kmbald,kmbald/kmbald.20.jpg,1,89,72,1,1
P1,Faces95,evaluation,several_enrollment_photographs,kouri,kouri/kouri.11.jpg,1,77,72,1,1
P1,Faces95,evaluation,several_enrollment_photographs,kouri,kouri/kouri.12.jpg,1,74,72,1,1
P1,Faces95,evaluation,several_enrollment_photographs,kouri,kouri/kouri.13.jpg,1,77,72,1,1
P1,Faces95,evaluation,several_enrollment_photographs,kouri,kouri/kouri.14.jpg,1,74,72,1,1
P1,Faces95,evaluation,several_enrollment_photographs,kouri,kouri/kouri.15.jpg,1,71,72,0,0
P1,Faces95,evaluation,several_enrollment_photographs,kouri,kouri/kouri.16.jpg,1,77,72,1,1
P1,Faces95,evaluation,several_enrollment_photographs,kouri,kouri/kouri.17.jpg,1,77,72,1,1
P1,Faces95,evaluation,several_enrollment_photographs,kouri,kouri/kouri.18.jpg,1,77,72,1,1
P1,Faces95,evaluation,several_enrollment_photographs,kouri,kouri/kouri.19.jpg,1,80,72,1,1
P1,Faces95,evaluation,several_enrollment_photographs,kouri,kouri/kouri.20.jpg,1,82,72,1,1
P1,Faces95,evaluation,several_enrollment_photographs,ldgodd,ldgodd/ldgodd.11.jpg,1,53,72,0,0
P1,Faces95,evaluation,several_enrollment_photographs,ldgodd,ldgodd/ldgodd.12.jpg,1,63,72,0,0
P1,Faces95,evaluation,several_enrollment_photographs,ldgodd,ldgodd/ldgodd.13.jpg,1,59,72,0,0
P1,Faces95,evaluation,several_enrollment_photographs,ldgodd,ldgodd/ldgodd.14.jpg,1,64,72,0,0
P1,Faces95,evaluation,several_enrollment_photographs,ldgodd,ldgodd/ldgodd.15.jpg,1,60,72,0,0
P1,Faces95,evaluation,several_enrollment_photographs,ldgodd,ldgodd/ldgodd.16.jpg,1,53,72,0,0
P1,Faces95,evaluation,several_enrollment_photographs,ldgodd,ldgodd/ldgodd.17.jpg,1,58,72,0,0
P1,Faces95,evaluation,several_enrollment_photographs,ldgodd,ldgodd/ldgodd.18.jpg,1,58,72,0,0
P1,Faces95,evaluation,several_enrollment_photographs,ldgodd,ldgodd/ldgodd.19.jpg,1,58,72,0,0
P1,Faces95,evaluation,several_enrollment_photographs,ldgodd,ldgodd/ldgodd.20.jpg,1,59,72,0,0
P1,Faces95,evaluation,several_enrollment_photographs,llambr,llambr/llambr.11.jpg,1,91,72,1,1
P1,Faces95,evaluation,several_enrollment_photographs,llambr,llambr/llambr.12.jpg,1,86,72,1,1
P1,Faces95,evaluation,several_enrollment_photographs,llambr,llambr/llambr.13.jpg,1,95,72,1,1
P1,Faces95,evaluation,several_enrollment_photographs,llambr,llambr/llambr.14.jpg,1,88,72,1,1
P1,Faces95,evaluation,several_enrollment_photographs,llambr,llambr/llambr.15.jpg,1,97,72,1,1
P1,Faces95,evaluation,several_enrollment_photographs,llambr,llambr/llambr.16.jpg,1,93,72,1,1
P1,Faces95,evaluation,several_enrollment_photographs,llambr,llambr/llambr.17.jpg,1,94,72,1,1
P1,Faces95,evaluation,several_enrollment_photographs,llambr,llambr/llambr.18.jpg,1,91,72,1,1
P1,Faces95,evaluation,several_enrollment_photographs,llambr,llambr/llambr.19.jpg,1,97,72,1,1
P1,Faces95,evaluation,several_enrollment_photographs,llambr,llambr/llambr.20.jpg,1,98,72,1,1
P1,Faces95,evaluation,several_enrollment_photographs,matth,matth/matth.11.jpg,1,117,72,1,1
P1,Faces95,evaluation,several_enrollment_photographs,matth,matth/matth.12.jpg,1,109,72,1,1
P1,Faces95,evaluation,several_enrollment_photographs,matth,matth/matth.13.jpg,1,111,72,1,1
P1,Faces95,evaluation,several_enrollment_photographs,matth,matth/matth.14.jpg,1,107,72,1,1
P1,Faces95,evaluation,several_enrollment_photographs,matth,matth/matth.15.jpg,1,101,72,1,1
P1,Faces95,evaluation,several_enrollment_photographs,matth,matth/matth.16.jpg,1,104,72,1,1
P1,Faces95,evaluation,several_enrollment_photographs,matth,matth/matth.17.jpg,1,107,72,1,1
P1,Faces95,evaluation,several_enrollment_photographs,matth,matth/matth.18.jpg,1,102,72,1,1
P1,Faces95,evaluation,several_enrollment_photographs,matth,matth/matth.19.jpg,1,109,72,1,1
P1,Faces95,evaluation,several_enrollment_photographs,matth,matth/matth.20.jpg,1,104,72,1,1
P1,Faces95,evaluation,several_enrollment_photographs,mizli,mizli/mizli.1.jpg,0,54,72,0,1
P1,Faces95,evaluation,several_enrollment_photographs,mizli,mizli/mizli.2.jpg,0,55,72,0,1
P1,Faces95,evaluation,several_enrollment_photographs,mizli,mizli/mizli.3.jpg,0,54,72,0,1
P1,Faces95,evaluation,several_enrollment_photographs,mizli,mizli/mizli.4.jpg,0,52,72,0,1
P1,Faces95,evaluation,several_enrollment_photographs,mizli,mizli/mizli.5.jpg,0,48,72,0,1
P1,Faces95,evaluation,several_enrollment_photographs,mizli,mizli/mizli.6.jpg,0,55,72,0,1
P1,Faces95,evaluation,several_enrollment_photographs,mizli,mizli/mizli.7.jpg,0,58,72,0,1
P1,Faces95,evaluation,several_enrollment_photographs,mizli,mizli/mizli.8.jpg,0,49,72,0,1
P1,Faces95,evaluation,several_enrollment_photographs,mizli,mizli/mizli.9.jpg,0,50,72,0,1
P1,Faces95,evaluation,several_enrollment_photographs,mizli,mizli/mizli.10.jpg,0,51,72,0,1
P1,Faces95,evaluation,several_enrollment_photographs,mizli,mizli/mizli.11.jpg,0,51,72,0,1
P1,Faces95,evaluation,several_enrollment_photographs,mizli,mizli/mizli.12.jpg,0,54,72,0,1
P1,Faces95,evaluation,several_enrollment_photographs,mizli,mizli/mizli.13.jpg,0,54,72,0,1
P1,Faces95,evaluation,several_enrollment_photographs,mizli,mizli/mizli.14.jpg,0,49,72,0,1
P1,Faces95,evaluation,several_enrollment_photographs,mizli,mizli/mizli.15.jpg,0,51,72,0,1
P1,Faces95,evaluation,several_enrollment_photographs,mizli,mizli/mizli.16.jpg,0,51,72,0,1
P1,Faces95,evaluation,several_enrollment_photographs,mizli,mizli/mizli.17.jpg,0,52,72,0,1
P1,Faces95,evaluation,several_enrollment_photographs,mizli,mizli/mizli.18.jpg,0,50,72,0,1
P1,Faces95,evaluation,several_enrollment_photographs,mizli,mizli/mizli.19.jpg,0,49,72,0,1
P1,Faces95,evaluation,several_enrollment_photographs,mizli,mizli/mizli.20.jpg,0,52,72,0,1
P1,Faces95,evaluation,several_enrollment_photographs,mkosto,mkosto/mkosto.11.jpg,1,68,72,0,0
P1,Faces95,evaluation,several_enrollment_photographs,mkosto,mkosto/mkosto.12.jpg,1,64,72,0,0
P1,Faces95,evaluation,several_enrollment_photographs,mkosto,mkosto/mkosto.13.jpg,1,66,72,0,0
P1,Faces95,evaluation,several_enrollment_photographs,mkosto,mkosto/mkosto.14.jpg,1,61,72,0,0
P1,Faces95,evaluation,several_enrollment_photographs,mkosto,mkosto/mkosto.15.jpg,1,59,72,0,0
P1,Faces95,evaluation,several_enrollment_photographs,mkosto,mkosto/mkosto.16.jpg,1,61,72,0,0
P1,Faces95,evaluation,several_enrollment_photographs,mkosto,mkosto/mkosto.17.jpg,1,60,72,0,0
P1,Faces95,evaluation,several_enrollment_photographs,mkosto,mkosto/mkosto.18.jpg,1,57,72,0,0
P1,Faces95,evaluation,several_enrollment_photographs,mkosto,mkosto/mkosto.19.jpg,1,58,72,0,0
P1,Faces95,evaluation,several_enrollment_photographs,mkosto,mkosto/mkosto.20.jpg,1,55,72,0,0
P1,Faces95,evaluation,several_enrollment_photographs,rafox,rafox/rafox.9.jpg,1,88,72,1,1
P1,Faces95,evaluation,several_enrollment_photographs,rafox,rafox/rafox.10.jpg,1,77,72,1,1
P1,Faces95,evaluation,several_enrollment_photographs,rafox,rafox/rafox.11.jpg,1,91,72,1,1
P1,Faces95,evaluation,several_enrollment_photographs,rafox,rafox/rafox.13.jpg,1,64,72,0,0
P1,Faces95,evaluation,several_enrollment_photographs,rafox,rafox/rafox.15.jpg,1,73,72,1,1
P1,Faces95,evaluation,several_enrollment_photographs,rafox,rafox/rafox.16.jpg,1,86,72,1,1
P1,Faces95,evaluation,several_enrollment_photographs,rafox,rafox/rafox.17.jpg,1,84,72,1,1
P1,Faces95,evaluation,several_enrollment_photographs,riphil,riphil/riphil.11.jpg,1,75,72,1,1
P1,Faces95,evaluation,several_enrollment_photographs,riphil,riphil/riphil.12.jpg,1,87,72,1,1
P1,Faces95,evaluation,several_enrollment_photographs,riphil,riphil/riphil.13.jpg,1,73,72,1,1
P1,Faces95,evaluation,several_enrollment_photographs,riphil,riphil/riphil.14.jpg,1,72,72,1,1
P1,Faces95,evaluation,several_enrollment_photographs,riphil,riphil/riphil.15.jpg,1,77,72,1,1
P1,Faces95,evaluation,several_enrollment_photographs,riphil,riphil/riphil.16.jpg,1,85,72,1,1
P1,Faces95,evaluation,several_enrollment_photographs,riphil,riphil/riphil.17.jpg,1,73,72,1,1
P1,Faces95,evaluation,several_enrollment_photographs,riphil,riphil/riphil.18.jpg,1,76,72,1,1
P1,Faces95,evaluation,several_enrollment_photographs,riphil,riphil/riphil.19.jpg,1,75,72,1,1
P1,Faces95,evaluation,several_enrollment_photographs,riphil,riphil/riphil.20.jpg,1,59,72,0,0
P1,Faces95,evaluation,several_enrollment_photographs,rjdunc,rjdunc/rjdunc.11.jpg,1,77,72,1,1
P1,Faces95,evaluation,several_enrollment_photographs,rjdunc,rjdunc/rjdunc.12.jpg,1,82,72,1,1
P1,Faces95,evaluation,several_enrollment_photographs,rjdunc,rjdunc/rjdunc.13.jpg,1,72,72,1,1
P1,Faces95,evaluation,several_enrollment_photographs,rjdunc,rjdunc/rjdunc.14.jpg,1,84,72,1,1
P1,Faces95,evaluation,several_enrollment_photographs,rjdunc,rjdunc/rjdunc.15.jpg,1,87,72,1,1
P1,Faces95,evaluation,several_enrollment_photographs,rjdunc,rjdunc/rjdunc.16.jpg,1,84,72,1,1
P1,Faces95,evaluation,several_enrollment_photographs,rjdunc,rjdunc/rjdunc.17.jpg,1,78,72,1,1
P1,Faces95,evaluation,several_enrollment_photographs,rjdunc,rjdunc/rjdunc.18.jpg,1,77,72,1,1
P1,Faces95,evaluation,several_enrollment_photographs,rjdunc,rjdunc/rjdunc.19.jpg,1,82,72,1,1
P1,Faces95,evaluation,several_enrollment_photographs,rjdunc,rjdunc/rjdunc.20.jpg,1,79,72,1,1
P1,Faces95,evaluation,several_enrollment_photographs,sapere,sapere/sapere.1.jpg,0,50,72,0,1
P1,Faces95,evaluation,several_enrollment_photographs,sapere,sapere/sapere.2.jpg,0,57,72,0,1
P1,Faces95,evaluation,several_enrollment_photographs,sapere,sapere/sapere.3.jpg,0,48,72,0,1
P1,Faces95,evaluation,several_enrollment_photographs,sapere,sapere/sapere.4.jpg,0,49,72,0,1
P1,Faces95,evaluation,several_enrollment_photographs,sapere,sapere/sapere.5.jpg,0,47,72,0,1
P1,Faces95,evaluation,several_enrollment_photographs,sapere,sapere/sapere.6.jpg,0,48,72,0,1
P1,Faces95,evaluation,several_enrollment_photographs,sapere,sapere/sapere.7.jpg,0,55,72,0,1
P1,Faces95,evaluation,several_enrollment_photographs,sapere,sapere/sapere.8.jpg,0,60,72,0,1
P1,Faces95,evaluation,several_enrollment_photographs,sapere,sapere/sapere.9.jpg,0,57,72,0,1
P1,Faces95,evaluation,several_enrollment_photographs,sapere,sapere/sapere.10.jpg,0,48,72,0,1
P1,Faces95,evaluation,several_enrollment_photographs,sapere,sapere/sapere.11.jpg,0,52,72,0,1
P1,Faces95,evaluation,several_enrollment_photographs,sapere,sapere/sapere.12.jpg,0,51,72,0,1
P1,Faces95,evaluation,several_enrollment_photographs,sapere,sapere/sapere.13.jpg,0,47,72,0,1
P1,Faces95,evaluation,several_enrollment_photographs,sapere,sapere/sapere.14.jpg,0,48,72,0,1
P1,Faces95,evaluation,several_enrollment_photographs,sapere,sapere/sapere.15.jpg,0,51,72,0,1
P1,Faces95,evaluation,several_enrollment_photographs,sapere,sapere/sapere.16.jpg,0,47,72,0,1
P1,Faces95,evaluation,several_enrollment_photographs,sapere,sapere/sapere.17.jpg,0,53,72,0,1
P1,Faces95,evaluation,several_enrollment_photographs,sapere,sapere/sapere.18.jpg,0,48,72,0,1
P1,Faces95,evaluation,several_enrollment_photographs,sapere,sapere/sapere.19.jpg,0,53,72,0,1
P1,Faces95,evaluation,several_enrollment_photographs,sapere,sapere/sapere.20.jpg,0,49,72,0,1
P1,Faces95,evaluation,several_enrollment_photographs,sdwall,sdwall/sdwall.11.jpg,1,65,72,0,0
P1,Faces95,evaluation,several_enrollment_photographs,sdwall,sdwall/sdwall.12.jpg,1,71,72,0,0
P1,Faces95,evaluation,several_enrollment_photographs,sdwall,sdwall/sdwall.13.jpg,1,63,72,0,0
P1,Faces95,evaluation,several_enrollment_photographs,sdwall,sdwall/sdwall.14.jpg,1,68,72,0,0
P1,Faces95,evaluation,several_enrollment_photographs,sdwall,sdwall/sdwall.15.jpg,1,67,72,0,0
P1,Faces95,evaluation,several_enrollment_photographs,sdwall,sdwall/sdwall.16.jpg,1,63,72,0,0
P1,Faces95,evaluation,several_enrollment_photographs,sdwall,sdwall/sdwall.17.jpg,1,67,72,0,0
P1,Faces95,evaluation,several_enrollment_photographs,sdwall,sdwall/sdwall.18.jpg,1,67,72,0,0
P1,Faces95,evaluation,several_enrollment_photographs,sdwall,sdwall/sdwall.19.jpg,1,61,72,0,0
P1,Faces95,evaluation,several_enrollment_photographs,sdwall,sdwall/sdwall.20.jpg,1,61,72,0,0
P1,Faces95,evaluation,several_enrollment_photographs,sherbe,sherbe/sherbe.11.jpg,1,79,72,1,1
P1,Faces95,evaluation,several_enrollment_photographs,sherbe,sherbe/sherbe.12.jpg,1,73,72,1,1
P1,Faces95,evaluation,several_enrollment_photographs,sherbe,sherbe/sherbe.13.jpg,1,66,72,0,0
P1,Faces95,evaluation,several_enrollment_photographs,sherbe,sherbe/sherbe.14.jpg,1,65,72,0,0
P1,Faces95,evaluation,several_enrollment_photographs,sherbe,sherbe/sherbe.15.jpg,1,64,72,0,0
P1,Faces95,evaluation,several_enrollment_photographs,sherbe,sherbe/sherbe.16.jpg,1,58,72,0,0
P1,Faces95,evaluation,several_enrollment_photographs,sherbe,sherbe/sherbe.17.jpg,1,54,72,0,0
P1,Faces95,evaluation,several_enrollment_photographs,sherbe,sherbe/sherbe.18.jpg,1,58,72,0,0
P1,Faces95,evaluation,several_enrollment_photographs,sherbe,sherbe/sherbe.19.jpg,1,58,72,0,0
P1,Faces95,evaluation,several_enrollment_photographs,sherbe,sherbe/sherbe.20.jpg,1,55,72,0,0
P1,Faces95,evaluation,several_enrollment_photographs,simm,simm/simm.1.jpg,0,70,72,0,1
P1,Faces95,evaluation,several_enrollment_photographs,simm,simm/simm.2.jpg,0,68,72,0,1
P1,Faces95,evaluation,several_enrollment_photographs,simm,simm/simm.3.jpg,0,68,72,0,1
P1,Faces95,evaluation,several_enrollment_photographs,simm,simm/simm.4.jpg,0,64,72,0,1
P1,Faces95,evaluation,several_enrollment_photographs,simm,simm/simm.5.jpg,0,67,72,0,1
P1,Faces95,evaluation,several_enrollment_photographs,simm,simm/simm.6.jpg,0,62,72,0,1
P1,Faces95,evaluation,several_enrollment_photographs,simm,simm/simm.7.jpg,0,81,72,1,0
P1,Faces95,evaluation,several_enrollment_photographs,simm,simm/simm.8.jpg,0,69,72,0,1
P1,Faces95,evaluation,several_enrollment_photographs,simm,simm/simm.9.jpg,0,67,72,0,1
P1,Faces95,evaluation,several_enrollment_photographs,simm,simm/simm.10.jpg,0,76,72,1,0
P1,Faces95,evaluation,several_enrollment_photographs,simm,simm/simm.11.jpg,0,68,72,0,1
P1,Faces95,evaluation,several_enrollment_photographs,simm,simm/simm.12.jpg,0,75,72,1,0
P1,Faces95,evaluation,several_enrollment_photographs,simm,simm/simm.13.jpg,0,67,72,0,1
P1,Faces95,evaluation,several_enrollment_photographs,simm,simm/simm.14.jpg,0,69,72,0,1
P1,Faces95,evaluation,several_enrollment_photographs,simm,simm/simm.15.jpg,0,71,72,0,1
P1,Faces95,evaluation,several_enrollment_photographs,simm,simm/simm.16.jpg,0,66,72,0,1
P1,Faces95,evaluation,several_enrollment_photographs,simm,simm/simm.17.jpg,0,68,72,0,1
P1,Faces95,evaluation,several_enrollment_photographs,simm,simm/simm.18.jpg,0,70,72,0,1
P1,Faces95,evaluation,several_enrollment_photographs,simm,simm/simm.19.jpg,0,70,72,0,1
P1,Faces95,evaluation,several_enrollment_photographs,simm,simm/simm.20.jpg,0,66,72,0,1
P1,Faces95,evaluation,several_enrollment_photographs,sirmcb,sirmcb/sirmcb.11.jpg,1,96,72,1,1
P1,Faces95,evaluation,several_enrollment_photographs,sirmcb,sirmcb/sirmcb.12.jpg,1,107,72,1,1
P1,Faces95,evaluation,several_enrollment_photographs,sirmcb,sirmcb/sirmcb.13.jpg,1,110,72,1,1
P1,Faces95,evaluation,several_enrollment_photographs,sirmcb,sirmcb/sirmcb.14.jpg,1,104,72,1,1
P1,Faces95,evaluation,several_enrollment_photographs,sirmcb,sirmcb/sirmcb.15.jpg,1,93,72,1,1
P1,Faces95,evaluation,several_enrollment_photographs,sirmcb,sirmcb/sirmcb.16.jpg,1,105,72,1,1
P1,Faces95,evaluation,several_enrollment_photographs,sirmcb,sirmcb/sirmcb.17.jpg,1,109,72,1,1
P1,Faces95,evaluation,several_enrollment_photographs,sirmcb,sirmcb/sirmcb.18.jpg,1,106,72,1,1
P1,Faces95,evaluation,several_enrollment_photographs,sirmcb,sirmcb/sirmcb.19.jpg,1,109,72,1,1
P1,Faces95,evaluation,several_enrollment_photographs,sirmcb,sirmcb/sirmcb.20.jpg,1,112,72,1,1
P1,Faces95,evaluation,several_enrollment_photographs,smille,smille/smille.10.jpg,1,74,72,1,1
P1,Faces95,evaluation,several_enrollment_photographs,smille,smille/smille.11.jpg,1,57,72,0,0
P1,Faces95,evaluation,several_enrollment_photographs,smille,smille/smille.12.jpg,1,57,72,0,0
P1,Faces95,evaluation,several_enrollment_photographs,smille,smille/smille.13.jpg,1,49,72,0,0
P1,Faces95,evaluation,several_enrollment_photographs,smille,smille/smille.14.jpg,1,53,72,0,0
P1,Faces95,evaluation,several_enrollment_photographs,smille,smille/smille.15.jpg,1,50,72,0,0
P1,Faces95,evaluation,several_enrollment_photographs,smille,smille/smille.16.jpg,1,54,72,0,0
P1,Faces95,evaluation,several_enrollment_photographs,smille,smille/smille.18.jpg,1,60,72,0,0
P1,Faces95,evaluation,several_enrollment_photographs,smille,smille/smille.19.jpg,1,71,72,0,0
P1,Faces95,evaluation,several_enrollment_photographs,smille,smille/smille.20.jpg,1,64,72,0,0
P1,Faces95,evaluation,several_enrollment_photographs,theod,theod/theod.11.jpg,1,46,72,0,0
P1,Faces95,evaluation,several_enrollment_photographs,theod,theod/theod.12.jpg,1,51,72,0,0
P1,Faces95,evaluation,several_enrollment_photographs,theod,theod/theod.13.jpg,1,55,72,0,0
P1,Faces95,evaluation,several_enrollment_photographs,theod,theod/theod.14.jpg,1,51,72,0,0
P1,Faces95,evaluation,several_enrollment_photographs,theod,theod/theod.15.jpg,1,53,72,0,0
P1,Faces95,evaluation,several_enrollment_photographs,theod,theod/theod.16.jpg,1,57,72,0,0
P1,Faces95,evaluation,several_enrollment_photographs,theod,theod/theod.17.jpg,1,55,72,0,0
P1,Faces95,evaluation,several_enrollment_photographs,theod,theod/theod.18.jpg,1,53,72,0,0
P1,Faces95,evaluation,several_enrollment_photographs,theod,theod/theod.19.jpg,1,59,72,0,0
P1,Faces95,evaluation,several_enrollment_photographs,theod,theod/theod.20.jpg,1,61,72,0,0
P1,Faces95,evaluation,several_enrollment_photographs,tjdyke,tjdyke/tjdyke.1.jpg,0,55,72,0,1
P1,Faces95,evaluation,several_enrollment_photographs,tjdyke,tjdyke/tjdyke.2.jpg,0,56,72,0,1
P1,Faces95,evaluation,several_enrollment_photographs,tjdyke,tjdyke/tjdyke.3.jpg,0,59,72,0,1
P1,Faces95,evaluation,several_enrollment_photographs,tjdyke,tjdyke/tjdyke.4.jpg,0,61,72,0,1
P1,Faces95,evaluation,several_enrollment_photographs,tjdyke,tjdyke/tjdyke.5.jpg,0,60,72,0,1
P1,Faces95,evaluation,several_enrollment_photographs,tjdyke,tjdyke/tjdyke.6.jpg,0,60,72,0,1
P1,Faces95,evaluation,several_enrollment_photographs,tjdyke,tjdyke/tjdyke.7.jpg,0,73,72,1,0
P1,Faces95,evaluation,several_enrollment_photographs,tjdyke,tjdyke/tjdyke.8.jpg,0,57,72,0,1
P1,Faces95,evaluation,several_enrollment_photographs,tjdyke,tjdyke/tjdyke.9.jpg,0,60,72,0,1
P1,Faces95,evaluation,several_enrollment_photographs,tjdyke,tjdyke/tjdyke.10.jpg,0,62,72,0,1
P1,Faces95,evaluation,several_enrollment_photographs,tjdyke,tjdyke/tjdyke.11.jpg,0,61,72,0,1
P1,Faces95,evaluation,several_enrollment_photographs,tjdyke,tjdyke/tjdyke.12.jpg,0,55,72,0,1
P1,Faces95,evaluation,several_enrollment_photographs,tjdyke,tjdyke/tjdyke.13.jpg,0,59,72,0,1
P1,Faces95,evaluation,several_enrollment_photographs,tjdyke,tjdyke/tjdyke.14.jpg,0,61,72,0,1
P1,Faces95,evaluation,several_enrollment_photographs,tjdyke,tjdyke/tjdyke.15.jpg,0,55,72,0,1
P1,Faces95,evaluation,several_enrollment_photographs,tjdyke,tjdyke/tjdyke.16.jpg,0,65,72,0,1
P1,Faces95,evaluation,several_enrollment_photographs,tjdyke,tjdyke/tjdyke.17.jpg,0,61,72,0,1
P1,Faces95,evaluation,several_enrollment_photographs,tjdyke,tjdyke/tjdyke.18.jpg,0,55,72,0,1
P1,Faces95,evaluation,several_enrollment_photographs,tjdyke,tjdyke/tjdyke.19.jpg,0,57,72,0,1
P1,Faces95,evaluation,several_enrollment_photographs,tjdyke,tjdyke/tjdyke.20.jpg,0,57,72,0,1
P1,Faces95,evaluation,several_enrollment_photographs,vanta,vanta/vanta.11.jpg,1,74,72,1,1
P1,Faces95,evaluation,several_enrollment_photographs,vanta,vanta/vanta.12.jpg,1,63,72,0,0
P1,Faces95,evaluation,several_enrollment_photographs,vanta,vanta/vanta.13.jpg,1,65,72,0,0
P1,Faces95,evaluation,several_enrollment_photographs,vanta,vanta/vanta.14.jpg,1,77,72,1,1
P1,Faces95,evaluation,several_enrollment_photographs,vanta,vanta/vanta.15.jpg,1,74,72,1,1
P1,Faces95,evaluation,several_enrollment_photographs,vanta,vanta/vanta.16.jpg,1,69,72,0,0
P1,Faces95,evaluation,several_enrollment_photographs,vanta,vanta/vanta.17.jpg,1,66,72,0,0
P1,Faces95,evaluation,several_enrollment_photographs,vanta,vanta/vanta.18.jpg,1,61,72,0,0
P1,Faces95,evaluation,several_enrollment_photographs,vanta,vanta/vanta.19.jpg,1,65,72,0,0
P1,Faces95,evaluation,several_enrollment_photographs,vanta,vanta/vanta.20.jpg,1,68,72,0,0
P1,Faces95,evaluation,several_enrollment_photographs,wjhugh,wjhugh/wjhugh.11.jpg,1,62,72,0,0
P1,Faces95,evaluation,several_enrollment_photographs,wjhugh,wjhugh/wjhugh.12.jpg,1,55,72,0,0
P1,Faces95,evaluation,several_enrollment_photographs,wjhugh,wjhugh/wjhugh.13.jpg,1,60,72,0,0
P1,Faces95,evaluation,several_enrollment_photographs,wjhugh,wjhugh/wjhugh.14.jpg,1,63,72,0,0
P1,Faces95,evaluation,several_enrollment_photographs,wjhugh,wjhugh/wjhugh.15.jpg,1,69,72,0,0
P1,Faces95,evaluation,several_enrollment_photographs,wjhugh,wjhugh/wjhugh.16.jpg,1,66,72,0,0
P1,Faces95,evaluation,several_enrollment_photographs,wjhugh,wjhugh/wjhugh.17.jpg,1,64,72,0,0
P1,Faces95,evaluation,several_enrollment_photographs,wjhugh,wjhugh/wjhugh.18.jpg,1,66,72,0,0
P1,Faces95,evaluation,several_enrollment_photographs,wjhugh,wjhugh/wjhugh.19.jpg,1,62,72,0,0
P1,Faces95,evaluation,several_enrollment_photographs,wjhugh,wjhugh/wjhugh.20.jpg,1,64,72,0,0
P2,Faces95,evaluation,several_enrollment_photographs,adhast,adhast/adhast.11.jpg,1,22,9,1,1
P2,Faces95,evaluation,several_enrollment_photographs,adhast,adhast/adhast.12.jpg,1,16,9,1,1
P2,Faces95,evaluation,several_enrollment_photographs,adhast,adhast/adhast.13.jpg,1,16,9,1,1
P2,Faces95,evaluation,several_enrollment_photographs,adhast,adhast/adhast.14.jpg,1,6,9,0,0
P2,Faces95,evaluation,several_enrollment_photographs,adhast,adhast/adhast.15.jpg,1,17,9,1,1
P2,Faces95,evaluation,several_enrollment_photographs,adhast,adhast/adhast.16.jpg,1,13,9,1,1
P2,Faces95,evaluation,several_enrollment_photographs,adhast,adhast/adhast.17.jpg,1,15,9,1,1
P2,Faces95,evaluation,several_enrollment_photographs,adhast,adhast/adhast.18.jpg,1,16,9,1,1
P2,Faces95,evaluation,several_enrollment_photographs,adhast,adhast/adhast.19.jpg,1,11,9,1,1
P2,Faces95,evaluation,several_enrollment_photographs,adhast,adhast/adhast.20.jpg,1,12,9,1,1
P2,Faces95,evaluation,several_enrollment_photographs,boylee,boylee/boylee.1.jpg,0,5,9,0,1
P2,Faces95,evaluation,several_enrollment_photographs,boylee,boylee/boylee.2.jpg,0,6,9,0,1
P2,Faces95,evaluation,several_enrollment_photographs,boylee,boylee/boylee.3.jpg,0,4,9,0,1
P2,Faces95,evaluation,several_enrollment_photographs,boylee,boylee/boylee.4.jpg,0,6,9,0,1
P2,Faces95,evaluation,several_enrollment_photographs,boylee,boylee/boylee.5.jpg,0,6,9,0,1
P2,Faces95,evaluation,several_enrollment_photographs,boylee,boylee/boylee.6.jpg,0,6,9,0,1
P2,Faces95,evaluation,several_enrollment_photographs,boylee,boylee/boylee.7.jpg,0,8,9,0,1
P2,Faces95,evaluation,several_enrollment_photographs,boylee,boylee/boylee.8.jpg,0,9,9,1,0
P2,Faces95,evaluation,several_enrollment_photographs,boylee,boylee/boylee.9.jpg,0,8,9,0,1
P2,Faces95,evaluation,several_enrollment_photographs,boylee,boylee/boylee.10.jpg,0,6,9,0,1
P2,Faces95,evaluation,several_enrollment_photographs,boylee,boylee/boylee.11.jpg,0,5,9,0,1
P2,Faces95,evaluation,several_enrollment_photographs,boylee,boylee/boylee.12.jpg,0,7,9,0,1
P2,Faces95,evaluation,several_enrollment_photographs,boylee,boylee/boylee.13.jpg,0,5,9,0,1
P2,Faces95,evaluation,several_enrollment_photographs,boylee,boylee/boylee.14.jpg,0,9,9,1,0
P2,Faces95,evaluation,several_enrollment_photographs,boylee,boylee/boylee.15.jpg,0,8,9,0,1
P2,Faces95,evaluation,several_enrollment_photographs,boylee,boylee/boylee.16.jpg,0,9,9,1,0
P2,Faces95,evaluation,several_enrollment_photographs,boylee,boylee/boylee.17.jpg,0,8,9,0,1
P2,Faces95,evaluation,several_enrollment_photographs,boylee,boylee/boylee.18.jpg,0,8,9,0,1
P2,Faces95,evaluation,several_enrollment_photographs,boylee,boylee/boylee.19.jpg,0,7,9,0,1
P2,Faces95,evaluation,several_enrollment_photographs,boylee,boylee/boylee.20.jpg,0,5,9,0,1
P2,Faces95,evaluation,several_enrollment_photographs,bschap,bschap/bschap.11.jpg,1,23,9,1,1
P2,Faces95,evaluation,several_enrollment_photographs,bschap,bschap/bschap.15.jpg,1,24,9,1,1
P2,Faces95,evaluation,several_enrollment_photographs,bschap,bschap/bschap.16.jpg,1,30,9,1,1
P2,Faces95,evaluation,several_enrollment_photographs,bschap,bschap/bschap.18.jpg,1,25,9,1,1
P2,Faces95,evaluation,several_enrollment_photographs,bschap,bschap/bschap.19.jpg,1,29,9,1,1
P2,Faces95,evaluation,several_enrollment_photographs,bschap,bschap/bschap.20.jpg,1,23,9,1,1
P2,Faces95,evaluation,several_enrollment_photographs,cdlarg,cdlarg/cdlarg.1.jpg,0,7,9,0,1
P2,Faces95,evaluation,several_enrollment_photographs,cdlarg,cdlarg/cdlarg.2.jpg,0,6,9,0,1
P2,Faces95,evaluation,several_enrollment_photographs,cdlarg,cdlarg/cdlarg.3.jpg,0,1,9,0,1
P2,Faces95,evaluation,several_enrollment_photographs,cdlarg,cdlarg/cdlarg.4.jpg,0,4,9,0,1
P2,Faces95,evaluation,several_enrollment_photographs,cdlarg,cdlarg/cdlarg.5.jpg,0,3,9,0,1
P2,Faces95,evaluation,several_enrollment_photographs,cdlarg,cdlarg/cdlarg.6.jpg,0,1,9,0,1
P2,Faces95,evaluation,several_enrollment_photographs,cdlarg,cdlarg/cdlarg.7.jpg,0,2,9,0,1
P2,Faces95,evaluation,several_enrollment_photographs,cdlarg,cdlarg/cdlarg.8.jpg,0,4,9,0,1
P2,Faces95,evaluation,several_enrollment_photographs,cdlarg,cdlarg/cdlarg.9.jpg,0,5,9,0,1
P2,Faces95,evaluation,several_enrollment_photographs,cdlarg,cdlarg/cdlarg.10.jpg,0,3,9,0,1
P2,Faces95,evaluation,several_enrollment_photographs,cdlarg,cdlarg/cdlarg.11.jpg,0,3,9,0,1
P2,Faces95,evaluation,several_enrollment_photographs,cdlarg,cdlarg/cdlarg.12.jpg,0,5,9,0,1
P2,Faces95,evaluation,several_enrollment_photographs,cdlarg,cdlarg/cdlarg.13.jpg,0,6,9,0,1
P2,Faces95,evaluation,several_enrollment_photographs,cdlarg,cdlarg/cdlarg.14.jpg,0,6,9,0,1
P2,Faces95,evaluation,several_enrollment_photographs,cdlarg,cdlarg/cdlarg.15.jpg,0,5,9,0,1
P2,Faces95,evaluation,several_enrollment_photographs,cdlarg,cdlarg/cdlarg.16.jpg,0,9,9,1,0
P2,Faces95,evaluation,several_enrollment_photographs,cdlarg,cdlarg/cdlarg.17.jpg,0,8,9,0,1
P2,Faces95,evaluation,several_enrollment_photographs,cdlarg,cdlarg/cdlarg.18.jpg,0,7,9,0,1
P2,Faces95,evaluation,several_enrollment_photographs,cdlarg,cdlarg/cdlarg.19.jpg,0,8,9,0,1
P2,Faces95,evaluation,several_enrollment_photographs,cdlarg,cdlarg/cdlarg.20.jpg,0,3,9,0,1
P2,Faces95,evaluation,several_enrollment_photographs,cfloro,cfloro/cfloro.11.jpg,1,29,9,1,1
P2,Faces95,evaluation,several_enrollment_photographs,cfloro,cfloro/cfloro.12.jpg,1,23,9,1,1
P2,Faces95,evaluation,several_enrollment_photographs,cfloro,cfloro/cfloro.13.jpg,1,18,9,1,1
P2,Faces95,evaluation,several_enrollment_photographs,cfloro,cfloro/cfloro.14.jpg,1,13,9,1,1
P2,Faces95,evaluation,several_enrollment_photographs,cfloro,cfloro/cfloro.15.jpg,1,18,9,1,1
P2,Faces95,evaluation,several_enrollment_photographs,cfloro,cfloro/cfloro.16.jpg,1,17,9,1,1
P2,Faces95,evaluation,several_enrollment_photographs,cfloro,cfloro/cfloro.17.jpg,1,15,9,1,1
P2,Faces95,evaluation,several_enrollment_photographs,cfloro,cfloro/cfloro.18.jpg,1,20,9,1,1
P2,Faces95,evaluation,several_enrollment_photographs,cfloro,cfloro/cfloro.19.jpg,1,8,9,0,0
P2,Faces95,evaluation,several_enrollment_photographs,cfloro,cfloro/cfloro.20.jpg,1,19,9,1,1
P2,Faces95,evaluation,several_enrollment_photographs,cladam,cladam/cladam.11.jpg,1,29,9,1,1
P2,Faces95,evaluation,several_enrollment_photographs,cladam,cladam/cladam.12.jpg,1,7,9,0,0
P2,Faces95,evaluation,several_enrollment_photographs,cladam,cladam/cladam.13.jpg,1,27,9,1,1
P2,Faces95,evaluation,several_enrollment_photographs,cladam,cladam/cladam.14.jpg,1,31,9,1,1
P2,Faces95,evaluation,several_enrollment_photographs,cladam,cladam/cladam.15.jpg,1,15,9,1,1
P2,Faces95,evaluation,several_enrollment_photographs,cladam,cladam/cladam.16.jpg,1,32,9,1,1
P2,Faces95,evaluation,several_enrollment_photographs,cladam,cladam/cladam.17.jpg,1,31,9,1,1
P2,Faces95,evaluation,several_enrollment_photographs,cladam,cladam/cladam.18.jpg,1,35,9,1,1
P2,Faces95,evaluation,several_enrollment_photographs,cladam,cladam/cladam.19.jpg,1,34,9,1,1
P2,Faces95,evaluation,several_enrollment_photographs,cladam,cladam/cladam.20.jpg,1,29,9,1,1
P2,Faces95,evaluation,several_enrollment_photographs,damvo,damvo/damvo.1.jpg,0,14,9,1,0
P2,Faces95,evaluation,several_enrollment_photographs,damvo,damvo/damvo.2.jpg,0,9,9,1,0
P2,Faces95,evaluation,several_enrollment_photographs,damvo,damvo/damvo.3.jpg,0,8,9,0,1
P2,Faces95,evaluation,several_enrollment_photographs,damvo,damvo/damvo.4.jpg,0,3,9,0,1
P2,Faces95,evaluation,several_enrollment_photographs,damvo,damvo/damvo.5.jpg,0,6,9,0,1
P2,Faces95,evaluation,several_enrollment_photographs,damvo,damvo/damvo.6.jpg,0,7,9,0,1
P2,Faces95,evaluation,several_enrollment_photographs,damvo,damvo/damvo.7.jpg,0,9,9,1,0
P2,Faces95,evaluation,several_enrollment_photographs,damvo,damvo/damvo.8.jpg,0,5,9,0,1
P2,Faces95,evaluation,several_enrollment_photographs,damvo,damvo/damvo.9.jpg,0,2,9,0,1
P2,Faces95,evaluation,several_enrollment_photographs,damvo,damvo/damvo.10.jpg,0,9,9,1,0
P2,Faces95,evaluation,several_enrollment_photographs,damvo,damvo/damvo.11.jpg,0,5,9,0,1
P2,Faces95,evaluation,several_enrollment_photographs,damvo,damvo/damvo.12.jpg,0,9,9,1,0
P2,Faces95,evaluation,several_enrollment_photographs,damvo,damvo/damvo.13.jpg,0,8,9,0,1
P2,Faces95,evaluation,several_enrollment_photographs,damvo,damvo/damvo.14.jpg,0,12,9,1,0
P2,Faces95,evaluation,several_enrollment_photographs,damvo,damvo/damvo.15.jpg,0,13,9,1,0
P2,Faces95,evaluation,several_enrollment_photographs,damvo,damvo/damvo.16.jpg,0,8,9,0,1
P2,Faces95,evaluation,several_enrollment_photographs,damvo,damvo/damvo.17.jpg,0,14,9,1,0
P2,Faces95,evaluation,several_enrollment_photographs,damvo,damvo/damvo.18.jpg,0,6,9,0,1
P2,Faces95,evaluation,several_enrollment_photographs,damvo,damvo/damvo.19.jpg,0,3,9,0,1
P2,Faces95,evaluation,several_enrollment_photographs,damvo,damvo/damvo.20.jpg,0,5,9,0,1
P2,Faces95,evaluation,several_enrollment_photographs,dgemen,dgemen/dgemen.1.jpg,0,6,9,0,1
P2,Faces95,evaluation,several_enrollment_photographs,dgemen,dgemen/dgemen.2.jpg,0,4,9,0,1
P2,Faces95,evaluation,several_enrollment_photographs,dgemen,dgemen/dgemen.3.jpg,0,6,9,0,1
P2,Faces95,evaluation,several_enrollment_photographs,dgemen,dgemen/dgemen.4.jpg,0,6,9,0,1
P2,Faces95,evaluation,several_enrollment_photographs,dgemen,dgemen/dgemen.5.jpg,0,5,9,0,1
P2,Faces95,evaluation,several_enrollment_photographs,dgemen,dgemen/dgemen.6.jpg,0,7,9,0,1
P2,Faces95,evaluation,several_enrollment_photographs,dgemen,dgemen/dgemen.7.jpg,0,5,9,0,1
P2,Faces95,evaluation,several_enrollment_photographs,dgemen,dgemen/dgemen.8.jpg,0,8,9,0,1
P2,Faces95,evaluation,several_enrollment_photographs,dgemen,dgemen/dgemen.9.jpg,0,10,9,1,0
P2,Faces95,evaluation,several_enrollment_photographs,dgemen,dgemen/dgemen.10.jpg,0,6,9,0,1
P2,Faces95,evaluation,several_enrollment_photographs,dgemen,dgemen/dgemen.11.jpg,0,10,9,1,0
P2,Faces95,evaluation,several_enrollment_photographs,dgemen,dgemen/dgemen.12.jpg,0,6,9,0,1
P2,Faces95,evaluation,several_enrollment_photographs,dgemen,dgemen/dgemen.13.jpg,0,5,9,0,1
P2,Faces95,evaluation,several_enrollment_photographs,dgemen,dgemen/dgemen.14.jpg,0,4,9,0,1
P2,Faces95,evaluation,several_enrollment_photographs,dgemen,dgemen/dgemen.15.jpg,0,5,9,0,1
P2,Faces95,evaluation,several_enrollment_photographs,dgemen,dgemen/dgemen.16.jpg,0,10,9,1,0
P2,Faces95,evaluation,several_enrollment_photographs,dgemen,dgemen/dgemen.17.jpg,0,9,9,1,0
P2,Faces95,evaluation,several_enrollment_photographs,dgemen,dgemen/dgemen.18.jpg,0,7,9,0,1
P2,Faces95,evaluation,several_enrollment_photographs,dgemen,dgemen/dgemen.19.jpg,0,7,9,0,1
P2,Faces95,evaluation,several_enrollment_photographs,dgemen,dgemen/dgemen.20.jpg,0,6,9,0,1
P2,Faces95,evaluation,several_enrollment_photographs,gsmall,gsmall/gsmall.11.jpg,1,22,9,1,1
P2,Faces95,evaluation,several_enrollment_photographs,gsmall,gsmall/gsmall.12.jpg,1,21,9,1,1
P2,Faces95,evaluation,several_enrollment_photographs,gsmall,gsmall/gsmall.13.jpg,1,23,9,1,1
P2,Faces95,evaluation,several_enrollment_photographs,gsmall,gsmall/gsmall.14.jpg,1,23,9,1,1
P2,Faces95,evaluation,several_enrollment_photographs,gsmall,gsmall/gsmall.15.jpg,1,20,9,1,1
P2,Faces95,evaluation,several_enrollment_photographs,gsmall,gsmall/gsmall.16.jpg,1,16,9,1,1
P2,Faces95,evaluation,several_enrollment_photographs,gsmall,gsmall/gsmall.17.jpg,1,20,9,1,1
P2,Faces95,evaluation,several_enrollment_photographs,gsmall,gsmall/gsmall.18.jpg,1,24,9,1,1
P2,Faces95,evaluation,several_enrollment_photographs,gsmall,gsmall/gsmall.19.jpg,1,17,9,1,1
P2,Faces95,evaluation,several_enrollment_photographs,gsmall,gsmall/gsmall.20.jpg,1,22,9,1,1
P2,Faces95,evaluation,several_enrollment_photographs,hcarpe,hcarpe/hcarpe.11.jpg,1,26,9,1,1
P2,Faces95,evaluation,several_enrollment_photographs,hcarpe,hcarpe/hcarpe.12.jpg,1,13,9,1,1
P2,Faces95,evaluation,several_enrollment_photographs,hcarpe,hcarpe/hcarpe.13.jpg,1,17,9,1,1
P2,Faces95,evaluation,several_enrollment_photographs,hcarpe,hcarpe/hcarpe.14.jpg,1,2,9,0,0
P2,Faces95,evaluation,several_enrollment_photographs,hcarpe,hcarpe/hcarpe.15.jpg,1,12,9,1,1
P2,Faces95,evaluation,several_enrollment_photographs,hcarpe,hcarpe/hcarpe.16.jpg,1,17,9,1,1
P2,Faces95,evaluation,several_enrollment_photographs,hcarpe,hcarpe/hcarpe.17.jpg,1,17,9,1,1
P2,Faces95,evaluation,several_enrollment_photographs,hcarpe,hcarpe/hcarpe.18.jpg,1,9,9,1,1
P2,Faces95,evaluation,several_enrollment_photographs,hcarpe,hcarpe/hcarpe.19.jpg,1,15,9,1,1
P2,Faces95,evaluation,several_enrollment_photographs,hcarpe,hcarpe/hcarpe.20.jpg,1,18,9,1,1
P2,Faces95,evaluation,several_enrollment_photographs,ijfran,ijfran/ijfran.11.jpg,1,10,9,1,1
P2,Faces95,evaluation,several_enrollment_photographs,ijfran,ijfran/ijfran.12.jpg,1,17,9,1,1
P2,Faces95,evaluation,several_enrollment_photographs,ijfran,ijfran/ijfran.13.jpg,1,17,9,1,1
P2,Faces95,evaluation,several_enrollment_photographs,ijfran,ijfran/ijfran.14.jpg,1,13,9,1,1
P2,Faces95,evaluation,several_enrollment_photographs,ijfran,ijfran/ijfran.15.jpg,1,21,9,1,1
P2,Faces95,evaluation,several_enrollment_photographs,ijfran,ijfran/ijfran.16.jpg,1,22,9,1,1
P2,Faces95,evaluation,several_enrollment_photographs,ijfran,ijfran/ijfran.17.jpg,1,23,9,1,1
P2,Faces95,evaluation,several_enrollment_photographs,ijfran,ijfran/ijfran.18.jpg,1,20,9,1,1
P2,Faces95,evaluation,several_enrollment_photographs,ijfran,ijfran/ijfran.19.jpg,1,20,9,1,1
P2,Faces95,evaluation,several_enrollment_photographs,ijfran,ijfran/ijfran.20.jpg,1,20,9,1,1
P2,Faces95,evaluation,several_enrollment_photographs,jserai,jserai/jserai.10.jpg,1,22,9,1,1
P2,Faces95,evaluation,several_enrollment_photographs,jserai,jserai/jserai.11.jpg,1,15,9,1,1
P2,Faces95,evaluation,several_enrollment_photographs,jserai,jserai/jserai.12.jpg,1,12,9,1,1
P2,Faces95,evaluation,several_enrollment_photographs,jserai,jserai/jserai.13.jpg,1,16,9,1,1
P2,Faces95,evaluation,several_enrollment_photographs,jserai,jserai/jserai.14.jpg,1,17,9,1,1
P2,Faces95,evaluation,several_enrollment_photographs,jserai,jserai/jserai.15.jpg,1,8,9,0,0
P2,Faces95,evaluation,several_enrollment_photographs,jserai,jserai/jserai.16.jpg,1,10,9,1,1
P2,Faces95,evaluation,several_enrollment_photographs,jserai,jserai/jserai.17.jpg,1,13,9,1,1
P2,Faces95,evaluation,several_enrollment_photographs,jserai,jserai/jserai.19.jpg,1,7,9,0,0
P2,Faces95,evaluation,several_enrollment_photographs,jserai,jserai/jserai.20.jpg,1,6,9,0,0
P2,Faces95,evaluation,several_enrollment_photographs,kmbald,kmbald/kmbald.11.jpg,1,29,9,1,1
P2,Faces95,evaluation,several_enrollment_photographs,kmbald,kmbald/kmbald.12.jpg,1,25,9,1,1
P2,Faces95,evaluation,several_enrollment_photographs,kmbald,kmbald/kmbald.13.jpg,1,21,9,1,1
P2,Faces95,evaluation,several_enrollment_photographs,kmbald,kmbald/kmbald.14.jpg,1,25,9,1,1
P2,Faces95,evaluation,several_enrollment_photographs,kmbald,kmbald/kmbald.15.jpg,1,24,9,1,1
P2,Faces95,evaluation,several_enrollment_photographs,kmbald,kmbald/kmbald.16.jpg,1,23,9,1,1
P2,Faces95,evaluation,several_enrollment_photographs,kmbald,kmbald/kmbald.17.jpg,1,20,9,1,1
P2,Faces95,evaluation,several_enrollment_photographs,kmbald,kmbald/kmbald.18.jpg,1,28,9,1,1
P2,Faces95,evaluation,several_enrollment_photographs,kmbald,kmbald/kmbald.19.jpg,1,19,9,1,1
P2,Faces95,evaluation,several_enrollment_photographs,kmbald,kmbald/kmbald.20.jpg,1,21,9,1,1
P2,Faces95,evaluation,several_enrollment_photographs,kouri,kouri/kouri.11.jpg,1,22,9,1,1
P2,Faces95,evaluation,several_enrollment_photographs,kouri,kouri/kouri.12.jpg,1,19,9,1,1
P2,Faces95,evaluation,several_enrollment_photographs,kouri,kouri/kouri.13.jpg,1,21,9,1,1
P2,Faces95,evaluation,several_enrollment_photographs,kouri,kouri/kouri.14.jpg,1,17,9,1,1
P2,Faces95,evaluation,several_enrollment_photographs,kouri,kouri/kouri.15.jpg,1,19,9,1,1
P2,Faces95,evaluation,several_enrollment_photographs,kouri,kouri/kouri.16.jpg,1,20,9,1,1
P2,Faces95,evaluation,several_enrollment_photographs,kouri,kouri/kouri.17.jpg,1,17,9,1,1
P2,Faces95,evaluation,several_enrollment_photographs,kouri,kouri/kouri.18.jpg,1,19,9,1,1
P2,Faces95,evaluation,several_enrollment_photographs,kouri,kouri/kouri.19.jpg,1,15,9,1,1
P2,Faces95,evaluation,several_enrollment_photographs,kouri,kouri/kouri.20.jpg,1,20,9,1,1
P2,Faces95,evaluation,several_enrollment_photographs,ldgodd,ldgodd/ldgodd.11.jpg,1,19,9,1,1
P2,Faces95,evaluation,several_enrollment_photographs,ldgodd,ldgodd/ldgodd.12.jpg,1,19,9,1,1
P2,Faces95,evaluation,several_enrollment_photographs,ldgodd,ldgodd/ldgodd.13.jpg,1,21,9,1,1
P2,Faces95,evaluation,several_enrollment_photographs,ldgodd,ldgodd/ldgodd.14.jpg,1,23,9,1,1
P2,Faces95,evaluation,several_enrollment_photographs,ldgodd,ldgodd/ldgodd.15.jpg,1,24,9,1,1
P2,Faces95,evaluation,several_enrollment_photographs,ldgodd,ldgodd/ldgodd.16.jpg,1,27,9,1,1
P2,Faces95,evaluation,several_enrollment_photographs,ldgodd,ldgodd/ldgodd.17.jpg,1,24,9,1,1
P2,Faces95,evaluation,several_enrollment_photographs,ldgodd,ldgodd/ldgodd.18.jpg,1,21,9,1,1
P2,Faces95,evaluation,several_enrollment_photographs,ldgodd,ldgodd/ldgodd.19.jpg,1,23,9,1,1
P2,Faces95,evaluation,several_enrollment_photographs,ldgodd,ldgodd/ldgodd.20.jpg,1,24,9,1,1
P2,Faces95,evaluation,several_enrollment_photographs,llambr,llambr/llambr.11.jpg,1,23,9,1,1
P2,Faces95,evaluation,several_enrollment_photographs,llambr,llambr/llambr.12.jpg,1,25,9,1,1
P2,Faces95,evaluation,several_enrollment_photographs,llambr,llambr/llambr.13.jpg,1,28,9,1,1
P2,Faces95,evaluation,several_enrollment_photographs,llambr,llambr/llambr.14.jpg,1,30,9,1,1
P2,Faces95,evaluation,several_enrollment_photographs,llambr,llambr/llambr.15.jpg,1,20,9,1,1
P2,Faces95,evaluation,several_enrollment_photographs,llambr,llambr/llambr.16.jpg,1,18,9,1,1
P2,Faces95,evaluation,several_enrollment_photographs,llambr,llambr/llambr.17.jpg,1,24,9,1,1
P2,Faces95,evaluation,several_enrollment_photographs,llambr,llambr/llambr.18.jpg,1,26,9,1,1
P2,Faces95,evaluation,several_enrollment_photographs,llambr,llambr/llambr.19.jpg,1,24,9,1,1
P2,Faces95,evaluation,several_enrollment_photographs,llambr,llambr/llambr.20.jpg,1,20,9,1,1
P2,Faces95,evaluation,several_enrollment_photographs,matth,matth/matth.11.jpg,1,26,9,1,1
P2,Faces95,evaluation,several_enrollment_photographs,matth,matth/matth.12.jpg,1,22,9,1,1
P2,Faces95,evaluation,several_enrollment_photographs,matth,matth/matth.13.jpg,1,21,9,1,1
P2,Faces95,evaluation,several_enrollment_photographs,matth,matth/matth.14.jpg,1,15,9,1,1
P2,Faces95,evaluation,several_enrollment_photographs,matth,matth/matth.15.jpg,1,14,9,1,1
P2,Faces95,evaluation,several_enrollment_photographs,matth,matth/matth.16.jpg,1,16,9,1,1
P2,Faces95,evaluation,several_enrollment_photographs,matth,matth/matth.17.jpg,1,14,9,1,1
P2,Faces95,evaluation,several_enrollment_photographs,matth,matth/matth.18.jpg,1,16,9,1,1
P2,Faces95,evaluation,several_enrollment_photographs,matth,matth/matth.19.jpg,1,17,9,1,1
P2,Faces95,evaluation,several_enrollment_photographs,matth,matth/matth.20.jpg,1,17,9,1,1
P2,Faces95,evaluation,several_enrollment_photographs,mizli,mizli/mizli.1.jpg,0,5,9,0,1
P2,Faces95,evaluation,several_enrollment_photographs,mizli,mizli/mizli.2.jpg,0,8,9,0,1
P2,Faces95,evaluation,several_enrollment_photographs,mizli,mizli/mizli.3.jpg,0,5,9,0,1
P2,Faces95,evaluation,several_enrollment_photographs,mizli,mizli/mizli.4.jpg,0,5,9,0,1
P2,Faces95,evaluation,several_enrollment_photographs,mizli,mizli/mizli.5.jpg,0,8,9,0,1
P2,Faces95,evaluation,several_enrollment_photographs,mizli,mizli/mizli.6.jpg,0,5,9,0,1
P2,Faces95,evaluation,several_enrollment_photographs,mizli,mizli/mizli.7.jpg,0,8,9,0,1
P2,Faces95,evaluation,several_enrollment_photographs,mizli,mizli/mizli.8.jpg,0,10,9,1,0
P2,Faces95,evaluation,several_enrollment_photographs,mizli,mizli/mizli.9.jpg,0,6,9,0,1
P2,Faces95,evaluation,several_enrollment_photographs,mizli,mizli/mizli.10.jpg,0,6,9,0,1
P2,Faces95,evaluation,several_enrollment_photographs,mizli,mizli/mizli.11.jpg,0,4,9,0,1
P2,Faces95,evaluation,several_enrollment_photographs,mizli,mizli/mizli.12.jpg,0,10,9,1,0
P2,Faces95,evaluation,several_enrollment_photographs,mizli,mizli/mizli.13.jpg,0,2,9,0,1
P2,Faces95,evaluation,several_enrollment_photographs,mizli,mizli/mizli.14.jpg,0,5,9,0,1
P2,Faces95,evaluation,several_enrollment_photographs,mizli,mizli/mizli.15.jpg,0,5,9,0,1
P2,Faces95,evaluation,several_enrollment_photographs,mizli,mizli/mizli.16.jpg,0,4,9,0,1
P2,Faces95,evaluation,several_enrollment_photographs,mizli,mizli/mizli.17.jpg,0,6,9,0,1
P2,Faces95,evaluation,several_enrollment_photographs,mizli,mizli/mizli.18.jpg,0,8,9,0,1
P2,Faces95,evaluation,several_enrollment_photographs,mizli,mizli/mizli.19.jpg,0,9,9,1,0
P2,Faces95,evaluation,several_enrollment_photographs,mizli,mizli/mizli.20.jpg,0,8,9,0,1
P2,Faces95,evaluation,several_enrollment_photographs,mkosto,mkosto/mkosto.11.jpg,1,32,9,1,1
P2,Faces95,evaluation,several_enrollment_photographs,mkosto,mkosto/mkosto.12.jpg,1,31,9,1,1
P2,Faces95,evaluation,several_enrollment_photographs,mkosto,mkosto/mkosto.13.jpg,1,31,9,1,1
P2,Faces95,evaluation,several_enrollment_photographs,mkosto,mkosto/mkosto.14.jpg,1,29,9,1,1
P2,Faces95,evaluation,several_enrollment_photographs,mkosto,mkosto/mkosto.15.jpg,1,24,9,1,1
P2,Faces95,evaluation,several_enrollment_photographs,mkosto,mkosto/mkosto.16.jpg,1,23,9,1,1
P2,Faces95,evaluation,several_enrollment_photographs,mkosto,mkosto/mkosto.17.jpg,1,19,9,1,1
P2,Faces95,evaluation,several_enrollment_photographs,mkosto,mkosto/mkosto.18.jpg,1,24,9,1,1
P2,Faces95,evaluation,several_enrollment_photographs,mkosto,mkosto/mkosto.19.jpg,1,23,9,1,1
P2,Faces95,evaluation,several_enrollment_photographs,mkosto,mkosto/mkosto.20.jpg,1,22,9,1,1
P2,Faces95,evaluation,several_enrollment_photographs,rafox,rafox/rafox.9.jpg,1,12,9,1,1
P2,Faces95,evaluation,several_enrollment_photographs,rafox,rafox/rafox.10.jpg,1,18,9,1,1
P2,Faces95,evaluation,several_enrollment_photographs,rafox,rafox/rafox.11.jpg,1,14,9,1,1
P2,Faces95,evaluation,several_enrollment_photographs,rafox,rafox/rafox.13.jpg,1,13,9,1,1
P2,Faces95,evaluation,several_enrollment_photographs,rafox,rafox/rafox.15.jpg,1,16,9,1,1
P2,Faces95,evaluation,several_enrollment_photographs,rafox,rafox/rafox.16.jpg,1,17,9,1,1
P2,Faces95,evaluation,several_enrollment_photographs,rafox,rafox/rafox.17.jpg,1,12,9,1,1
P2,Faces95,evaluation,several_enrollment_photographs,riphil,riphil/riphil.11.jpg,1,15,9,1,1
P2,Faces95,evaluation,several_enrollment_photographs,riphil,riphil/riphil.12.jpg,1,26,9,1,1
P2,Faces95,evaluation,several_enrollment_photographs,riphil,riphil/riphil.13.jpg,1,21,9,1,1
P2,Faces95,evaluation,several_enrollment_photographs,riphil,riphil/riphil.14.jpg,1,22,9,1,1
P2,Faces95,evaluation,several_enrollment_photographs,riphil,riphil/riphil.15.jpg,1,18,9,1,1
P2,Faces95,evaluation,several_enrollment_photographs,riphil,riphil/riphil.16.jpg,1,20,9,1,1
P2,Faces95,evaluation,several_enrollment_photographs,riphil,riphil/riphil.17.jpg,1,20,9,1,1
P2,Faces95,evaluation,several_enrollment_photographs,riphil,riphil/riphil.18.jpg,1,17,9,1,1
P2,Faces95,evaluation,several_enrollment_photographs,riphil,riphil/riphil.19.jpg,1,17,9,1,1
P2,Faces95,evaluation,several_enrollment_photographs,riphil,riphil/riphil.20.jpg,1,12,9,1,1
P2,Faces95,evaluation,several_enrollment_photographs,rjdunc,rjdunc/rjdunc.11.jpg,1,26,9,1,1
P2,Faces95,evaluation,several_enrollment_photographs,rjdunc,rjdunc/rjdunc.12.jpg,1,26,9,1,1
P2,Faces95,evaluation,several_enrollment_photographs,rjdunc,rjdunc/rjdunc.13.jpg,1,17,9,1,1
P2,Faces95,evaluation,several_enrollment_photographs,rjdunc,rjdunc/rjdunc.14.jpg,1,31,9,1,1
P2,Faces95,evaluation,several_enrollment_photographs,rjdunc,rjdunc/rjdunc.15.jpg,1,26,9,1,1
P2,Faces95,evaluation,several_enrollment_photographs,rjdunc,rjdunc/rjdunc.16.jpg,1,23,9,1,1
P2,Faces95,evaluation,several_enrollment_photographs,rjdunc,rjdunc/rjdunc.17.jpg,1,15,9,1,1
P2,Faces95,evaluation,several_enrollment_photographs,rjdunc,rjdunc/rjdunc.18.jpg,1,19,9,1,1
P2,Faces95,evaluation,several_enrollment_photographs,rjdunc,rjdunc/rjdunc.19.jpg,1,21,9,1,1
P2,Faces95,evaluation,several_enrollment_photographs,rjdunc,rjdunc/rjdunc.20.jpg,1,23,9,1,1
P2,Faces95,evaluation,several_enrollment_photographs,sapere,sapere/sapere.1.jpg,0,2,9,0,1
P2,Faces95,evaluation,several_enrollment_photographs,sapere,sapere/sapere.2.jpg,0,5,9,0,1
P2,Faces95,evaluation,several_enrollment_photographs,sapere,sapere/sapere.3.jpg,0,6,9,0,1
P2,Faces95,evaluation,several_enrollment_photographs,sapere,sapere/sapere.4.jpg,0,2,9,0,1
P2,Faces95,evaluation,several_enrollment_photographs,sapere,sapere/sapere.5.jpg,0,5,9,0,1
P2,Faces95,evaluation,several_enrollment_photographs,sapere,sapere/sapere.6.jpg,0,5,9,0,1
P2,Faces95,evaluation,several_enrollment_photographs,sapere,sapere/sapere.7.jpg,0,2,9,0,1
P2,Faces95,evaluation,several_enrollment_photographs,sapere,sapere/sapere.8.jpg,0,8,9,0,1
P2,Faces95,evaluation,several_enrollment_photographs,sapere,sapere/sapere.9.jpg,0,8,9,0,1
P2,Faces95,evaluation,several_enrollment_photographs,sapere,sapere/sapere.10.jpg,0,7,9,0,1
P2,Faces95,evaluation,several_enrollment_photographs,sapere,sapere/sapere.11.jpg,0,8,9,0,1
P2,Faces95,evaluation,several_enrollment_photographs,sapere,sapere/sapere.12.jpg,0,7,9,0,1
P2,Faces95,evaluation,several_enrollment_photographs,sapere,sapere/sapere.13.jpg,0,5,9,0,1
P2,Faces95,evaluation,several_enrollment_photographs,sapere,sapere/sapere.14.jpg,0,8,9,0,1
P2,Faces95,evaluation,several_enrollment_photographs,sapere,sapere/sapere.15.jpg,0,7,9,0,1
P2,Faces95,evaluation,several_enrollment_photographs,sapere,sapere/sapere.16.jpg,0,4,9,0,1
P2,Faces95,evaluation,several_enrollment_photographs,sapere,sapere/sapere.17.jpg,0,8,9,0,1
P2,Faces95,evaluation,several_enrollment_photographs,sapere,sapere/sapere.18.jpg,0,5,9,0,1
P2,Faces95,evaluation,several_enrollment_photographs,sapere,sapere/sapere.19.jpg,0,10,9,1,0
P2,Faces95,evaluation,several_enrollment_photographs,sapere,sapere/sapere.20.jpg,0,8,9,0,1
P2,Faces95,evaluation,several_enrollment_photographs,sdwall,sdwall/sdwall.11.jpg,1,19,9,1,1
P2,Faces95,evaluation,several_enrollment_photographs,sdwall,sdwall/sdwall.12.jpg,1,20,9,1,1
P2,Faces95,evaluation,several_enrollment_photographs,sdwall,sdwall/sdwall.13.jpg,1,20,9,1,1
P2,Faces95,evaluation,several_enrollment_photographs,sdwall,sdwall/sdwall.14.jpg,1,25,9,1,1
P2,Faces95,evaluation,several_enrollment_photographs,sdwall,sdwall/sdwall.15.jpg,1,16,9,1,1
P2,Faces95,evaluation,several_enrollment_photographs,sdwall,sdwall/sdwall.16.jpg,1,14,9,1,1
P2,Faces95,evaluation,several_enrollment_photographs,sdwall,sdwall/sdwall.17.jpg,1,12,9,1,1
P2,Faces95,evaluation,several_enrollment_photographs,sdwall,sdwall/sdwall.18.jpg,1,16,9,1,1
P2,Faces95,evaluation,several_enrollment_photographs,sdwall,sdwall/sdwall.19.jpg,1,17,9,1,1
P2,Faces95,evaluation,several_enrollment_photographs,sdwall,sdwall/sdwall.20.jpg,1,14,9,1,1
P2,Faces95,evaluation,several_enrollment_photographs,sherbe,sherbe/sherbe.11.jpg,1,33,9,1,1
P2,Faces95,evaluation,several_enrollment_photographs,sherbe,sherbe/sherbe.12.jpg,1,32,9,1,1
P2,Faces95,evaluation,several_enrollment_photographs,sherbe,sherbe/sherbe.13.jpg,1,25,9,1,1
P2,Faces95,evaluation,several_enrollment_photographs,sherbe,sherbe/sherbe.14.jpg,1,19,9,1,1
P2,Faces95,evaluation,several_enrollment_photographs,sherbe,sherbe/sherbe.15.jpg,1,22,9,1,1
P2,Faces95,evaluation,several_enrollment_photographs,sherbe,sherbe/sherbe.16.jpg,1,17,9,1,1
P2,Faces95,evaluation,several_enrollment_photographs,sherbe,sherbe/sherbe.17.jpg,1,14,9,1,1
P2,Faces95,evaluation,several_enrollment_photographs,sherbe,sherbe/sherbe.18.jpg,1,9,9,1,1
P2,Faces95,evaluation,several_enrollment_photographs,sherbe,sherbe/sherbe.19.jpg,1,12,9,1,1
P2,Faces95,evaluation,several_enrollment_photographs,sherbe,sherbe/sherbe.20.jpg,1,14,9,1,1
P2,Faces95,evaluation,several_enrollment_photographs,simm,simm/simm.1.jpg,0,11,9,1,0
P2,Faces95,evaluation,several_enrollment_photographs,simm,simm/simm.2.jpg,0,9,9,1,0
P2,Faces95,evaluation,several_enrollment_photographs,simm,simm/simm.3.jpg,0,8,9,0,1
P2,Faces95,evaluation,several_enrollment_photographs,simm,simm/simm.4.jpg,0,10,9,1,0
P2,Faces95,evaluation,several_enrollment_photographs,simm,simm/simm.5.jpg,0,7,9,0,1
P2,Faces95,evaluation,several_enrollment_photographs,simm,simm/simm.6.jpg,0,9,9,1,0
P2,Faces95,evaluation,several_enrollment_photographs,simm,simm/simm.7.jpg,0,9,9,1,0
P2,Faces95,evaluation,several_enrollment_photographs,simm,simm/simm.8.jpg,0,11,9,1,0
P2,Faces95,evaluation,several_enrollment_photographs,simm,simm/simm.9.jpg,0,12,9,1,0
P2,Faces95,evaluation,several_enrollment_photographs,simm,simm/simm.10.jpg,0,11,9,1,0
P2,Faces95,evaluation,several_enrollment_photographs,simm,simm/simm.11.jpg,0,9,9,1,0
P2,Faces95,evaluation,several_enrollment_photographs,simm,simm/simm.12.jpg,0,8,9,0,1
P2,Faces95,evaluation,several_enrollment_photographs,simm,simm/simm.13.jpg,0,10,9,1,0
P2,Faces95,evaluation,several_enrollment_photographs,simm,simm/simm.14.jpg,0,11,9,1,0
P2,Faces95,evaluation,several_enrollment_photographs,simm,simm/simm.15.jpg,0,11,9,1,0
P2,Faces95,evaluation,several_enrollment_photographs,simm,simm/simm.16.jpg,0,4,9,0,1
P2,Faces95,evaluation,several_enrollment_photographs,simm,simm/simm.17.jpg,0,7,9,0,1
P2,Faces95,evaluation,several_enrollment_photographs,simm,simm/simm.18.jpg,0,8,9,0,1
P2,Faces95,evaluation,several_enrollment_photographs,simm,simm/simm.19.jpg,0,8,9,0,1
P2,Faces95,evaluation,several_enrollment_photographs,simm,simm/simm.20.jpg,0,8,9,0,1
P2,Faces95,evaluation,several_enrollment_photographs,sirmcb,sirmcb/sirmcb.11.jpg,1,28,9,1,1
P2,Faces95,evaluation,several_enrollment_photographs,sirmcb,sirmcb/sirmcb.12.jpg,1,29,9,1,1
P2,Faces95,evaluation,several_enrollment_photographs,sirmcb,sirmcb/sirmcb.13.jpg,1,27,9,1,1
P2,Faces95,evaluation,several_enrollment_photographs,sirmcb,sirmcb/sirmcb.14.jpg,1,30,9,1,1
P2,Faces95,evaluation,several_enrollment_photographs,sirmcb,sirmcb/sirmcb.15.jpg,1,28,9,1,1
P2,Faces95,evaluation,several_enrollment_photographs,sirmcb,sirmcb/sirmcb.16.jpg,1,26,9,1,1
P2,Faces95,evaluation,several_enrollment_photographs,sirmcb,sirmcb/sirmcb.17.jpg,1,29,9,1,1
P2,Faces95,evaluation,several_enrollment_photographs,sirmcb,sirmcb/sirmcb.18.jpg,1,29,9,1,1
P2,Faces95,evaluation,several_enrollment_photographs,sirmcb,sirmcb/sirmcb.19.jpg,1,31,9,1,1
P2,Faces95,evaluation,several_enrollment_photographs,sirmcb,sirmcb/sirmcb.20.jpg,1,34,9,1,1
P2,Faces95,evaluation,several_enrollment_photographs,smille,smille/smille.10.jpg,1,27,9,1,1
P2,Faces95,evaluation,several_enrollment_photographs,smille,smille/smille.11.jpg,1,27,9,1,1
P2,Faces95,evaluation,several_enrollment_photographs,smille,smille/smille.12.jpg,1,24,9,1,1
P2,Faces95,evaluation,several_enrollment_photographs,smille,smille/smille.13.jpg,1,26,9,1,1
P2,Faces95,evaluation,several_enrollment_photographs,smille,smille/smille.14.jpg,1,20,9,1,1
P2,Faces95,evaluation,several_enrollment_photographs,smille,smille/smille.15.jpg,1,27,9,1,1
P2,Faces95,evaluation,several_enrollment_photographs,smille,smille/smille.16.jpg,1,21,9,1,1
P2,Faces95,evaluation,several_enrollment_photographs,smille,smille/smille.18.jpg,1,25,9,1,1
P2,Faces95,evaluation,several_enrollment_photographs,smille,smille/smille.19.jpg,1,28,9,1,1
P2,Faces95,evaluation,several_enrollment_photographs,smille,smille/smille.20.jpg,1,20,9,1,1
P2,Faces95,evaluation,several_enrollment_photographs,theod,theod/theod.11.jpg,1,11,9,1,1
P2,Faces95,evaluation,several_enrollment_photographs,theod,theod/theod.12.jpg,1,6,9,0,0
P2,Faces95,evaluation,several_enrollment_photographs,theod,theod/theod.13.jpg,1,8,9,0,0
P2,Faces95,evaluation,several_enrollment_photographs,theod,theod/theod.14.jpg,1,7,9,0,0
P2,Faces95,evaluation,several_enrollment_photographs,theod,theod/theod.15.jpg,1,5,9,0,0
P2,Faces95,evaluation,several_enrollment_photographs,theod,theod/theod.16.jpg,1,4,9,0,0
P2,Faces95,evaluation,several_enrollment_photographs,theod,theod/theod.17.jpg,1,2,9,0,0
P2,Faces95,evaluation,several_enrollment_photographs,theod,theod/theod.18.jpg,1,6,9,0,0
P2,Faces95,evaluation,several_enrollment_photographs,theod,theod/theod.19.jpg,1,6,9,0,0
P2,Faces95,evaluation,several_enrollment_photographs,theod,theod/theod.20.jpg,1,8,9,0,0
P2,Faces95,evaluation,several_enrollment_photographs,tjdyke,tjdyke/tjdyke.1.jpg,0,13,9,1,0
P2,Faces95,evaluation,several_enrollment_photographs,tjdyke,tjdyke/tjdyke.2.jpg,0,14,9,1,0
P2,Faces95,evaluation,several_enrollment_photographs,tjdyke,tjdyke/tjdyke.3.jpg,0,10,9,1,0
P2,Faces95,evaluation,several_enrollment_photographs,tjdyke,tjdyke/tjdyke.4.jpg,0,12,9,1,0
P2,Faces95,evaluation,several_enrollment_photographs,tjdyke,tjdyke/tjdyke.5.jpg,0,16,9,1,0
P2,Faces95,evaluation,several_enrollment_photographs,tjdyke,tjdyke/tjdyke.6.jpg,0,17,9,1,0
P2,Faces95,evaluation,several_enrollment_photographs,tjdyke,tjdyke/tjdyke.7.jpg,0,18,9,1,0
P2,Faces95,evaluation,several_enrollment_photographs,tjdyke,tjdyke/tjdyke.8.jpg,0,10,9,1,0
P2,Faces95,evaluation,several_enrollment_photographs,tjdyke,tjdyke/tjdyke.9.jpg,0,6,9,0,1
P2,Faces95,evaluation,several_enrollment_photographs,tjdyke,tjdyke/tjdyke.10.jpg,0,5,9,0,1
P2,Faces95,evaluation,several_enrollment_photographs,tjdyke,tjdyke/tjdyke.11.jpg,0,5,9,0,1
P2,Faces95,evaluation,several_enrollment_photographs,tjdyke,tjdyke/tjdyke.12.jpg,0,9,9,1,0
P2,Faces95,evaluation,several_enrollment_photographs,tjdyke,tjdyke/tjdyke.13.jpg,0,8,9,0,1
P2,Faces95,evaluation,several_enrollment_photographs,tjdyke,tjdyke/tjdyke.14.jpg,0,7,9,0,1
P2,Faces95,evaluation,several_enrollment_photographs,tjdyke,tjdyke/tjdyke.15.jpg,0,8,9,0,1
P2,Faces95,evaluation,several_enrollment_photographs,tjdyke,tjdyke/tjdyke.16.jpg,0,6,9,0,1
P2,Faces95,evaluation,several_enrollment_photographs,tjdyke,tjdyke/tjdyke.17.jpg,0,12,9,1,0
P2,Faces95,evaluation,several_enrollment_photographs,tjdyke,tjdyke/tjdyke.18.jpg,0,8,9,0,1
P2,Faces95,evaluation,several_enrollment_photographs,tjdyke,tjdyke/tjdyke.19.jpg,0,11,9,1,0
P2,Faces95,evaluation,several_enrollment_photographs,tjdyke,tjdyke/tjdyke.20.jpg,0,7,9,0,1
P2,Faces95,evaluation,several_enrollment_photographs,vanta,vanta/vanta.11.jpg,1,30,9,1,1
P2,Faces95,evaluation,several_enrollment_photographs,vanta,vanta/vanta.12.jpg,1,25,9,1,1
P2,Faces95,evaluation,several_enrollment_photographs,vanta,vanta/vanta.13.jpg,1,28,9,1,1
P2,Faces95,evaluation,several_enrollment_photographs,vanta,vanta/vanta.14.jpg,1,26,9,1,1
P2,Faces95,evaluation,several_enrollment_photographs,vanta,vanta/vanta.15.jpg,1,26,9,1,1
P2,Faces95,evaluation,several_enrollment_photographs,vanta,vanta/vanta.16.jpg,1,25,9,1,1
P2,Faces95,evaluation,several_enrollment_photographs,vanta,vanta/vanta.17.jpg,1,19,9,1,1
P2,Faces95,evaluation,several_enrollment_photographs,vanta,vanta/vanta.18.jpg,1,20,9,1,1
P2,Faces95,evaluation,several_enrollment_photographs,vanta,vanta/vanta.19.jpg,1,28,9,1,1
P2,Faces95,evaluation,several_enrollment_photographs,vanta,vanta/vanta.20.jpg,1,24,9,1,1
P2,Faces95,evaluation,several_enrollment_photographs,wjhugh,wjhugh/wjhugh.11.jpg,1,17,9,1,1
P2,Faces95,evaluation,several_enrollment_photographs,wjhugh,wjhugh/wjhugh.12.jpg,1,5,9,0,0
P2,Faces95,evaluation,several_enrollment_photographs,wjhugh,wjhugh/wjhugh.13.jpg,1,13,9,1,1
P2,Faces95,evaluation,several_enrollment_photographs,wjhugh,wjhugh/wjhugh.14.jpg,1,20,9,1,1
P2,Faces95,evaluation,several_enrollment_photographs,wjhugh,wjhugh/wjhugh.15.jpg,1,14,9,1,1
P2,Faces95,evaluation,several_enrollment_photographs,wjhugh,wjhugh/wjhugh.16.jpg,1,13,9,1,1
P2,Faces95,evaluation,several_enrollment_photographs,wjhugh,wjhugh/wjhugh.17.jpg,1,13,9,1,1
P2,Faces95,evaluation,several_enrollment_photographs,wjhugh,wjhugh/wjhugh.18.jpg,1,13,9,1,1
P2,Faces95,evaluation,several_enrollment_photographs,wjhugh,wjhugh/wjhugh.19.jpg,1,22,9,1,1
P2,Faces95,evaluation,several_enrollment_photographs,wjhugh,wjhugh/wjhugh.20.jpg,1,14,9,1,1
P3,Faces95,evaluation,several_enrollment_photographs,adhast,adhast/adhast.11.jpg,1,30,9,1,1
P3,Faces95,evaluation,several_enrollment_photographs,adhast,adhast/adhast.12.jpg,1,29,9,1,1
P3,Faces95,evaluation,several_enrollment_photographs,adhast,adhast/adhast.13.jpg,1,30,9,1,1
P3,Faces95,evaluation,several_enrollment_photographs,adhast,adhast/adhast.14.jpg,1,21,9,1,1
P3,Faces95,evaluation,several_enrollment_photographs,adhast,adhast/adhast.15.jpg,1,27,9,1,1
P3,Faces95,evaluation,several_enrollment_photographs,adhast,adhast/adhast.16.jpg,1,33,9,1,1
P3,Faces95,evaluation,several_enrollment_photographs,adhast,adhast/adhast.17.jpg,1,25,9,1,1
P3,Faces95,evaluation,several_enrollment_photographs,adhast,adhast/adhast.18.jpg,1,21,9,1,1
P3,Faces95,evaluation,several_enrollment_photographs,adhast,adhast/adhast.19.jpg,1,22,9,1,1
P3,Faces95,evaluation,several_enrollment_photographs,adhast,adhast/adhast.20.jpg,1,23,9,1,1
P3,Faces95,evaluation,several_enrollment_photographs,boylee,boylee/boylee.1.jpg,0,2,9,0,1
P3,Faces95,evaluation,several_enrollment_photographs,boylee,boylee/boylee.2.jpg,0,4,9,0,1
P3,Faces95,evaluation,several_enrollment_photographs,boylee,boylee/boylee.3.jpg,0,4,9,0,1
P3,Faces95,evaluation,several_enrollment_photographs,boylee,boylee/boylee.4.jpg,0,3,9,0,1
P3,Faces95,evaluation,several_enrollment_photographs,boylee,boylee/boylee.5.jpg,0,3,9,0,1
P3,Faces95,evaluation,several_enrollment_photographs,boylee,boylee/boylee.6.jpg,0,6,9,0,1
P3,Faces95,evaluation,several_enrollment_photographs,boylee,boylee/boylee.7.jpg,0,4,9,0,1
P3,Faces95,evaluation,several_enrollment_photographs,boylee,boylee/boylee.8.jpg,0,1,9,0,1
P3,Faces95,evaluation,several_enrollment_photographs,boylee,boylee/boylee.9.jpg,0,7,9,0,1
P3,Faces95,evaluation,several_enrollment_photographs,boylee,boylee/boylee.10.jpg,0,5,9,0,1
P3,Faces95,evaluation,several_enrollment_photographs,boylee,boylee/boylee.11.jpg,0,8,9,0,1
P3,Faces95,evaluation,several_enrollment_photographs,boylee,boylee/boylee.12.jpg,0,9,9,1,0
P3,Faces95,evaluation,several_enrollment_photographs,boylee,boylee/boylee.13.jpg,0,4,9,0,1
P3,Faces95,evaluation,several_enrollment_photographs,boylee,boylee/boylee.14.jpg,0,4,9,0,1
P3,Faces95,evaluation,several_enrollment_photographs,boylee,boylee/boylee.15.jpg,0,9,9,1,0
P3,Faces95,evaluation,several_enrollment_photographs,boylee,boylee/boylee.16.jpg,0,6,9,0,1
P3,Faces95,evaluation,several_enrollment_photographs,boylee,boylee/boylee.17.jpg,0,3,9,0,1
P3,Faces95,evaluation,several_enrollment_photographs,boylee,boylee/boylee.18.jpg,0,3,9,0,1
P3,Faces95,evaluation,several_enrollment_photographs,boylee,boylee/boylee.19.jpg,0,8,9,0,1
P3,Faces95,evaluation,several_enrollment_photographs,boylee,boylee/boylee.20.jpg,0,5,9,0,1
P3,Faces95,evaluation,several_enrollment_photographs,bschap,bschap/bschap.11.jpg,1,10,9,1,1
P3,Faces95,evaluation,several_enrollment_photographs,bschap,bschap/bschap.15.jpg,1,12,9,1,1
P3,Faces95,evaluation,several_enrollment_photographs,bschap,bschap/bschap.16.jpg,1,8,9,0,0
P3,Faces95,evaluation,several_enrollment_photographs,bschap,bschap/bschap.18.jpg,1,8,9,0,0
P3,Faces95,evaluation,several_enrollment_photographs,bschap,bschap/bschap.19.jpg,1,10,9,1,1
P3,Faces95,evaluation,several_enrollment_photographs,bschap,bschap/bschap.20.jpg,1,15,9,1,1
P3,Faces95,evaluation,several_enrollment_photographs,cdlarg,cdlarg/cdlarg.1.jpg,0,4,9,0,1
P3,Faces95,evaluation,several_enrollment_photographs,cdlarg,cdlarg/cdlarg.2.jpg,0,6,9,0,1
P3,Faces95,evaluation,several_enrollment_photographs,cdlarg,cdlarg/cdlarg.3.jpg,0,6,9,0,1
P3,Faces95,evaluation,several_enrollment_photographs,cdlarg,cdlarg/cdlarg.4.jpg,0,3,9,0,1
P3,Faces95,evaluation,several_enrollment_photographs,cdlarg,cdlarg/cdlarg.5.jpg,0,11,9,1,0
P3,Faces95,evaluation,several_enrollment_photographs,cdlarg,cdlarg/cdlarg.6.jpg,0,7,9,0,1
P3,Faces95,evaluation,several_enrollment_photographs,cdlarg,cdlarg/cdlarg.7.jpg,0,4,9,0,1
P3,Faces95,evaluation,several_enrollment_photographs,cdlarg,cdlarg/cdlarg.8.jpg,0,6,9,0,1
P3,Faces95,evaluation,several_enrollment_photographs,cdlarg,cdlarg/cdlarg.9.jpg,0,3,9,0,1
P3,Faces95,evaluation,several_enrollment_photographs,cdlarg,cdlarg/cdlarg.10.jpg,0,6,9,0,1
P3,Faces95,evaluation,several_enrollment_photographs,cdlarg,cdlarg/cdlarg.11.jpg,0,5,9,0,1
P3,Faces95,evaluation,several_enrollment_photographs,cdlarg,cdlarg/cdlarg.12.jpg,0,6,9,0,1
P3,Faces95,evaluation,several_enrollment_photographs,cdlarg,cdlarg/cdlarg.13.jpg,0,6,9,0,1
P3,Faces95,evaluation,several_enrollment_photographs,cdlarg,cdlarg/cdlarg.14.jpg,0,8,9,0,1
P3,Faces95,evaluation,several_enrollment_photographs,cdlarg,cdlarg/cdlarg.15.jpg,0,5,9,0,1
P3,Faces95,evaluation,several_enrollment_photographs,cdlarg,cdlarg/cdlarg.16.jpg,0,3,9,0,1
P3,Faces95,evaluation,several_enrollment_photographs,cdlarg,cdlarg/cdlarg.17.jpg,0,9,9,1,0
P3,Faces95,evaluation,several_enrollment_photographs,cdlarg,cdlarg/cdlarg.18.jpg,0,3,9,0,1
P3,Faces95,evaluation,several_enrollment_photographs,cdlarg,cdlarg/cdlarg.19.jpg,0,7,9,0,1
P3,Faces95,evaluation,several_enrollment_photographs,cdlarg,cdlarg/cdlarg.20.jpg,0,6,9,0,1
P3,Faces95,evaluation,several_enrollment_photographs,cfloro,cfloro/cfloro.11.jpg,1,24,9,1,1
P3,Faces95,evaluation,several_enrollment_photographs,cfloro,cfloro/cfloro.12.jpg,1,31,9,1,1
P3,Faces95,evaluation,several_enrollment_photographs,cfloro,cfloro/cfloro.13.jpg,1,20,9,1,1
P3,Faces95,evaluation,several_enrollment_photographs,cfloro,cfloro/cfloro.14.jpg,1,28,9,1,1
P3,Faces95,evaluation,several_enrollment_photographs,cfloro,cfloro/cfloro.15.jpg,1,25,9,1,1
P3,Faces95,evaluation,several_enrollment_photographs,cfloro,cfloro/cfloro.16.jpg,1,29,9,1,1
P3,Faces95,evaluation,several_enrollment_photographs,cfloro,cfloro/cfloro.17.jpg,1,27,9,1,1
P3,Faces95,evaluation,several_enrollment_photographs,cfloro,cfloro/cfloro.18.jpg,1,30,9,1,1
P3,Faces95,evaluation,several_enrollment_photographs,cfloro,cfloro/cfloro.19.jpg,1,19,9,1,1
P3,Faces95,evaluation,several_enrollment_photographs,cfloro,cfloro/cfloro.20.jpg,1,23,9,1,1
P3,Faces95,evaluation,several_enrollment_photographs,cladam,cladam/cladam.11.jpg,1,27,9,1,1
P3,Faces95,evaluation,several_enrollment_photographs,cladam,cladam/cladam.12.jpg,1,20,9,1,1
P3,Faces95,evaluation,several_enrollment_photographs,cladam,cladam/cladam.13.jpg,1,32,9,1,1
P3,Faces95,evaluation,several_enrollment_photographs,cladam,cladam/cladam.14.jpg,1,33,9,1,1
P3,Faces95,evaluation,several_enrollment_photographs,cladam,cladam/cladam.15.jpg,1,24,9,1,1
P3,Faces95,evaluation,several_enrollment_photographs,cladam,cladam/cladam.16.jpg,1,32,9,1,1
P3,Faces95,evaluation,several_enrollment_photographs,cladam,cladam/cladam.17.jpg,1,27,9,1,1
P3,Faces95,evaluation,several_enrollment_photographs,cladam,cladam/cladam.18.jpg,1,31,9,1,1
P3,Faces95,evaluation,several_enrollment_photographs,cladam,cladam/cladam.19.jpg,1,32,9,1,1
P3,Faces95,evaluation,several_enrollment_photographs,cladam,cladam/cladam.20.jpg,1,30,9,1,1
P3,Faces95,evaluation,several_enrollment_photographs,damvo,damvo/damvo.1.jpg,0,3,9,0,1
P3,Faces95,evaluation,several_enrollment_photographs,damvo,damvo/damvo.2.jpg,0,2,9,0,1
P3,Faces95,evaluation,several_enrollment_photographs,damvo,damvo/damvo.3.jpg,0,4,9,0,1
P3,Faces95,evaluation,several_enrollment_photographs,damvo,damvo/damvo.4.jpg,0,5,9,0,1
P3,Faces95,evaluation,several_enrollment_photographs,damvo,damvo/damvo.5.jpg,0,5,9,0,1
P3,Faces95,evaluation,several_enrollment_photographs,damvo,damvo/damvo.6.jpg,0,5,9,0,1
P3,Faces95,evaluation,several_enrollment_photographs,damvo,damvo/damvo.7.jpg,0,4,9,0,1
P3,Faces95,evaluation,several_enrollment_photographs,damvo,damvo/damvo.8.jpg,0,8,9,0,1
P3,Faces95,evaluation,several_enrollment_photographs,damvo,damvo/damvo.9.jpg,0,4,9,0,1
P3,Faces95,evaluation,several_enrollment_photographs,damvo,damvo/damvo.10.jpg,0,4,9,0,1
P3,Faces95,evaluation,several_enrollment_photographs,damvo,damvo/damvo.11.jpg,0,4,9,0,1
P3,Faces95,evaluation,several_enrollment_photographs,damvo,damvo/damvo.12.jpg,0,2,9,0,1
P3,Faces95,evaluation,several_enrollment_photographs,damvo,damvo/damvo.13.jpg,0,6,9,0,1
P3,Faces95,evaluation,several_enrollment_photographs,damvo,damvo/damvo.14.jpg,0,3,9,0,1
P3,Faces95,evaluation,several_enrollment_photographs,damvo,damvo/damvo.15.jpg,0,4,9,0,1
P3,Faces95,evaluation,several_enrollment_photographs,damvo,damvo/damvo.16.jpg,0,6,9,0,1
P3,Faces95,evaluation,several_enrollment_photographs,damvo,damvo/damvo.17.jpg,0,5,9,0,1
P3,Faces95,evaluation,several_enrollment_photographs,damvo,damvo/damvo.18.jpg,0,3,9,0,1
P3,Faces95,evaluation,several_enrollment_photographs,damvo,damvo/damvo.19.jpg,0,4,9,0,1
P3,Faces95,evaluation,several_enrollment_photographs,damvo,damvo/damvo.20.jpg,0,5,9,0,1
P3,Faces95,evaluation,several_enrollment_photographs,dgemen,dgemen/dgemen.1.jpg,0,6,9,0,1
P3,Faces95,evaluation,several_enrollment_photographs,dgemen,dgemen/dgemen.2.jpg,0,4,9,0,1
P3,Faces95,evaluation,several_enrollment_photographs,dgemen,dgemen/dgemen.3.jpg,0,9,9,1,0
P3,Faces95,evaluation,several_enrollment_photographs,dgemen,dgemen/dgemen.4.jpg,0,7,9,0,1
P3,Faces95,evaluation,several_enrollment_photographs,dgemen,dgemen/dgemen.5.jpg,0,12,9,1,0
P3,Faces95,evaluation,several_enrollment_photographs,dgemen,dgemen/dgemen.6.jpg,0,7,9,0,1
P3,Faces95,evaluation,several_enrollment_photographs,dgemen,dgemen/dgemen.7.jpg,0,8,9,0,1
P3,Faces95,evaluation,several_enrollment_photographs,dgemen,dgemen/dgemen.8.jpg,0,8,9,0,1
P3,Faces95,evaluation,several_enrollment_photographs,dgemen,dgemen/dgemen.9.jpg,0,7,9,0,1
P3,Faces95,evaluation,several_enrollment_photographs,dgemen,dgemen/dgemen.10.jpg,0,6,9,0,1
P3,Faces95,evaluation,several_enrollment_photographs,dgemen,dgemen/dgemen.11.jpg,0,5,9,0,1
P3,Faces95,evaluation,several_enrollment_photographs,dgemen,dgemen/dgemen.12.jpg,0,8,9,0,1
P3,Faces95,evaluation,several_enrollment_photographs,dgemen,dgemen/dgemen.13.jpg,0,5,9,0,1
P3,Faces95,evaluation,several_enrollment_photographs,dgemen,dgemen/dgemen.14.jpg,0,5,9,0,1
P3,Faces95,evaluation,several_enrollment_photographs,dgemen,dgemen/dgemen.15.jpg,0,6,9,0,1
P3,Faces95,evaluation,several_enrollment_photographs,dgemen,dgemen/dgemen.16.jpg,0,2,9,0,1
P3,Faces95,evaluation,several_enrollment_photographs,dgemen,dgemen/dgemen.17.jpg,0,6,9,0,1
P3,Faces95,evaluation,several_enrollment_photographs,dgemen,dgemen/dgemen.18.jpg,0,9,9,1,0
P3,Faces95,evaluation,several_enrollment_photographs,dgemen,dgemen/dgemen.19.jpg,0,8,9,0,1
P3,Faces95,evaluation,several_enrollment_photographs,dgemen,dgemen/dgemen.20.jpg,0,5,9,0,1
P3,Faces95,evaluation,several_enrollment_photographs,gsmall,gsmall/gsmall.11.jpg,1,25,9,1,1
P3,Faces95,evaluation,several_enrollment_photographs,gsmall,gsmall/gsmall.12.jpg,1,26,9,1,1
P3,Faces95,evaluation,several_enrollment_photographs,gsmall,gsmall/gsmall.13.jpg,1,27,9,1,1
P3,Faces95,evaluation,several_enrollment_photographs,gsmall,gsmall/gsmall.14.jpg,1,27,9,1,1
P3,Faces95,evaluation,several_enrollment_photographs,gsmall,gsmall/gsmall.15.jpg,1,21,9,1,1
P3,Faces95,evaluation,several_enrollment_photographs,gsmall,gsmall/gsmall.16.jpg,1,21,9,1,1
P3,Faces95,evaluation,several_enrollment_photographs,gsmall,gsmall/gsmall.17.jpg,1,21,9,1,1
P3,Faces95,evaluation,several_enrollment_photographs,gsmall,gsmall/gsmall.18.jpg,1,21,9,1,1
P3,Faces95,evaluation,several_enrollment_photographs,gsmall,gsmall/gsmall.19.jpg,1,25,9,1,1
P3,Faces95,evaluation,several_enrollment_photographs,gsmall,gsmall/gsmall.20.jpg,1,24,9,1,1
P3,Faces95,evaluation,several_enrollment_photographs,hcarpe,hcarpe/hcarpe.11.jpg,1,19,9,1,1
P3,Faces95,evaluation,several_enrollment_photographs,hcarpe,hcarpe/hcarpe.12.jpg,1,15,9,1,1
P3,Faces95,evaluation,several_enrollment_photographs,hcarpe,hcarpe/hcarpe.13.jpg,1,24,9,1,1
P3,Faces95,evaluation,several_enrollment_photographs,hcarpe,hcarpe/hcarpe.14.jpg,1,6,9,0,0
P3,Faces95,evaluation,several_enrollment_photographs,hcarpe,hcarpe/hcarpe.15.jpg,1,25,9,1,1
P3,Faces95,evaluation,several_enrollment_photographs,hcarpe,hcarpe/hcarpe.16.jpg,1,25,9,1,1
P3,Faces95,evaluation,several_enrollment_photographs,hcarpe,hcarpe/hcarpe.17.jpg,1,28,9,1,1
P3,Faces95,evaluation,several_enrollment_photographs,hcarpe,hcarpe/hcarpe.18.jpg,1,23,9,1,1
P3,Faces95,evaluation,several_enrollment_photographs,hcarpe,hcarpe/hcarpe.19.jpg,1,21,9,1,1
P3,Faces95,evaluation,several_enrollment_photographs,hcarpe,hcarpe/hcarpe.20.jpg,1,19,9,1,1
P3,Faces95,evaluation,several_enrollment_photographs,ijfran,ijfran/ijfran.11.jpg,1,22,9,1,1
P3,Faces95,evaluation,several_enrollment_photographs,ijfran,ijfran/ijfran.12.jpg,1,27,9,1,1
P3,Faces95,evaluation,several_enrollment_photographs,ijfran,ijfran/ijfran.13.jpg,1,17,9,1,1
P3,Faces95,evaluation,several_enrollment_photographs,ijfran,ijfran/ijfran.14.jpg,1,22,9,1,1
P3,Faces95,evaluation,several_enrollment_photographs,ijfran,ijfran/ijfran.15.jpg,1,22,9,1,1
P3,Faces95,evaluation,several_enrollment_photographs,ijfran,ijfran/ijfran.16.jpg,1,24,9,1,1
P3,Faces95,evaluation,several_enrollment_photographs,ijfran,ijfran/ijfran.17.jpg,1,21,9,1,1
P3,Faces95,evaluation,several_enrollment_photographs,ijfran,ijfran/ijfran.18.jpg,1,22,9,1,1
P3,Faces95,evaluation,several_enrollment_photographs,ijfran,ijfran/ijfran.19.jpg,1,17,9,1,1
P3,Faces95,evaluation,several_enrollment_photographs,ijfran,ijfran/ijfran.20.jpg,1,23,9,1,1
P3,Faces95,evaluation,several_enrollment_photographs,jserai,jserai/jserai.10.jpg,1,17,9,1,1
P3,Faces95,evaluation,several_enrollment_photographs,jserai,jserai/jserai.11.jpg,1,23,9,1,1
P3,Faces95,evaluation,several_enrollment_photographs,jserai,jserai/jserai.12.jpg,1,23,9,1,1
P3,Faces95,evaluation,several_enrollment_photographs,jserai,jserai/jserai.13.jpg,1,17,9,1,1
P3,Faces95,evaluation,several_enrollment_photographs,jserai,jserai/jserai.14.jpg,1,18,9,1,1
P3,Faces95,evaluation,several_enrollment_photographs,jserai,jserai/jserai.15.jpg,1,15,9,1,1
P3,Faces95,evaluation,several_enrollment_photographs,jserai,jserai/jserai.16.jpg,1,17,9,1,1
P3,Faces95,evaluation,several_enrollment_photographs,jserai,jserai/jserai.17.jpg,1,17,9,1,1
P3,Faces95,evaluation,several_enrollment_photographs,jserai,jserai/jserai.19.jpg,1,15,9,1,1
P3,Faces95,evaluation,several_enrollment_photographs,jserai,jserai/jserai.20.jpg,1,13,9,1,1
P3,Faces95,evaluation,several_enrollment_photographs,kmbald,kmbald/kmbald.11.jpg,1,25,9,1,1
P3,Faces95,evaluation,several_enrollment_photographs,kmbald,kmbald/kmbald.12.jpg,1,22,9,1,1
P3,Faces95,evaluation,several_enrollment_photographs,kmbald,kmbald/kmbald.13.jpg,1,23,9,1,1
P3,Faces95,evaluation,several_enrollment_photographs,kmbald,kmbald/kmbald.14.jpg,1,27,9,1,1
P3,Faces95,evaluation,several_enrollment_photographs,kmbald,kmbald/kmbald.15.jpg,1,26,9,1,1
P3,Faces95,evaluation,several_enrollment_photographs,kmbald,kmbald/kmbald.16.jpg,1,22,9,1,1
P3,Faces95,evaluation,several_enrollment_photographs,kmbald,kmbald/kmbald.17.jpg,1,25,9,1,1
P3,Faces95,evaluation,several_enrollment_photographs,kmbald,kmbald/kmbald.18.jpg,1,22,9,1,1
P3,Faces95,evaluation,several_enrollment_photographs,kmbald,kmbald/kmbald.19.jpg,1,27,9,1,1
P3,Faces95,evaluation,several_enrollment_photographs,kmbald,kmbald/kmbald.20.jpg,1,23,9,1,1
P3,Faces95,evaluation,several_enrollment_photographs,kouri,kouri/kouri.11.jpg,1,20,9,1,1
P3,Faces95,evaluation,several_enrollment_photographs,kouri,kouri/kouri.12.jpg,1,19,9,1,1
P3,Faces95,evaluation,several_enrollment_photographs,kouri,kouri/kouri.13.jpg,1,14,9,1,1
P3,Faces95,evaluation,several_enrollment_photographs,kouri,kouri/kouri.14.jpg,1,14,9,1,1
P3,Faces95,evaluation,several_enrollment_photographs,kouri,kouri/kouri.15.jpg,1,15,9,1,1
P3,Faces95,evaluation,several_enrollment_photographs,kouri,kouri/kouri.16.jpg,1,14,9,1,1
P3,Faces95,evaluation,several_enrollment_photographs,kouri,kouri/kouri.17.jpg,1,20,9,1,1
P3,Faces95,evaluation,several_enrollment_photographs,kouri,kouri/kouri.18.jpg,1,19,9,1,1
P3,Faces95,evaluation,several_enrollment_photographs,kouri,kouri/kouri.19.jpg,1,19,9,1,1
P3,Faces95,evaluation,several_enrollment_photographs,kouri,kouri/kouri.20.jpg,1,19,9,1,1
P3,Faces95,evaluation,several_enrollment_photographs,ldgodd,ldgodd/ldgodd.11.jpg,1,34,9,1,1
P3,Faces95,evaluation,several_enrollment_photographs,ldgodd,ldgodd/ldgodd.12.jpg,1,31,9,1,1
P3,Faces95,evaluation,several_enrollment_photographs,ldgodd,ldgodd/ldgodd.13.jpg,1,27,9,1,1
P3,Faces95,evaluation,several_enrollment_photographs,ldgodd,ldgodd/ldgodd.14.jpg,1,33,9,1,1
P3,Faces95,evaluation,several_enrollment_photographs,ldgodd,ldgodd/ldgodd.15.jpg,1,25,9,1,1
P3,Faces95,evaluation,several_enrollment_photographs,ldgodd,ldgodd/ldgodd.16.jpg,1,29,9,1,1
P3,Faces95,evaluation,several_enrollment_photographs,ldgodd,ldgodd/ldgodd.17.jpg,1,24,9,1,1
P3,Faces95,evaluation,several_enrollment_photographs,ldgodd,ldgodd/ldgodd.18.jpg,1,28,9,1,1
P3,Faces95,evaluation,several_enrollment_photographs,ldgodd,ldgodd/ldgodd.19.jpg,1,28,9,1,1
P3,Faces95,evaluation,several_enrollment_photographs,ldgodd,ldgodd/ldgodd.20.jpg,1,26,9,1,1
P3,Faces95,evaluation,several_enrollment_photographs,llambr,llambr/llambr.11.jpg,1,23,9,1,1
P3,Faces95,evaluation,several_enrollment_photographs,llambr,llambr/llambr.12.jpg,1,29,9,1,1
P3,Faces95,evaluation,several_enrollment_photographs,llambr,llambr/llambr.13.jpg,1,31,9,1,1
P3,Faces95,evaluation,several_enrollment_photographs,llambr,llambr/llambr.14.jpg,1,30,9,1,1
P3,Faces95,evaluation,several_enrollment_photographs,llambr,llambr/llambr.15.jpg,1,30,9,1,1
P3,Faces95,evaluation,several_enrollment_photographs,llambr,llambr/llambr.16.jpg,1,27,9,1,1
P3,Faces95,evaluation,several_enrollment_photographs,llambr,llambr/llambr.17.jpg,1,27,9,1,1
P3,Faces95,evaluation,several_enrollment_photographs,llambr,llambr/llambr.18.jpg,1,28,9,1,1
P3,Faces95,evaluation,several_enrollment_photographs,llambr,llambr/llambr.19.jpg,1,33,9,1,1
P3,Faces95,evaluation,several_enrollment_photographs,llambr,llambr/llambr.20.jpg,1,22,9,1,1
P3,Faces95,evaluation,several_enrollment_photographs,matth,matth/matth.11.jpg,1,16,9,1,1
P3,Faces95,evaluation,several_enrollment_photographs,matth,matth/matth.12.jpg,1,18,9,1,1
P3,Faces95,evaluation,several_enrollment_photographs,matth,matth/matth.13.jpg,1,14,9,1,1
P3,Faces95,evaluation,several_enrollment_photographs,matth,matth/matth.14.jpg,1,14,9,1,1
P3,Faces95,evaluation,several_enrollment_photographs,matth,matth/matth.15.jpg,1,13,9,1,1
P3,Faces95,evaluation,several_enrollment_photographs,matth,matth/matth.16.jpg,1,14,9,1,1
P3,Faces95,evaluation,several_enrollment_photographs,matth,matth/matth.17.jpg,1,12,9,1,1
P3,Faces95,evaluation,several_enrollment_photographs,matth,matth/matth.18.jpg,1,15,9,1,1
P3,Faces95,evaluation,several_enrollment_photographs,matth,matth/matth.19.jpg,1,19,9,1,1
P3,Faces95,evaluation,several_enrollment_photographs,matth,matth/matth.20.jpg,1,13,9,1,1
P3,Faces95,evaluation,several_enrollment_photographs,mizli,mizli/mizli.1.jpg,0,2,9,0,1
P3,Faces95,evaluation,several_enrollment_photographs,mizli,mizli/mizli.2.jpg,0,1,9,0,1
P3,Faces95,evaluation,several_enrollment_photographs,mizli,mizli/mizli.3.jpg,0,3,9,0,1
P3,Faces95,evaluation,several_enrollment_photographs,mizli,mizli/mizli.4.jpg,0,3,9,0,1
P3,Faces95,evaluation,several_enrollment_photographs,mizli,mizli/mizli.5.jpg,0,4,9,0,1
P3,Faces95,evaluation,several_enrollment_photographs,mizli,mizli/mizli.6.jpg,0,3,9,0,1
P3,Faces95,evaluation,several_enrollment_photographs,mizli,mizli/mizli.7.jpg,0,3,9,0,1
P3,Faces95,evaluation,several_enrollment_photographs,mizli,mizli/mizli.8.jpg,0,5,9,0,1
P3,Faces95,evaluation,several_enrollment_photographs,mizli,mizli/mizli.9.jpg,0,6,9,0,1
P3,Faces95,evaluation,several_enrollment_photographs,mizli,mizli/mizli.10.jpg,0,6,9,0,1
P3,Faces95,evaluation,several_enrollment_photographs,mizli,mizli/mizli.11.jpg,0,7,9,0,1
P3,Faces95,evaluation,several_enrollment_photographs,mizli,mizli/mizli.12.jpg,0,11,9,1,0
P3,Faces95,evaluation,several_enrollment_photographs,mizli,mizli/mizli.13.jpg,0,11,9,1,0
P3,Faces95,evaluation,several_enrollment_photographs,mizli,mizli/mizli.14.jpg,0,10,9,1,0
P3,Faces95,evaluation,several_enrollment_photographs,mizli,mizli/mizli.15.jpg,0,9,9,1,0
P3,Faces95,evaluation,several_enrollment_photographs,mizli,mizli/mizli.16.jpg,0,6,9,0,1
P3,Faces95,evaluation,several_enrollment_photographs,mizli,mizli/mizli.17.jpg,0,9,9,1,0
P3,Faces95,evaluation,several_enrollment_photographs,mizli,mizli/mizli.18.jpg,0,7,9,0,1
P3,Faces95,evaluation,several_enrollment_photographs,mizli,mizli/mizli.19.jpg,0,8,9,0,1
P3,Faces95,evaluation,several_enrollment_photographs,mizli,mizli/mizli.20.jpg,0,7,9,0,1
P3,Faces95,evaluation,several_enrollment_photographs,mkosto,mkosto/mkosto.11.jpg,1,25,9,1,1
P3,Faces95,evaluation,several_enrollment_photographs,mkosto,mkosto/mkosto.12.jpg,1,20,9,1,1
P3,Faces95,evaluation,several_enrollment_photographs,mkosto,mkosto/mkosto.13.jpg,1,22,9,1,1
P3,Faces95,evaluation,several_enrollment_photographs,mkosto,mkosto/mkosto.14.jpg,1,25,9,1,1
P3,Faces95,evaluation,several_enrollment_photographs,mkosto,mkosto/mkosto.15.jpg,1,18,9,1,1
P3,Faces95,evaluation,several_enrollment_photographs,mkosto,mkosto/mkosto.16.jpg,1,20,9,1,1
P3,Faces95,evaluation,several_enrollment_photographs,mkosto,mkosto/mkosto.17.jpg,1,26,9,1,1
P3,Faces95,evaluation,several_enrollment_photographs,mkosto,mkosto/mkosto.18.jpg,1,27,9,1,1
P3,Faces95,evaluation,several_enrollment_photographs,mkosto,mkosto/mkosto.19.jpg,1,30,9,1,1
P3,Faces95,evaluation,several_enrollment_photographs,mkosto,mkosto/mkosto.20.jpg,1,24,9,1,1
P3,Faces95,evaluation,several_enrollment_photographs,rafox,rafox/rafox.9.jpg,1,20,9,1,1
P3,Faces95,evaluation,several_enrollment_photographs,rafox,rafox/rafox.10.jpg,1,12,9,1,1
P3,Faces95,evaluation,several_enrollment_photographs,rafox,rafox/rafox.11.jpg,1,25,9,1,1
P3,Faces95,evaluation,several_enrollment_photographs,rafox,rafox/rafox.13.jpg,1,17,9,1,1
P3,Faces95,evaluation,several_enrollment_photographs,rafox,rafox/rafox.15.jpg,1,12,9,1,1
P3,Faces95,evaluation,several_enrollment_photographs,rafox,rafox/rafox.16.jpg,1,21,9,1,1
P3,Faces95,evaluation,several_enrollment_photographs,rafox,rafox/rafox.17.jpg,1,16,9,1,1
P3,Faces95,evaluation,several_enrollment_photographs,riphil,riphil/riphil.11.jpg,1,28,9,1,1
P3,Faces95,evaluation,several_enrollment_photographs,riphil,riphil/riphil.12.jpg,1,23,9,1,1
P3,Faces95,evaluation,several_enrollment_photographs,riphil,riphil/riphil.13.jpg,1,26,9,1,1
P3,Faces95,evaluation,several_enrollment_photographs,riphil,riphil/riphil.14.jpg,1,22,9,1,1
P3,Faces95,evaluation,several_enrollment_photographs,riphil,riphil/riphil.15.jpg,1,26,9,1,1
P3,Faces95,evaluation,several_enrollment_photographs,riphil,riphil/riphil.16.jpg,1,22,9,1,1
P3,Faces95,evaluation,several_enrollment_photographs,riphil,riphil/riphil.17.jpg,1,19,9,1,1
P3,Faces95,evaluation,several_enrollment_photographs,riphil,riphil/riphil.18.jpg,1,22,9,1,1
P3,Faces95,evaluation,several_enrollment_photographs,riphil,riphil/riphil.19.jpg,1,21,9,1,1
P3,Faces95,evaluation,several_enrollment_photographs,riphil,riphil/riphil.20.jpg,1,12,9,1,1
P3,Faces95,evaluation,several_enrollment_photographs,rjdunc,rjdunc/rjdunc.11.jpg,1,25,9,1,1
P3,Faces95,evaluation,several_enrollment_photographs,rjdunc,rjdunc/rjdunc.12.jpg,1,26,9,1,1
P3,Faces95,evaluation,several_enrollment_photographs,rjdunc,rjdunc/rjdunc.13.jpg,1,19,9,1,1
P3,Faces95,evaluation,several_enrollment_photographs,rjdunc,rjdunc/rjdunc.14.jpg,1,22,9,1,1
P3,Faces95,evaluation,several_enrollment_photographs,rjdunc,rjdunc/rjdunc.15.jpg,1,19,9,1,1
P3,Faces95,evaluation,several_enrollment_photographs,rjdunc,rjdunc/rjdunc.16.jpg,1,23,9,1,1
P3,Faces95,evaluation,several_enrollment_photographs,rjdunc,rjdunc/rjdunc.17.jpg,1,19,9,1,1
P3,Faces95,evaluation,several_enrollment_photographs,rjdunc,rjdunc/rjdunc.18.jpg,1,24,9,1,1
P3,Faces95,evaluation,several_enrollment_photographs,rjdunc,rjdunc/rjdunc.19.jpg,1,23,9,1,1
P3,Faces95,evaluation,several_enrollment_photographs,rjdunc,rjdunc/rjdunc.20.jpg,1,21,9,1,1
P3,Faces95,evaluation,several_enrollment_photographs,sapere,sapere/sapere.1.jpg,0,6,9,0,1
P3,Faces95,evaluation,several_enrollment_photographs,sapere,sapere/sapere.2.jpg,0,8,9,0,1
P3,Faces95,evaluation,several_enrollment_photographs,sapere,sapere/sapere.3.jpg,0,5,9,0,1
P3,Faces95,evaluation,several_enrollment_photographs,sapere,sapere/sapere.4.jpg,0,5,9,0,1
P3,Faces95,evaluation,several_enrollment_photographs,sapere,sapere/sapere.5.jpg,0,4,9,0,1
P3,Faces95,evaluation,several_enrollment_photographs,sapere,sapere/sapere.6.jpg,0,6,9,0,1
P3,Faces95,evaluation,several_enrollment_photographs,sapere,sapere/sapere.7.jpg,0,3,9,0,1
P3,Faces95,evaluation,several_enrollment_photographs,sapere,sapere/sapere.8.jpg,0,6,9,0,1
P3,Faces95,evaluation,several_enrollment_photographs,sapere,sapere/sapere.9.jpg,0,1,9,0,1
P3,Faces95,evaluation,several_enrollment_photographs,sapere,sapere/sapere.10.jpg,0,5,9,0,1
P3,Faces95,evaluation,several_enrollment_photographs,sapere,sapere/sapere.11.jpg,0,7,9,0,1
P3,Faces95,evaluation,several_enrollment_photographs,sapere,sapere/sapere.12.jpg,0,4,9,0,1
P3,Faces95,evaluation,several_enrollment_photographs,sapere,sapere/sapere.13.jpg,0,6,9,0,1
P3,Faces95,evaluation,several_enrollment_photographs,sapere,sapere/sapere.14.jpg,0,4,9,0,1
P3,Faces95,evaluation,several_enrollment_photographs,sapere,sapere/sapere.15.jpg,0,5,9,0,1
P3,Faces95,evaluation,several_enrollment_photographs,sapere,sapere/sapere.16.jpg,0,5,9,0,1
P3,Faces95,evaluation,several_enrollment_photographs,sapere,sapere/sapere.17.jpg,0,3,9,0,1
P3,Faces95,evaluation,several_enrollment_photographs,sapere,sapere/sapere.18.jpg,0,6,9,0,1
P3,Faces95,evaluation,several_enrollment_photographs,sapere,sapere/sapere.19.jpg,0,7,9,0,1
P3,Faces95,evaluation,several_enrollment_photographs,sapere,sapere/sapere.20.jpg,0,6,9,0,1
P3,Faces95,evaluation,several_enrollment_photographs,sdwall,sdwall/sdwall.11.jpg,1,17,9,1,1
P3,Faces95,evaluation,several_enrollment_photographs,sdwall,sdwall/sdwall.12.jpg,1,21,9,1,1
P3,Faces95,evaluation,several_enrollment_photographs,sdwall,sdwall/sdwall.13.jpg,1,21,9,1,1
P3,Faces95,evaluation,several_enrollment_photographs,sdwall,sdwall/sdwall.14.jpg,1,23,9,1,1
P3,Faces95,evaluation,several_enrollment_photographs,sdwall,sdwall/sdwall.15.jpg,1,20,9,1,1
P3,Faces95,evaluation,several_enrollment_photographs,sdwall,sdwall/sdwall.16.jpg,1,17,9,1,1
P3,Faces95,evaluation,several_enrollment_photographs,sdwall,sdwall/sdwall.17.jpg,1,17,9,1,1
P3,Faces95,evaluation,several_enrollment_photographs,sdwall,sdwall/sdwall.18.jpg,1,21,9,1,1
P3,Faces95,evaluation,several_enrollment_photographs,sdwall,sdwall/sdwall.19.jpg,1,17,9,1,1
P3,Faces95,evaluation,several_enrollment_photographs,sdwall,sdwall/sdwall.20.jpg,1,21,9,1,1
P3,Faces95,evaluation,several_enrollment_photographs,sherbe,sherbe/sherbe.11.jpg,1,24,9,1,1
P3,Faces95,evaluation,several_enrollment_photographs,sherbe,sherbe/sherbe.12.jpg,1,21,9,1,1
P3,Faces95,evaluation,several_enrollment_photographs,sherbe,sherbe/sherbe.13.jpg,1,22,9,1,1
P3,Faces95,evaluation,several_enrollment_photographs,sherbe,sherbe/sherbe.14.jpg,1,19,9,1,1
P3,Faces95,evaluation,several_enrollment_photographs,sherbe,sherbe/sherbe.15.jpg,1,17,9,1,1
P3,Faces95,evaluation,several_enrollment_photographs,sherbe,sherbe/sherbe.16.jpg,1,15,9,1,1
P3,Faces95,evaluation,several_enrollment_photographs,sherbe,sherbe/sherbe.17.jpg,1,13,9,1,1
P3,Faces95,evaluation,several_enrollment_photographs,sherbe,sherbe/sherbe.18.jpg,1,14,9,1,1
P3,Faces95,evaluation,several_enrollment_photographs,sherbe,sherbe/sherbe.19.jpg,1,12,9,1,1
P3,Faces95,evaluation,several_enrollment_photographs,sherbe,sherbe/sherbe.20.jpg,1,16,9,1,1
P3,Faces95,evaluation,several_enrollment_photographs,simm,simm/simm.1.jpg,0,7,9,0,1
P3,Faces95,evaluation,several_enrollment_photographs,simm,simm/simm.2.jpg,0,11,9,1,0
P3,Faces95,evaluation,several_enrollment_photographs,simm,simm/simm.3.jpg,0,6,9,0,1
P3,Faces95,evaluation,several_enrollment_photographs,simm,simm/simm.4.jpg,0,9,9,1,0
P3,Faces95,evaluation,several_enrollment_photographs,simm,simm/simm.5.jpg,0,4,9,0,1
P3,Faces95,evaluation,several_enrollment_photographs,simm,simm/simm.6.jpg,0,6,9,0,1
P3,Faces95,evaluation,several_enrollment_photographs,simm,simm/simm.7.jpg,0,6,9,0,1
P3,Faces95,evaluation,several_enrollment_photographs,simm,simm/simm.8.jpg,0,7,9,0,1
P3,Faces95,evaluation,several_enrollment_photographs,simm,simm/simm.9.jpg,0,3,9,0,1
P3,Faces95,evaluation,several_enrollment_photographs,simm,simm/simm.10.jpg,0,5,9,0,1
P3,Faces95,evaluation,several_enrollment_photographs,simm,simm/simm.11.jpg,0,8,9,0,1
P3,Faces95,evaluation,several_enrollment_photographs,simm,simm/simm.12.jpg,0,4,9,0,1
P3,Faces95,evaluation,several_enrollment_photographs,simm,simm/simm.13.jpg,0,6,9,0,1
P3,Faces95,evaluation,several_enrollment_photographs,simm,simm/simm.14.jpg,0,7,9,0,1
P3,Faces95,evaluation,several_enrollment_photographs,simm,simm/simm.15.jpg,0,4,9,0,1
P3,Faces95,evaluation,several_enrollment_photographs,simm,simm/simm.16.jpg,0,7,9,0,1
P3,Faces95,evaluation,several_enrollment_photographs,simm,simm/simm.17.jpg,0,10,9,1,0
P3,Faces95,evaluation,several_enrollment_photographs,simm,simm/simm.18.jpg,0,4,9,0,1
P3,Faces95,evaluation,several_enrollment_photographs,simm,simm/simm.19.jpg,0,5,9,0,1
P3,Faces95,evaluation,several_enrollment_photographs,simm,simm/simm.20.jpg,0,7,9,0,1
P3,Faces95,evaluation,several_enrollment_photographs,sirmcb,sirmcb/sirmcb.11.jpg,1,29,9,1,1
P3,Faces95,evaluation,several_enrollment_photographs,sirmcb,sirmcb/sirmcb.12.jpg,1,34,9,1,1
P3,Faces95,evaluation,several_enrollment_photographs,sirmcb,sirmcb/sirmcb.13.jpg,1,28,9,1,1
P3,Faces95,evaluation,several_enrollment_photographs,sirmcb,sirmcb/sirmcb.14.jpg,1,28,9,1,1
P3,Faces95,evaluation,several_enrollment_photographs,sirmcb,sirmcb/sirmcb.15.jpg,1,37,9,1,1
P3,Faces95,evaluation,several_enrollment_photographs,sirmcb,sirmcb/sirmcb.16.jpg,1,28,9,1,1
P3,Faces95,evaluation,several_enrollment_photographs,sirmcb,sirmcb/sirmcb.17.jpg,1,33,9,1,1
P3,Faces95,evaluation,several_enrollment_photographs,sirmcb,sirmcb/sirmcb.18.jpg,1,39,9,1,1
P3,Faces95,evaluation,several_enrollment_photographs,sirmcb,sirmcb/sirmcb.19.jpg,1,31,9,1,1
P3,Faces95,evaluation,several_enrollment_photographs,sirmcb,sirmcb/sirmcb.20.jpg,1,30,9,1,1
P3,Faces95,evaluation,several_enrollment_photographs,smille,smille/smille.10.jpg,1,28,9,1,1
P3,Faces95,evaluation,several_enrollment_photographs,smille,smille/smille.11.jpg,1,28,9,1,1
P3,Faces95,evaluation,several_enrollment_photographs,smille,smille/smille.12.jpg,1,25,9,1,1
P3,Faces95,evaluation,several_enrollment_photographs,smille,smille/smille.13.jpg,1,18,9,1,1
P3,Faces95,evaluation,several_enrollment_photographs,smille,smille/smille.14.jpg,1,29,9,1,1
P3,Faces95,evaluation,several_enrollment_photographs,smille,smille/smille.15.jpg,1,23,9,1,1
P3,Faces95,evaluation,several_enrollment_photographs,smille,smille/smille.16.jpg,1,13,9,1,1
P3,Faces95,evaluation,several_enrollment_photographs,smille,smille/smille.18.jpg,1,21,9,1,1
P3,Faces95,evaluation,several_enrollment_photographs,smille,smille/smille.19.jpg,1,23,9,1,1
P3,Faces95,evaluation,several_enrollment_photographs,smille,smille/smille.20.jpg,1,19,9,1,1
P3,Faces95,evaluation,several_enrollment_photographs,theod,theod/theod.11.jpg,1,11,9,1,1
P3,Faces95,evaluation,several_enrollment_photographs,theod,theod/theod.12.jpg,1,17,9,1,1
P3,Faces95,evaluation,several_enrollment_photographs,theod,theod/theod.13.jpg,1,18,9,1,1
P3,Faces95,evaluation,several_enrollment_photographs,theod,theod/theod.14.jpg,1,19,9,1,1
P3,Faces95,evaluation,several_enrollment_photographs,theod,theod/theod.15.jpg,1,12,9,1,1
P3,Faces95,evaluation,several_enrollment_photographs,theod,theod/theod.16.jpg,1,16,9,1,1
P3,Faces95,evaluation,several_enrollment_photographs,theod,theod/theod.17.jpg,1,13,9,1,1
P3,Faces95,evaluation,several_enrollment_photographs,theod,theod/theod.18.jpg,1,10,9,1,1
P3,Faces95,evaluation,several_enrollment_photographs,theod,theod/theod.19.jpg,1,11,9,1,1
P3,Faces95,evaluation,several_enrollment_photographs,theod,theod/theod.20.jpg,1,11,9,1,1
P3,Faces95,evaluation,several_enrollment_photographs,tjdyke,tjdyke/tjdyke.1.jpg,0,4,9,0,1
P3,Faces95,evaluation,several_enrollment_photographs,tjdyke,tjdyke/tjdyke.2.jpg,0,4,9,0,1
P3,Faces95,evaluation,several_enrollment_photographs,tjdyke,tjdyke/tjdyke.3.jpg,0,6,9,0,1
P3,Faces95,evaluation,several_enrollment_photographs,tjdyke,tjdyke/tjdyke.4.jpg,0,7,9,0,1
P3,Faces95,evaluation,several_enrollment_photographs,tjdyke,tjdyke/tjdyke.5.jpg,0,5,9,0,1
P3,Faces95,evaluation,several_enrollment_photographs,tjdyke,tjdyke/tjdyke.6.jpg,0,9,9,1,0
P3,Faces95,evaluation,several_enrollment_photographs,tjdyke,tjdyke/tjdyke.7.jpg,0,7,9,0,1
P3,Faces95,evaluation,several_enrollment_photographs,tjdyke,tjdyke/tjdyke.8.jpg,0,3,9,0,1
P3,Faces95,evaluation,several_enrollment_photographs,tjdyke,tjdyke/tjdyke.9.jpg,0,7,9,0,1
P3,Faces95,evaluation,several_enrollment_photographs,tjdyke,tjdyke/tjdyke.10.jpg,0,7,9,0,1
P3,Faces95,evaluation,several_enrollment_photographs,tjdyke,tjdyke/tjdyke.11.jpg,0,5,9,0,1
P3,Faces95,evaluation,several_enrollment_photographs,tjdyke,tjdyke/tjdyke.12.jpg,0,9,9,1,0
P3,Faces95,evaluation,several_enrollment_photographs,tjdyke,tjdyke/tjdyke.13.jpg,0,4,9,0,1
P3,Faces95,evaluation,several_enrollment_photographs,tjdyke,tjdyke/tjdyke.14.jpg,0,4,9,0,1
P3,Faces95,evaluation,several_enrollment_photographs,tjdyke,tjdyke/tjdyke.15.jpg,0,1,9,0,1
P3,Faces95,evaluation,several_enrollment_photographs,tjdyke,tjdyke/tjdyke.16.jpg,0,5,9,0,1
P3,Faces95,evaluation,several_enrollment_photographs,tjdyke,tjdyke/tjdyke.17.jpg,0,6,9,0,1
P3,Faces95,evaluation,several_enrollment_photographs,tjdyke,tjdyke/tjdyke.18.jpg,0,5,9,0,1
P3,Faces95,evaluation,several_enrollment_photographs,tjdyke,tjdyke/tjdyke.19.jpg,0,4,9,0,1
P3,Faces95,evaluation,several_enrollment_photographs,tjdyke,tjdyke/tjdyke.20.jpg,0,5,9,0,1
P3,Faces95,evaluation,several_enrollment_photographs,vanta,vanta/vanta.11.jpg,1,25,9,1,1
P3,Faces95,evaluation,several_enrollment_photographs,vanta,vanta/vanta.12.jpg,1,16,9,1,1
P3,Faces95,evaluation,several_enrollment_photographs,vanta,vanta/vanta.13.jpg,1,29,9,1,1
P3,Faces95,evaluation,several_enrollment_photographs,vanta,vanta/vanta.14.jpg,1,19,9,1,1
P3,Faces95,evaluation,several_enrollment_photographs,vanta,vanta/vanta.15.jpg,1,18,9,1,1
P3,Faces95,evaluation,several_enrollment_photographs,vanta,vanta/vanta.16.jpg,1,25,9,1,1
P3,Faces95,evaluation,several_enrollment_photographs,vanta,vanta/vanta.17.jpg,1,21,9,1,1
P3,Faces95,evaluation,several_enrollment_photographs,vanta,vanta/vanta.18.jpg,1,19,9,1,1
P3,Faces95,evaluation,several_enrollment_photographs,vanta,vanta/vanta.19.jpg,1,22,9,1,1
P3,Faces95,evaluation,several_enrollment_photographs,vanta,vanta/vanta.20.jpg,1,18,9,1,1
P3,Faces95,evaluation,several_enrollment_photographs,wjhugh,wjhugh/wjhugh.11.jpg,1,21,9,1,1
P3,Faces95,evaluation,several_enrollment_photographs,wjhugh,wjhugh/wjhugh.12.jpg,1,18,9,1,1
P3,Faces95,evaluation,several_enrollment_photographs,wjhugh,wjhugh/wjhugh.13.jpg,1,23,9,1,1
P3,Faces95,evaluation,several_enrollment_photographs,wjhugh,wjhugh/wjhugh.14.jpg,1,21,9,1,1
P3,Faces95,evaluation,several_enrollment_photographs,wjhugh,wjhugh/wjhugh.15.jpg,1,22,9,1,1
P3,Faces95,evaluation,several_enrollment_photographs,wjhugh,wjhugh/wjhugh.16.jpg,1,22,9,1,1
P3,Faces95,evaluation,several_enrollment_photographs,wjhugh,wjhugh/wjhugh.17.jpg,1,26,9,1,1
P3,Faces95,evaluation,several_enrollment_photographs,wjhugh,wjhugh/wjhugh.18.jpg,1,23,9,1,1
P3,Faces95,evaluation,several_enrollment_photographs,wjhugh,wjhugh/wjhugh.19.jpg,1,19,9,1,1
P3,Faces95,evaluation,several_enrollment_photographs,wjhugh,wjhugh/wjhugh.20.jpg,1,17,9,1,1
P1,Faces96,evaluation,several_enrollment_photographs,9540563,9540563/9540563.1.jpg,0,76,70,1,0
P1,Faces96,evaluation,several_enrollment_photographs,9540563,9540563/9540563.2.jpg,0,68,70,0,1
P1,Faces96,evaluation,several_enrollment_photographs,9540563,9540563/9540563.3.jpg,0,62,70,0,1
P1,Faces96,evaluation,several_enrollment_photographs,9540563,9540563/9540563.4.jpg,0,72,70,1,0
P1,Faces96,evaluation,several_enrollment_photographs,9540563,9540563/9540563.6.jpg,0,83,70,1,0
P1,Faces96,evaluation,several_enrollment_photographs,9540563,9540563/9540563.7.jpg,0,72,70,1,0
P1,Faces96,evaluation,several_enrollment_photographs,9540563,9540563/9540563.8.jpg,0,73,70,1,0
P1,Faces96,evaluation,several_enrollment_photographs,9540563,9540563/9540563.9.jpg,0,69,70,0,1
P1,Faces96,evaluation,several_enrollment_photographs,9540563,9540563/9540563.10.jpg,0,75,70,1,0
P1,Faces96,evaluation,several_enrollment_photographs,9540563,9540563/9540563.11.jpg,0,71,70,1,0
P1,Faces96,evaluation,several_enrollment_photographs,9540563,9540563/9540563.12.jpg,0,75,70,1,0
P1,Faces96,evaluation,several_enrollment_photographs,9540563,9540563/9540563.13.jpg,0,68,70,0,1
P1,Faces96,evaluation,several_enrollment_photographs,9540563,9540563/9540563.14.jpg,0,79,70,1,0
P1,Faces96,evaluation,several_enrollment_photographs,9540563,9540563/9540563.15.jpg,0,74,70,1,0
P1,Faces96,evaluation,several_enrollment_photographs,9540563,9540563/9540563.16.jpg,0,76,70,1,0
P1,Faces96,evaluation,several_enrollment_photographs,9540563,9540563/9540563.17.jpg,0,65,70,0,1
P1,Faces96,evaluation,several_enrollment_photographs,9540563,9540563/9540563.18.jpg,0,69,70,0,1
P1,Faces96,evaluation,several_enrollment_photographs,9540563,9540563/9540563.20.jpg,0,73,70,1,0
P1,Faces96,evaluation,several_enrollment_photographs,9540601,9540601/9540601.11.jpg,1,81,70,1,1
P1,Faces96,evaluation,several_enrollment_photographs,9540601,9540601/9540601.12.jpg,1,74,70,1,1
P1,Faces96,evaluation,several_enrollment_photographs,9540601,9540601/9540601.13.jpg,1,73,70,1,1
P1,Faces96,evaluation,several_enrollment_photographs,9540601,9540601/9540601.14.jpg,1,71,70,1,1
P1,Faces96,evaluation,several_enrollment_photographs,9540601,9540601/9540601.15.jpg,1,70,70,1,1
P1,Faces96,evaluation,several_enrollment_photographs,9540601,9540601/9540601.16.jpg,1,76,70,1,1
P1,Faces96,evaluation,several_enrollment_photographs,9540601,9540601/9540601.17.jpg,1,77,70,1,1
P1,Faces96,evaluation,several_enrollment_photographs,9540601,9540601/9540601.18.jpg,1,78,70,1,1
P1,Faces96,evaluation,several_enrollment_photographs,9540601,9540601/9540601.19.jpg,1,77,70,1,1
P1,Faces96,evaluation,several_enrollment_photographs,9540601,9540601/9540601.20.jpg,1,81,70,1,1
P1,Faces96,evaluation,several_enrollment_photographs,9540636,9540636/9540636.11.jpg,1,74,70,1,1
P1,Faces96,evaluation,several_enrollment_photographs,9540636,9540636/9540636.12.jpg,1,71,70,1,1
P1,Faces96,evaluation,several_enrollment_photographs,9540636,9540636/9540636.13.jpg,1,92,70,1,1
P1,Faces96,evaluation,several_enrollment_photographs,9540636,9540636/9540636.14.jpg,1,83,70,1,1
P1,Faces96,evaluation,several_enrollment_photographs,9540636,9540636/9540636.15.jpg,1,81,70,1,1
P1,Faces96,evaluation,several_enrollment_photographs,9540636,9540636/9540636.16.jpg,1,89,70,1,1
P1,Faces96,evaluation,several_enrollment_photographs,9540636,9540636/9540636.17.jpg,1,85,70,1,1
P1,Faces96,evaluation,several_enrollment_photographs,9540636,9540636/9540636.18.jpg,1,87,70,1,1
P1,Faces96,evaluation,several_enrollment_photographs,9540636,9540636/9540636.19.jpg,1,87,70,1,1
P1,Faces96,evaluation,several_enrollment_photographs,9540636,9540636/9540636.20.jpg,1,82,70,1,1
P1,Faces96,evaluation,several_enrollment_photographs,9540644,9540644/9540644.1.jpg,0,89,70,1,0
P1,Faces96,evaluation,several_enrollment_photographs,9540644,9540644/9540644.2.jpg,0,96,70,1,0
P1,Faces96,evaluation,several_enrollment_photographs,9540644,9540644/9540644.3.jpg,0,97,70,1,0
P1,Faces96,evaluation,several_enrollment_photographs,9540644,9540644/9540644.4.jpg,0,84,70,1,0
P1,Faces96,evaluation,several_enrollment_photographs,9540644,9540644/9540644.5.jpg,0,79,70,1,0
P1,Faces96,evaluation,several_enrollment_photographs,9540644,9540644/9540644.6.jpg,0,75,70,1,0
P1,Faces96,evaluation,several_enrollment_photographs,9540644,9540644/9540644.7.jpg,0,81,70,1,0
P1,Faces96,evaluation,several_enrollment_photographs,9540644,9540644/9540644.8.jpg,0,77,70,1,0
P1,Faces96,evaluation,several_enrollment_photographs,9540644,9540644/9540644.9.jpg,0,92,70,1,0
P1,Faces96,evaluation,several_enrollment_photographs,9540644,9540644/9540644.10.jpg,0,82,70,1,0
P1,Faces96,evaluation,several_enrollment_photographs,9540644,9540644/9540644.11.jpg,0,84,70,1,0
P1,Faces96,evaluation,several_enrollment_photographs,9540644,9540644/9540644.12.jpg,0,80,70,1,0
P1,Faces96,evaluation,several_enrollment_photographs,9540644,9540644/9540644.13.jpg,0,88,70,1,0
P1,Faces96,evaluation,several_enrollment_photographs,9540644,9540644/9540644.14.jpg,0,95,70,1,0
P1,Faces96,evaluation,several_enrollment_photographs,9540644,9540644/9540644.15.jpg,0,94,70,1,0
P1,Faces96,evaluation,several_enrollment_photographs,9540644,9540644/9540644.16.jpg,0,93,70,1,0
P1,Faces96,evaluation,several_enrollment_photographs,9540644,9540644/9540644.17.jpg,0,90,70,1,0
P1,Faces96,evaluation,several_enrollment_photographs,9540644,9540644/9540644.18.jpg,0,91,70,1,0
P1,Faces96,evaluation,several_enrollment_photographs,9540644,9540644/9540644.19.jpg,0,81,70,1,0
P1,Faces96,evaluation,several_enrollment_photographs,9540644,9540644/9540644.20.jpg,0,84,70,1,0
P1,Faces96,evaluation,several_enrollment_photographs,9540652,9540652/9540652.11.jpg,1,102,70,1,1
P1,Faces96,evaluation,several_enrollment_photographs,9540652,9540652/9540652.12.jpg,1,98,70,1,1
P1,Faces96,evaluation,several_enrollment_photographs,9540652,9540652/9540652.13.jpg,1,97,70,1,1
P1,Faces96,evaluation,several_enrollment_photographs,9540652,9540652/9540652.14.jpg,1,107,70,1,1
P1,Faces96,evaluation,several_enrollment_photographs,9540652,9540652/9540652.15.jpg,1,101,70,1,1
P1,Faces96,evaluation,several_enrollment_photographs,9540652,9540652/9540652.16.jpg,1,103,70,1,1
P1,Faces96,evaluation,several_enrollment_photographs,9540652,9540652/9540652.17.jpg,1,100,70,1,1
P1,Faces96,evaluation,several_enrollment_photographs,9540652,9540652/9540652.18.jpg,1,97,70,1,1
P1,Faces96,evaluation,several_enrollment_photographs,9540652,9540652/9540652.19.jpg,1,90,70,1,1
P1,Faces96,evaluation,several_enrollment_photographs,9540652,9540652/9540652.20.jpg,1,89,70,1,1
P1,Faces96,evaluation,several_enrollment_photographs,9540695,9540695/9540695.11.jpg,1,77,70,1,1
P1,Faces96,evaluation,several_enrollment_photographs,9540695,9540695/9540695.12.jpg,1,85,70,1,1
P1,Faces96,evaluation,several_enrollment_photographs,9540695,9540695/9540695.13.jpg,1,74,70,1,1
P1,Faces96,evaluation,several_enrollment_photographs,9540695,9540695/9540695.14.jpg,1,76,70,1,1
P1,Faces96,evaluation,several_enrollment_photographs,9540695,9540695/9540695.15.jpg,1,78,70,1,1
P1,Faces96,evaluation,several_enrollment_photographs,9540695,9540695/9540695.16.jpg,1,78,70,1,1
P1,Faces96,evaluation,several_enrollment_photographs,9540695,9540695/9540695.17.jpg,1,71,70,1,1
P1,Faces96,evaluation,several_enrollment_photographs,9540695,9540695/9540695.18.jpg,1,76,70,1,1
P1,Faces96,evaluation,several_enrollment_photographs,9540695,9540695/9540695.19.jpg,1,80,70,1,1
P1,Faces96,evaluation,several_enrollment_photographs,9540695,9540695/9540695.20.jpg,1,70,70,1,1
P1,Faces96,evaluation,several_enrollment_photographs,9540717,9540717/9540717.11.jpg,1,91,70,1,1
P1,Faces96,evaluation,several_enrollment_photographs,9540717,9540717/9540717.12.jpg,1,95,70,1,1
P1,Faces96,evaluation,several_enrollment_photographs,9540717,9540717/9540717.13.jpg,1,101,70,1,1
P1,Faces96,evaluation,several_enrollment_photographs,9540717,9540717/9540717.14.jpg,1,92,70,1,1
P1,Faces96,evaluation,several_enrollment_photographs,9540717,9540717/9540717.15.jpg,1,91,70,1,1
P1,Faces96,evaluation,several_enrollment_photographs,9540717,9540717/9540717.16.jpg,1,87,70,1,1
P1,Faces96,evaluation,several_enrollment_photographs,9540717,9540717/9540717.17.jpg,1,93,70,1,1
P1,Faces96,evaluation,several_enrollment_photographs,9540717,9540717/9540717.18.jpg,1,83,70,1,1
P1,Faces96,evaluation,several_enrollment_photographs,9540717,9540717/9540717.19.jpg,1,85,70,1,1
P1,Faces96,evaluation,several_enrollment_photographs,9540717,9540717/9540717.20.jpg,1,81,70,1,1
P1,Faces96,evaluation,several_enrollment_photographs,9540725,9540725/9540725.11.jpg,1,90,70,1,1
P1,Faces96,evaluation,several_enrollment_photographs,9540725,9540725/9540725.12.jpg,1,102,70,1,1
P1,Faces96,evaluation,several_enrollment_photographs,9540725,9540725/9540725.13.jpg,1,100,70,1,1
P1,Faces96,evaluation,several_enrollment_photographs,9540725,9540725/9540725.14.jpg,1,88,70,1,1
P1,Faces96,evaluation,several_enrollment_photographs,9540725,9540725/9540725.15.jpg,1,101,70,1,1
P1,Faces96,evaluation,several_enrollment_photographs,9540725,9540725/9540725.16.jpg,1,96,70,1,1
P1,Faces96,evaluation,several_enrollment_photographs,9540725,9540725/9540725.17.jpg,1,97,70,1,1
P1,Faces96,evaluation,several_enrollment_photographs,9540725,9540725/9540725.18.jpg,1,87,70,1,1
P1,Faces96,evaluation,several_enrollment_photographs,9540725,9540725/9540725.19.jpg,1,90,70,1,1
P1,Faces96,evaluation,several_enrollment_photographs,9540725,9540725/9540725.20.jpg,1,99,70,1,1
P1,Faces96,evaluation,several_enrollment_photographs,9540733,9540733/9540733.1.jpg,0,78,70,1,0
P1,Faces96,evaluation,several_enrollment_photographs,9540733,9540733/9540733.2.jpg,0,76,70,1,0
P1,Faces96,evaluation,several_enrollment_photographs,9540733,9540733/9540733.3.jpg,0,77,70,1,0
P1,Faces96,evaluation,several_enrollment_photographs,9540733,9540733/9540733.4.jpg,0,86,70,1,0
P1,Faces96,evaluation,several_enrollment_photographs,9540733,9540733/9540733.5.jpg,0,84,70,1,0
P1,Faces96,evaluation,several_enrollment_photographs,9540733,9540733/9540733.6.jpg,0,86,70,1,0
P1,Faces96,evaluation,several_enrollment_photographs,9540733,9540733/9540733.7.jpg,0,81,70,1,0
P1,Faces96,evaluation,several_enrollment_photographs,9540733,9540733/9540733.8.jpg,0,71,70,1,0
P1,Faces96,evaluation,several_enrollment_photographs,9540733,9540733/9540733.9.jpg,0,78,70,1,0
P1,Faces96,evaluation,several_enrollment_photographs,9540733,9540733/9540733.10.jpg,0,84,70,1,0
P1,Faces96,evaluation,several_enrollment_photographs,9540733,9540733/9540733.11.jpg,0,76,70,1,0
P1,Faces96,evaluation,several_enrollment_photographs,9540733,9540733/9540733.12.jpg,0,73,70,1,0
P1,Faces96,evaluation,several_enrollment_photographs,9540733,9540733/9540733.13.jpg,0,84,70,1,0
P1,Faces96,evaluation,several_enrollment_photographs,9540733,9540733/9540733.14.jpg,0,75,70,1,0
P1,Faces96,evaluation,several_enrollment_photographs,9540733,9540733/9540733.15.jpg,0,76,70,1,0
P1,Faces96,evaluation,several_enrollment_photographs,9540733,9540733/9540733.16.jpg,0,76,70,1,0
P1,Faces96,evaluation,several_enrollment_photographs,9540733,9540733/9540733.17.jpg,0,75,70,1,0
P1,Faces96,evaluation,several_enrollment_photographs,9540733,9540733/9540733.18.jpg,0,78,70,1,0
P1,Faces96,evaluation,several_enrollment_photographs,9540733,9540733/9540733.19.jpg,0,77,70,1,0
P1,Faces96,evaluation,several_enrollment_photographs,9540733,9540733/9540733.20.jpg,0,74,70,1,0
P1,Faces96,evaluation,several_enrollment_photographs,9540741,9540741/9540741.11.jpg,1,84,70,1,1
P1,Faces96,evaluation,several_enrollment_photographs,9540741,9540741/9540741.12.jpg,1,92,70,1,1
P1,Faces96,evaluation,several_enrollment_photographs,9540741,9540741/9540741.13.jpg,1,95,70,1,1
P1,Faces96,evaluation,several_enrollment_photographs,9540741,9540741/9540741.14.jpg,1,102,70,1,1
P1,Faces96,evaluation,several_enrollment_photographs,9540741,9540741/9540741.15.jpg,1,99,70,1,1
P1,Faces96,evaluation,several_enrollment_photographs,9540741,9540741/9540741.16.jpg,1,105,70,1,1
P1,Faces96,evaluation,several_enrollment_photographs,9540741,9540741/9540741.17.jpg,1,111,70,1,1
P1,Faces96,evaluation,several_enrollment_photographs,9540741,9540741/9540741.18.jpg,1,107,70,1,1
P1,Faces96,evaluation,several_enrollment_photographs,9540741,9540741/9540741.19.jpg,1,107,70,1,1
P1,Faces96,evaluation,several_enrollment_photographs,9540741,9540741/9540741.20.jpg,1,99,70,1,1
P1,Faces96,evaluation,several_enrollment_photographs,9540792,9540792/9540792.11.jpg,1,111,70,1,1
P1,Faces96,evaluation,several_enrollment_photographs,9540792,9540792/9540792.12.jpg,1,113,70,1,1
P1,Faces96,evaluation,several_enrollment_photographs,9540792,9540792/9540792.13.jpg,1,111,70,1,1
P1,Faces96,evaluation,several_enrollment_photographs,9540792,9540792/9540792.14.jpg,1,108,70,1,1
P1,Faces96,evaluation,several_enrollment_photographs,9540792,9540792/9540792.15.jpg,1,113,70,1,1
P1,Faces96,evaluation,several_enrollment_photographs,9540792,9540792/9540792.16.jpg,1,114,70,1,1
P1,Faces96,evaluation,several_enrollment_photographs,9540792,9540792/9540792.17.jpg,1,96,70,1,1
P1,Faces96,evaluation,several_enrollment_photographs,9540792,9540792/9540792.18.jpg,1,106,70,1,1
P1,Faces96,evaluation,several_enrollment_photographs,9540792,9540792/9540792.19.jpg,1,100,70,1,1
P1,Faces96,evaluation,several_enrollment_photographs,9540792,9540792/9540792.20.jpg,1,102,70,1,1
P1,Faces96,evaluation,several_enrollment_photographs,9540822,9540822/9540822.1.jpg,0,90,70,1,0
P1,Faces96,evaluation,several_enrollment_photographs,9540822,9540822/9540822.2.jpg,0,99,70,1,0
P1,Faces96,evaluation,several_enrollment_photographs,9540822,9540822/9540822.3.jpg,0,87,70,1,0
P1,Faces96,evaluation,several_enrollment_photographs,9540822,9540822/9540822.4.jpg,0,98,70,1,0
P1,Faces96,evaluation,several_enrollment_photographs,9540822,9540822/9540822.5.jpg,0,95,70,1,0
P1,Faces96,evaluation,several_enrollment_photographs,9540822,9540822/9540822.6.jpg,0,95,70,1,0
P1,Faces96,evaluation,several_enrollment_photographs,9540822,9540822/9540822.7.jpg,0,87,70,1,0
P1,Faces96,evaluation,several_enrollment_photographs,9540822,9540822/9540822.8.jpg,0,90,70,1,0
P1,Faces96,evaluation,several_enrollment_photographs,9540822,9540822/9540822.9.jpg,0,94,70,1,0
P1,Faces96,evaluation,several_enrollment_photographs,9540822,9540822/9540822.10.jpg,0,98,70,1,0
P1,Faces96,evaluation,several_enrollment_photographs,9540822,9540822/9540822.11.jpg,0,89,70,1,0
P1,Faces96,evaluation,several_enrollment_photographs,9540822,9540822/9540822.12.jpg,0,101,70,1,0
P1,Faces96,evaluation,several_enrollment_photographs,9540822,9540822/9540822.13.jpg,0,97,70,1,0
P1,Faces96,evaluation,several_enrollment_photographs,9540822,9540822/9540822.14.jpg,0,96,70,1,0
P1,Faces96,evaluation,several_enrollment_photographs,9540822,9540822/9540822.15.jpg,0,102,70,1,0
P1,Faces96,evaluation,several_enrollment_photographs,9540822,9540822/9540822.16.jpg,0,91,70,1,0
P1,Faces96,evaluation,several_enrollment_photographs,9540822,9540822/9540822.17.jpg,0,93,70,1,0
P1,Faces96,evaluation,several_enrollment_photographs,9540822,9540822/9540822.18.jpg,0,90,70,1,0
P1,Faces96,evaluation,several_enrollment_photographs,9540822,9540822/9540822.19.jpg,0,90,70,1,0
P1,Faces96,evaluation,several_enrollment_photographs,9540822,9540822/9540822.20.jpg,0,93,70,1,0
P1,Faces96,evaluation,several_enrollment_photographs,9540849,9540849/9540849.1.jpg,0,106,70,1,0
P1,Faces96,evaluation,several_enrollment_photographs,9540849,9540849/9540849.2.jpg,0,100,70,1,0
P1,Faces96,evaluation,several_enrollment_photographs,9540849,9540849/9540849.3.jpg,0,96,70,1,0
P1,Faces96,evaluation,several_enrollment_photographs,9540849,9540849/9540849.4.jpg,0,106,70,1,0
P1,Faces96,evaluation,several_enrollment_photographs,9540849,9540849/9540849.5.jpg,0,104,70,1,0
P1,Faces96,evaluation,several_enrollment_photographs,9540849,9540849/9540849.6.jpg,0,106,70,1,0
P1,Faces96,evaluation,several_enrollment_photographs,9540849,9540849/9540849.7.jpg,0,101,70,1,0
P1,Faces96,evaluation,several_enrollment_photographs,9540849,9540849/9540849.8.jpg,0,105,70,1,0
P1,Faces96,evaluation,several_enrollment_photographs,9540849,9540849/9540849.9.jpg,0,104,70,1,0
P1,Faces96,evaluation,several_enrollment_photographs,9540849,9540849/9540849.10.jpg,0,103,70,1,0
P1,Faces96,evaluation,several_enrollment_photographs,9540849,9540849/9540849.11.jpg,0,106,70,1,0
P1,Faces96,evaluation,several_enrollment_photographs,9540849,9540849/9540849.12.jpg,0,92,70,1,0
P1,Faces96,evaluation,several_enrollment_photographs,9540849,9540849/9540849.13.jpg,0,97,70,1,0
P1,Faces96,evaluation,several_enrollment_photographs,9540849,9540849/9540849.14.jpg,0,102,70,1,0
P1,Faces96,evaluation,several_enrollment_photographs,9540849,9540849/9540849.15.jpg,0,105,70,1,0
P1,Faces96,evaluation,several_enrollment_photographs,9540849,9540849/9540849.16.jpg,0,94,70,1,0
P1,Faces96,evaluation,several_enrollment_photographs,9540849,9540849/9540849.17.jpg,0,95,70,1,0
P1,Faces96,evaluation,several_enrollment_photographs,9540849,9540849/9540849.18.jpg,0,96,70,1,0
P1,Faces96,evaluation,several_enrollment_photographs,9540849,9540849/9540849.19.jpg,0,100,70,1,0
P1,Faces96,evaluation,several_enrollment_photographs,9540849,9540849/9540849.20.jpg,0,93,70,1,0
P1,Faces96,evaluation,several_enrollment_photographs,9602283,9602283/9602283.11.jpg,1,103,70,1,1
P1,Faces96,evaluation,several_enrollment_photographs,9602283,9602283/9602283.12.jpg,1,101,70,1,1
P1,Faces96,evaluation,several_enrollment_photographs,9602283,9602283/9602283.13.jpg,1,84,70,1,1
P1,Faces96,evaluation,several_enrollment_photographs,9602283,9602283/9602283.14.jpg,1,90,70,1,1
P1,Faces96,evaluation,several_enrollment_photographs,9602283,9602283/9602283.15.jpg,1,91,70,1,1
P1,Faces96,evaluation,several_enrollment_photographs,9602283,9602283/9602283.16.jpg,1,97,70,1,1
P1,Faces96,evaluation,several_enrollment_photographs,9602283,9602283/9602283.17.jpg,1,87,70,1,1
P1,Faces96,evaluation,several_enrollment_photographs,9602283,9602283/9602283.18.jpg,1,89,70,1,1
P1,Faces96,evaluation,several_enrollment_photographs,9602283,9602283/9602283.19.jpg,1,88,70,1,1
P1,Faces96,evaluation,several_enrollment_photographs,9602283,9602283/9602283.20.jpg,1,88,70,1,1
P1,Faces96,evaluation,several_enrollment_photographs,9630643,9630643/9630643.11.jpg,1,86,70,1,1
P1,Faces96,evaluation,several_enrollment_photographs,9630643,9630643/9630643.12.jpg,1,82,70,1,1
P1,Faces96,evaluation,several_enrollment_photographs,9630643,9630643/9630643.13.jpg,1,78,70,1,1
P1,Faces96,evaluation,several_enrollment_photographs,9630643,9630643/9630643.14.jpg,1,67,70,0,0
P1,Faces96,evaluation,several_enrollment_photographs,9630643,9630643/9630643.15.jpg,1,68,70,0,0
P1,Faces96,evaluation,several_enrollment_photographs,9630643,9630643/9630643.16.jpg,1,67,70,0,0
P1,Faces96,evaluation,several_enrollment_photographs,9630643,9630643/9630643.17.jpg,1,63,70,0,0
P1,Faces96,evaluation,several_enrollment_photographs,9630643,9630643/9630643.18.jpg,1,67,70,0,0
P1,Faces96,evaluation,several_enrollment_photographs,9630643,9630643/9630643.19.jpg,1,69,70,0,0
P1,Faces96,evaluation,several_enrollment_photographs,9630643,9630643/9630643.20.jpg,1,64,70,0,0
P1,Faces96,evaluation,several_enrollment_photographs,adpoun,adpoun/adpoun.11.jpg,1,90,70,1,1
P1,Faces96,evaluation,several_enrollment_photographs,adpoun,adpoun/adpoun.12.jpg,1,86,70,1,1
P1,Faces96,evaluation,several_enrollment_photographs,adpoun,adpoun/adpoun.13.jpg,1,80,70,1,1
P1,Faces96,evaluation,several_enrollment_photographs,adpoun,adpoun/adpoun.14.jpg,1,80,70,1,1
P1,Faces96,evaluation,several_enrollment_photographs,adpoun,adpoun/adpoun.15.jpg,1,88,70,1,1
P1,Faces96,evaluation,several_enrollment_photographs,adpoun,adpoun/adpoun.16.jpg,1,84,70,1,1
P1,Faces96,evaluation,several_enrollment_photographs,adpoun,adpoun/adpoun.17.jpg,1,79,70,1,1
P1,Faces96,evaluation,several_enrollment_photographs,adpoun,adpoun/adpoun.18.jpg,1,77,70,1,1
P1,Faces96,evaluation,several_enrollment_photographs,adpoun,adpoun/adpoun.19.jpg,1,73,70,1,1
P1,Faces96,evaluation,several_enrollment_photographs,adpoun,adpoun/adpoun.20.jpg,1,89,70,1,1
P1,Faces96,evaluation,several_enrollment_photographs,akopci,akopci/akopci.11.jpg,1,96,70,1,1
P1,Faces96,evaluation,several_enrollment_photographs,akopci,akopci/akopci.12.jpg,1,85,70,1,1
P1,Faces96,evaluation,several_enrollment_photographs,akopci,akopci/akopci.13.jpg,1,88,70,1,1
P1,Faces96,evaluation,several_enrollment_photographs,akopci,akopci/akopci.14.jpg,1,75,70,1,1
P1,Faces96,evaluation,several_enrollment_photographs,akopci,akopci/akopci.15.jpg,1,73,70,1,1
P1,Faces96,evaluation,several_enrollment_photographs,akopci,akopci/akopci.16.jpg,1,70,70,1,1
P1,Faces96,evaluation,several_enrollment_photographs,akopci,akopci/akopci.17.jpg,1,78,70,1,1
P1,Faces96,evaluation,several_enrollment_photographs,akopci,akopci/akopci.18.jpg,1,74,70,1,1
P1,Faces96,evaluation,several_enrollment_photographs,akopci,akopci/akopci.19.jpg,1,73,70,1,1
P1,Faces96,evaluation,several_enrollment_photographs,akopci,akopci/akopci.20.jpg,1,78,70,1,1
P1,Faces96,evaluation,several_enrollment_photographs,amflem,amflem/amflem.11.jpg,1,97,70,1,1
P1,Faces96,evaluation,several_enrollment_photographs,amflem,amflem/amflem.12.jpg,1,109,70,1,1
P1,Faces96,evaluation,several_enrollment_photographs,amflem,amflem/amflem.13.jpg,1,91,70,1,1
P1,Faces96,evaluation,several_enrollment_photographs,amflem,amflem/amflem.14.jpg,1,94,70,1,1
P1,Faces96,evaluation,several_enrollment_photographs,amflem,amflem/amflem.15.jpg,1,93,70,1,1
P1,Faces96,evaluation,several_enrollment_photographs,amflem,amflem/amflem.16.jpg,1,105,70,1,1
P1,Faces96,evaluation,several_enrollment_photographs,amflem,amflem/amflem.17.jpg,1,96,70,1,1
P1,Faces96,evaluation,several_enrollment_photographs,amflem,amflem/amflem.18.jpg,1,103,70,1,1
P1,Faces96,evaluation,several_enrollment_photographs,amflem,amflem/amflem.19.jpg,1,90,70,1,1
P1,Faces96,evaluation,several_enrollment_photographs,amflem,amflem/amflem.20.jpg,1,104,70,1,1
P1,Faces96,evaluation,several_enrollment_photographs,amtalb,amtalb/amtalb.11.jpg,1,125,70,1,1
P1,Faces96,evaluation,several_enrollment_photographs,amtalb,amtalb/amtalb.12.jpg,1,120,70,1,1
P1,Faces96,evaluation,several_enrollment_photographs,amtalb,amtalb/amtalb.13.jpg,1,118,70,1,1
P1,Faces96,evaluation,several_enrollment_photographs,amtalb,amtalb/amtalb.14.jpg,1,115,70,1,1
P1,Faces96,evaluation,several_enrollment_photographs,amtalb,amtalb/amtalb.15.jpg,1,111,70,1,1
P1,Faces96,evaluation,several_enrollment_photographs,amtalb,amtalb/amtalb.16.jpg,1,118,70,1,1
P1,Faces96,evaluation,several_enrollment_photographs,amtalb,amtalb/amtalb.17.jpg,1,118,70,1,1
P1,Faces96,evaluation,several_enrollment_photographs,amtalb,amtalb/amtalb.18.jpg,1,117,70,1,1
P1,Faces96,evaluation,several_enrollment_photographs,amtalb,amtalb/amtalb.19.jpg,1,114,70,1,1
P1,Faces96,evaluation,several_enrollment_photographs,amtalb,amtalb/amtalb.20.jpg,1,113,70,1,1
P1,Faces96,evaluation,several_enrollment_photographs,arwebb,arwebb/arwebb.1.jpg,0,74,70,1,0
P1,Faces96,evaluation,several_enrollment_photographs,arwebb,arwebb/arwebb.2.jpg,0,82,70,1,0
P1,Faces96,evaluation,several_enrollment_photographs,arwebb,arwebb/arwebb.3.jpg,0,68,70,0,1
P1,Faces96,evaluation,several_enrollment_photographs,arwebb,arwebb/arwebb.4.jpg,0,69,70,0,1
P1,Faces96,evaluation,several_enrollment_photographs,arwebb,arwebb/arwebb.5.jpg,0,72,70,1,0
P1,Faces96,evaluation,several_enrollment_photographs,arwebb,arwebb/arwebb.6.jpg,0,88,70,1,0
P1,Faces96,evaluation,several_enrollment_photographs,arwebb,arwebb/arwebb.7.jpg,0,70,70,1,0
P1,Faces96,evaluation,several_enrollment_photographs,arwebb,arwebb/arwebb.8.jpg,0,69,70,0,1
P1,Faces96,evaluation,several_enrollment_photographs,arwebb,arwebb/arwebb.9.jpg,0,78,70,1,0
P1,Faces96,evaluation,several_enrollment_photographs,arwebb,arwebb/arwebb.10.jpg,0,73,70,1,0
P1,Faces96,evaluation,several_enrollment_photographs,arwebb,arwebb/arwebb.11.jpg,0,78,70,1,0
P1,Faces96,evaluation,several_enrollment_photographs,arwebb,arwebb/arwebb.12.jpg,0,81,70,1,0
P1,Faces96,evaluation,several_enrollment_photographs,arwebb,arwebb/arwebb.13.jpg,0,84,70,1,0
P1,Faces96,evaluation,several_enrollment_photographs,arwebb,arwebb/arwebb.14.jpg,0,80,70,1,0
P1,Faces96,evaluation,several_enrollment_photographs,arwebb,arwebb/arwebb.15.jpg,0,74,70,1,0
P1,Faces96,evaluation,several_enrollment_photographs,arwebb,arwebb/arwebb.16.jpg,0,59,70,0,1
P1,Faces96,evaluation,several_enrollment_photographs,arwebb,arwebb/arwebb.17.jpg,0,65,70,0,1
P1,Faces96,evaluation,several_enrollment_photographs,arwebb,arwebb/arwebb.18.jpg,0,81,70,1,0
P1,Faces96,evaluation,several_enrollment_photographs,arwebb,arwebb/arwebb.19.jpg,0,75,70,1,0
P1,Faces96,evaluation,several_enrollment_photographs,arwebb,arwebb/arwebb.20.jpg,0,79,70,1,0
P1,Faces96,evaluation,several_enrollment_photographs,atfpou,atfpou/atfpou.11.jpg,1,102,70,1,1
P1,Faces96,evaluation,several_enrollment_photographs,atfpou,atfpou/atfpou.12.jpg,1,103,70,1,1
P1,Faces96,evaluation,several_enrollment_photographs,atfpou,atfpou/atfpou.13.jpg,1,98,70,1,1
P1,Faces96,evaluation,several_enrollment_photographs,atfpou,atfpou/atfpou.14.jpg,1,105,70,1,1
P1,Faces96,evaluation,several_enrollment_photographs,atfpou,atfpou/atfpou.15.jpg,1,104,70,1,1
P1,Faces96,evaluation,several_enrollment_photographs,atfpou,atfpou/atfpou.16.jpg,1,105,70,1,1
P1,Faces96,evaluation,several_enrollment_photographs,atfpou,atfpou/atfpou.17.jpg,1,105,70,1,1
P1,Faces96,evaluation,several_enrollment_photographs,atfpou,atfpou/atfpou.18.jpg,1,108,70,1,1
P1,Faces96,evaluation,several_enrollment_photographs,atfpou,atfpou/atfpou.19.jpg,1,99,70,1,1
P1,Faces96,evaluation,several_enrollment_photographs,atfpou,atfpou/atfpou.20.jpg,1,102,70,1,1
P1,Faces96,evaluation,several_enrollment_photographs,cowie,cowie/cowie.11.jpg,1,88,70,1,1
P1,Faces96,evaluation,several_enrollment_photographs,cowie,cowie/cowie.12.jpg,1,83,70,1,1
P1,Faces96,evaluation,several_enrollment_photographs,cowie,cowie/cowie.13.jpg,1,88,70,1,1
P1,Faces96,evaluation,several_enrollment_photographs,cowie,cowie/cowie.14.jpg,1,96,70,1,1
P1,Faces96,evaluation,several_enrollment_photographs,cowie,cowie/cowie.15.jpg,1,92,70,1,1
P1,Faces96,evaluation,several_enrollment_photographs,cowie,cowie/cowie.16.jpg,1,85,70,1,1
P1,Faces96,evaluation,several_enrollment_photographs,cowie,cowie/cowie.17.jpg,1,96,70,1,1
P1,Faces96,evaluation,several_enrollment_photographs,cowie,cowie/cowie.18.jpg,1,90,70,1,1
P1,Faces96,evaluation,several_enrollment_photographs,cowie,cowie/cowie.19.jpg,1,95,70,1,1
P1,Faces96,evaluation,several_enrollment_photographs,cowie,cowie/cowie.20.jpg,1,93,70,1,1
P1,Faces96,evaluation,several_enrollment_photographs,cpatki,cpatki/cpatki.11.jpg,1,99,70,1,1
P1,Faces96,evaluation,several_enrollment_photographs,cpatki,cpatki/cpatki.12.jpg,1,111,70,1,1
P1,Faces96,evaluation,several_enrollment_photographs,cpatki,cpatki/cpatki.13.jpg,1,115,70,1,1
P1,Faces96,evaluation,several_enrollment_photographs,cpatki,cpatki/cpatki.14.jpg,1,104,70,1,1
P1,Faces96,evaluation,several_enrollment_photographs,cpatki,cpatki/cpatki.15.jpg,1,105,70,1,1
P1,Faces96,evaluation,several_enrollment_photographs,cpatki,cpatki/cpatki.16.jpg,1,114,70,1,1
P1,Faces96,evaluation,several_enrollment_photographs,cpatki,cpatki/cpatki.17.jpg,1,98,70,1,1
P1,Faces96,evaluation,several_enrollment_photographs,cpatki,cpatki/cpatki.18.jpg,1,98,70,1,1
P1,Faces96,evaluation,several_enrollment_photographs,cpatki,cpatki/cpatki.19.jpg,1,113,70,1,1
P1,Faces96,evaluation,several_enrollment_photographs,cpatki,cpatki/cpatki.20.jpg,1,100,70,1,1
P1,Faces96,evaluation,several_enrollment_photographs,cprice,cprice/cprice.11.jpg,1,119,70,1,1
P1,Faces96,evaluation,several_enrollment_photographs,cprice,cprice/cprice.12.jpg,1,122,70,1,1
P1,Faces96,evaluation,several_enrollment_photographs,cprice,cprice/cprice.13.jpg,1,124,70,1,1
P1,Faces96,evaluation,several_enrollment_photographs,cprice,cprice/cprice.14.jpg,1,115,70,1,1
P1,Faces96,evaluation,several_enrollment_photographs,cprice,cprice/cprice.15.jpg,1,111,70,1,1
P1,Faces96,evaluation,several_enrollment_photographs,cprice,cprice/cprice.16.jpg,1,119,70,1,1
P1,Faces96,evaluation,several_enrollment_photographs,cprice,cprice/cprice.17.jpg,1,114,70,1,1
P1,Faces96,evaluation,several_enrollment_photographs,cprice,cprice/cprice.18.jpg,1,119,70,1,1
P1,Faces96,evaluation,several_enrollment_photographs,cprice,cprice/cprice.19.jpg,1,118,70,1,1
P1,Faces96,evaluation,several_enrollment_photographs,cprice,cprice/cprice.20.jpg,1,117,70,1,1
P1,Faces96,evaluation,several_enrollment_photographs,dhaydo,dhaydo/dhaydo.11.jpg,1,102,70,1,1
P1,Faces96,evaluation,several_enrollment_photographs,dhaydo,dhaydo/dhaydo.12.jpg,1,116,70,1,1
P1,Faces96,evaluation,several_enrollment_photographs,dhaydo,dhaydo/dhaydo.13.jpg,1,96,70,1,1
P1,Faces96,evaluation,several_enrollment_photographs,dhaydo,dhaydo/dhaydo.14.jpg,1,93,70,1,1
P1,Faces96,evaluation,several_enrollment_photographs,dhaydo,dhaydo/dhaydo.15.jpg,1,83,70,1,1
P1,Faces96,evaluation,several_enrollment_photographs,dhaydo,dhaydo/dhaydo.16.jpg,1,86,70,1,1
P1,Faces96,evaluation,several_enrollment_photographs,dhaydo,dhaydo/dhaydo.17.jpg,1,96,70,1,1
P1,Faces96,evaluation,several_enrollment_photographs,dhaydo,dhaydo/dhaydo.18.jpg,1,93,70,1,1
P1,Faces96,evaluation,several_enrollment_photographs,dhaydo,dhaydo/dhaydo.19.jpg,1,95,70,1,1
P1,Faces96,evaluation,several_enrollment_photographs,dhaydo,dhaydo/dhaydo.20.jpg,1,93,70,1,1
P1,Faces96,evaluation,several_enrollment_photographs,djpben,djpben/djpben.11.jpg,1,91,70,1,1
P1,Faces96,evaluation,several_enrollment_photographs,djpben,djpben/djpben.12.jpg,1,91,70,1,1
P1,Faces96,evaluation,several_enrollment_photographs,djpben,djpben/djpben.13.jpg,1,79,70,1,1
P1,Faces96,evaluation,several_enrollment_photographs,djpben,djpben/djpben.14.jpg,1,87,70,1,1
P1,Faces96,evaluation,several_enrollment_photographs,djpben,djpben/djpben.15.jpg,1,80,70,1,1
P1,Faces96,evaluation,several_enrollment_photographs,djpben,djpben/djpben.16.jpg,1,84,70,1,1
P1,Faces96,evaluation,several_enrollment_photographs,djpben,djpben/djpben.17.jpg,1,83,70,1,1
P1,Faces96,evaluation,several_enrollment_photographs,djpben,djpben/djpben.18.jpg,1,86,70,1,1
P1,Faces96,evaluation,several_enrollment_photographs,djpben,djpben/djpben.19.jpg,1,81,70,1,1
P1,Faces96,evaluation,several_enrollment_photographs,djpben,djpben/djpben.20.jpg,1,82,70,1,1
P1,Faces96,evaluation,several_enrollment_photographs,djtye,djtye/djtye.1.jpg,0,75,70,1,0
P1,Faces96,evaluation,several_enrollment_photographs,djtye,djtye/djtye.2.jpg,0,74,70,1,0
P1,Faces96,evaluation,several_enrollment_photographs,djtye,djtye/djtye.3.jpg,0,77,70,1,0
P1,Faces96,evaluation,several_enrollment_photographs,djtye,djtye/djtye.4.jpg,0,75,70,1,0
P1,Faces96,evaluation,several_enrollment_photographs,djtye,djtye/djtye.5.jpg,0,75,70,1,0
P1,Faces96,evaluation,several_enrollment_photographs,djtye,djtye/djtye.6.jpg,0,81,70,1,0
P1,Faces96,evaluation,several_enrollment_photographs,djtye,djtye/djtye.7.jpg,0,78,70,1,0
P1,Faces96,evaluation,several_enrollment_photographs,djtye,djtye/djtye.8.jpg,0,70,70,1,0
P1,Faces96,evaluation,several_enrollment_photographs,djtye,djtye/djtye.9.jpg,0,65,70,0,1
P1,Faces96,evaluation,several_enrollment_photographs,djtye,djtye/djtye.10.jpg,0,64,70,0,1
P1,Faces96,evaluation,several_enrollment_photographs,djtye,djtye/djtye.11.jpg,0,60,70,0,1
P1,Faces96,evaluation,several_enrollment_photographs,djtye,djtye/djtye.12.jpg,0,65,70,0,1
P1,Faces96,evaluation,several_enrollment_photographs,djtye,djtye/djtye.13.jpg,0,62,70,0,1
P1,Faces96,evaluation,several_enrollment_photographs,djtye,djtye/djtye.14.jpg,0,65,70,0,1
P1,Faces96,evaluation,several_enrollment_photographs,djtye,djtye/djtye.15.jpg,0,62,70,0,1
P1,Faces96,evaluation,several_enrollment_photographs,djtye,djtye/djtye.16.jpg,0,60,70,0,1
P1,Faces96,evaluation,several_enrollment_photographs,djtye,djtye/djtye.17.jpg,0,63,70,0,1
P1,Faces96,evaluation,several_enrollment_photographs,djtye,djtye/djtye.18.jpg,0,62,70,0,1
P1,Faces96,evaluation,several_enrollment_photographs,djtye,djtye/djtye.19.jpg,0,59,70,0,1
P1,Faces96,evaluation,several_enrollment_photographs,djtye,djtye/djtye.20.jpg,0,63,70,0,1
P1,Faces96,evaluation,several_enrollment_photographs,dkourkf,dkourkf/dkourkf.1.jpg,0,81,70,1,0
P1,Faces96,evaluation,several_enrollment_photographs,dkourkf,dkourkf/dkourkf.2.jpg,0,77,70,1,0
P1,Faces96,evaluation,several_enrollment_photographs,dkourkf,dkourkf/dkourkf.3.jpg,0,81,70,1,0
P1,Faces96,evaluation,several_enrollment_photographs,dkourkf,dkourkf/dkourkf.4.jpg,0,79,70,1,0
P1,Faces96,evaluation,several_enrollment_photographs,dkourkf,dkourkf/dkourkf.5.jpg,0,84,70,1,0
P1,Faces96,evaluation,several_enrollment_photographs,dkourkf,dkourkf/dkourkf.6.jpg,0,70,70,1,0
P1,Faces96,evaluation,several_enrollment_photographs,dkourkf,dkourkf/dkourkf.7.jpg,0,66,70,0,1
P1,Faces96,evaluation,several_enrollment_photographs,dkourkf,dkourkf/dkourkf.8.jpg,0,72,70,1,0
P1,Faces96,evaluation,several_enrollment_photographs,dkourkf,dkourkf/dkourkf.9.jpg,0,73,70,1,0
P1,Faces96,evaluation,several_enrollment_photographs,dkourkf,dkourkf/dkourkf.10.jpg,0,81,70,1,0
P1,Faces96,evaluation,several_enrollment_photographs,dkourkf,dkourkf/dkourkf.11.jpg,0,68,70,0,1
P1,Faces96,evaluation,several_enrollment_photographs,dkourkf,dkourkf/dkourkf.12.jpg,0,73,70,1,0
P1,Faces96,evaluation,several_enrollment_photographs,dkourkf,dkourkf/dkourkf.13.jpg,0,71,70,1,0
P1,Faces96,evaluation,several_enrollment_photographs,dkourkf,dkourkf/dkourkf.14.jpg,0,65,70,0,1
P1,Faces96,evaluation,several_enrollment_photographs,dkourkf,dkourkf/dkourkf.15.jpg,0,67,70,0,1
P1,Faces96,evaluation,several_enrollment_photographs,dkourkf,dkourkf/dkourkf.16.jpg,0,63,70,0,1
P1,Faces96,evaluation,several_enrollment_photographs,dkourkf,dkourkf/dkourkf.17.jpg,0,69,70,0,1
P1,Faces96,evaluation,several_enrollment_photographs,dkourkf,dkourkf/dkourkf.18.jpg,0,70,70,1,0
P1,Faces96,evaluation,several_enrollment_photographs,dkourkf,dkourkf/dkourkf.19.jpg,0,66,70,0,1
P1,Faces96,evaluation,several_enrollment_photographs,dkourkf,dkourkf/dkourkf.20.jpg,0,69,70,0,1
P1,Faces96,evaluation,several_enrollment_photographs,dlwise,dlwise/dlwise.11.jpg,1,98,70,1,1
P1,Faces96,evaluation,several_enrollment_photographs,dlwise,dlwise/dlwise.12.jpg,1,101,70,1,1
P1,Faces96,evaluation,several_enrollment_photographs,dlwise,dlwise/dlwise.13.jpg,1,86,70,1,1
P1,Faces96,evaluation,several_enrollment_photographs,dlwise,dlwise/dlwise.14.jpg,1,92,70,1,1
P1,Faces96,evaluation,several_enrollment_photographs,dlwise,dlwise/dlwise.15.jpg,1,79,70,1,1
P1,Faces96,evaluation,several_enrollment_photographs,dlwise,dlwise/dlwise.16.jpg,1,83,70,1,1
P1,Faces96,evaluation,several_enrollment_photographs,dlwise,dlwise/dlwise.17.jpg,1,71,70,1,1
P1,Faces96,evaluation,several_enrollment_photographs,dlwise,dlwise/dlwise.18.jpg,1,82,70,1,1
P1,Faces96,evaluation,several_enrollment_photographs,dlwise,dlwise/dlwise.19.jpg,1,76,70,1,1
P1,Faces96,evaluation,several_enrollment_photographs,dlwise,dlwise/dlwise.20.jpg,1,76,70,1,1
P1,Faces96,evaluation,several_enrollment_photographs,dnoguy,dnoguy/dnoguy.11.jpg,1,91,70,1,1
P1,Faces96,evaluation,several_enrollment_photographs,dnoguy,dnoguy/dnoguy.12.jpg,1,87,70,1,1
P1,Faces96,evaluation,several_enrollment_photographs,dnoguy,dnoguy/dnoguy.13.jpg,1,86,70,1,1
P1,Faces96,evaluation,several_enrollment_photographs,dnoguy,dnoguy/dnoguy.14.jpg,1,84,70,1,1
P1,Faces96,evaluation,several_enrollment_photographs,dnoguy,dnoguy/dnoguy.15.jpg,1,79,70,1,1
P1,Faces96,evaluation,several_enrollment_photographs,dnoguy,dnoguy/dnoguy.16.jpg,1,76,70,1,1
P1,Faces96,evaluation,several_enrollment_photographs,dnoguy,dnoguy/dnoguy.17.jpg,1,74,70,1,1
P1,Faces96,evaluation,several_enrollment_photographs,dnoguy,dnoguy/dnoguy.18.jpg,1,72,70,1,1
P1,Faces96,evaluation,several_enrollment_photographs,dnoguy,dnoguy/dnoguy.19.jpg,1,74,70,1,1
P1,Faces96,evaluation,several_enrollment_photographs,dnoguy,dnoguy/dnoguy.20.jpg,1,77,70,1,1
P1,Faces96,evaluation,several_enrollment_photographs,elalio,elalio/elalio.1.jpg,0,86,70,1,0
P1,Faces96,evaluation,several_enrollment_photographs,elalio,elalio/elalio.2.jpg,0,89,70,1,0
P1,Faces96,evaluation,several_enrollment_photographs,elalio,elalio/elalio.3.jpg,0,90,70,1,0
P1,Faces96,evaluation,several_enrollment_photographs,elalio,elalio/elalio.4.jpg,0,92,70,1,0
P1,Faces96,evaluation,several_enrollment_photographs,elalio,elalio/elalio.5.jpg,0,83,70,1,0
P1,Faces96,evaluation,several_enrollment_photographs,elalio,elalio/elalio.6.jpg,0,91,70,1,0
P1,Faces96,evaluation,several_enrollment_photographs,elalio,elalio/elalio.7.jpg,0,78,70,1,0
P1,Faces96,evaluation,several_enrollment_photographs,elalio,elalio/elalio.8.jpg,0,90,70,1,0
P1,Faces96,evaluation,several_enrollment_photographs,elalio,elalio/elalio.9.jpg,0,79,70,1,0
P1,Faces96,evaluation,several_enrollment_photographs,elalio,elalio/elalio.10.jpg,0,91,70,1,0
P1,Faces96,evaluation,several_enrollment_photographs,elalio,elalio/elalio.11.jpg,0,83,70,1,0
P1,Faces96,evaluation,several_enrollment_photographs,elalio,elalio/elalio.12.jpg,0,84,70,1,0
P1,Faces96,evaluation,several_enrollment_photographs,elalio,elalio/elalio.13.jpg,0,85,70,1,0
P1,Faces96,evaluation,several_enrollment_photographs,elalio,elalio/elalio.14.jpg,0,86,70,1,0
P1,Faces96,evaluation,several_enrollment_photographs,elalio,elalio/elalio.15.jpg,0,79,70,1,0
P1,Faces96,evaluation,several_enrollment_photographs,elalio,elalio/elalio.16.jpg,0,82,70,1,0
P1,Faces96,evaluation,several_enrollment_photographs,elalio,elalio/elalio.17.jpg,0,89,70,1,0
P1,Faces96,evaluation,several_enrollment_photographs,elalio,elalio/elalio.18.jpg,0,85,70,1,0
P1,Faces96,evaluation,several_enrollment_photographs,elalio,elalio/elalio.19.jpg,0,80,70,1,0
P1,Faces96,evaluation,several_enrollment_photographs,elalio,elalio/elalio.20.jpg,0,95,70,1,0
P1,Faces96,evaluation,several_enrollment_photographs,fmquaz,fmquaz/fmquaz.1.jpg,0,57,70,0,1
P1,Faces96,evaluation,several_enrollment_photographs,fmquaz,fmquaz/fmquaz.2.jpg,0,55,70,0,1
P1,Faces96,evaluation,several_enrollment_photographs,fmquaz,fmquaz/fmquaz.3.jpg,0,57,70,0,1
P1,Faces96,evaluation,several_enrollment_photographs,fmquaz,fmquaz/fmquaz.4.jpg,0,57,70,0,1
P1,Faces96,evaluation,several_enrollment_photographs,fmquaz,fmquaz/fmquaz.5.jpg,0,64,70,0,1
P1,Faces96,evaluation,several_enrollment_photographs,fmquaz,fmquaz/fmquaz.6.jpg,0,48,70,0,1
P1,Faces96,evaluation,several_enrollment_photographs,fmquaz,fmquaz/fmquaz.7.jpg,0,71,70,1,0
P1,Faces96,evaluation,several_enrollment_photographs,fmquaz,fmquaz/fmquaz.8.jpg,0,65,70,0,1
P1,Faces96,evaluation,several_enrollment_photographs,fmquaz,fmquaz/fmquaz.9.jpg,0,61,70,0,1
P1,Faces96,evaluation,several_enrollment_photographs,fmquaz,fmquaz/fmquaz.10.jpg,0,61,70,0,1
P1,Faces96,evaluation,several_enrollment_photographs,fmquaz,fmquaz/fmquaz.11.jpg,0,62,70,0,1
P1,Faces96,evaluation,several_enrollment_photographs,fmquaz,fmquaz/fmquaz.12.jpg,0,59,70,0,1
P1,Faces96,evaluation,several_enrollment_photographs,fmquaz,fmquaz/fmquaz.13.jpg,0,60,70,0,1
P1,Faces96,evaluation,several_enrollment_photographs,fmquaz,fmquaz/fmquaz.14.jpg,0,63,70,0,1
P1,Faces96,evaluation,several_enrollment_photographs,fmquaz,fmquaz/fmquaz.15.jpg,0,62,70,0,1
P1,Faces96,evaluation,several_enrollment_photographs,fmquaz,fmquaz/fmquaz.16.jpg,0,55,70,0,1
P1,Faces96,evaluation,several_enrollment_photographs,fmquaz,fmquaz/fmquaz.17.jpg,0,59,70,0,1
P1,Faces96,evaluation,several_enrollment_photographs,fmquaz,fmquaz/fmquaz.18.jpg,0,60,70,0,1
P1,Faces96,evaluation,several_enrollment_photographs,fmquaz,fmquaz/fmquaz.19.jpg,0,62,70,0,1
P1,Faces96,evaluation,several_enrollment_photographs,fmquaz,fmquaz/fmquaz.20.jpg,0,68,70,0,1
P1,Faces96,evaluation,several_enrollment_photographs,gdsamp,gdsamp/gdsamp.11.jpg,1,104,70,1,1
P1,Faces96,evaluation,several_enrollment_photographs,gdsamp,gdsamp/gdsamp.12.jpg,1,92,70,1,1
P1,Faces96,evaluation,several_enrollment_photographs,gdsamp,gdsamp/gdsamp.13.jpg,1,109,70,1,1
P1,Faces96,evaluation,several_enrollment_photographs,gdsamp,gdsamp/gdsamp.14.jpg,1,105,70,1,1
P1,Faces96,evaluation,several_enrollment_photographs,gdsamp,gdsamp/gdsamp.15.jpg,1,109,70,1,1
P1,Faces96,evaluation,several_enrollment_photographs,gdsamp,gdsamp/gdsamp.16.jpg,1,109,70,1,1
P1,Faces96,evaluation,several_enrollment_photographs,gdsamp,gdsamp/gdsamp.17.jpg,1,88,70,1,1
P1,Faces96,evaluation,several_enrollment_photographs,gdsamp,gdsamp/gdsamp.18.jpg,1,88,70,1,1
P1,Faces96,evaluation,several_enrollment_photographs,gdsamp,gdsamp/gdsamp.19.jpg,1,96,70,1,1
P1,Faces96,evaluation,several_enrollment_photographs,gdsamp,gdsamp/gdsamp.20.jpg,1,89,70,1,1
P1,Faces96,evaluation,several_enrollment_photographs,gghazv,gghazv/gghazv.1.jpg,0,91,70,1,0
P1,Faces96,evaluation,several_enrollment_photographs,gghazv,gghazv/gghazv.2.jpg,0,85,70,1,0
P1,Faces96,evaluation,several_enrollment_photographs,gghazv,gghazv/gghazv.3.jpg,0,98,70,1,0
P1,Faces96,evaluation,several_enrollment_photographs,gghazv,gghazv/gghazv.4.jpg,0,99,70,1,0
P1,Faces96,evaluation,several_enrollment_photographs,gghazv,gghazv/gghazv.5.jpg,0,97,70,1,0
P1,Faces96,evaluation,several_enrollment_photographs,gghazv,gghazv/gghazv.6.jpg,0,95,70,1,0
P1,Faces96,evaluation,several_enrollment_photographs,gghazv,gghazv/gghazv.7.jpg,0,89,70,1,0
P1,Faces96,evaluation,several_enrollment_photographs,gghazv,gghazv/gghazv.8.jpg,0,91,70,1,0
P1,Faces96,evaluation,several_enrollment_photographs,gghazv,gghazv/gghazv.9.jpg,0,90,70,1,0
P1,Faces96,evaluation,several_enrollment_photographs,gghazv,gghazv/gghazv.10.jpg,0,94,70,1,0
P1,Faces96,evaluation,several_enrollment_photographs,gghazv,gghazv/gghazv.11.jpg,0,90,70,1,0
P1,Faces96,evaluation,several_enrollment_photographs,gghazv,gghazv/gghazv.12.jpg,0,98,70,1,0
P1,Faces96,evaluation,several_enrollment_photographs,gghazv,gghazv/gghazv.13.jpg,0,103,70,1,0
P1,Faces96,evaluation,several_enrollment_photographs,gghazv,gghazv/gghazv.14.jpg,0,101,70,1,0
P1,Faces96,evaluation,several_enrollment_photographs,gghazv,gghazv/gghazv.15.jpg,0,92,70,1,0
P1,Faces96,evaluation,several_enrollment_photographs,gghazv,gghazv/gghazv.16.jpg,0,94,70,1,0
P1,Faces96,evaluation,several_enrollment_photographs,gghazv,gghazv/gghazv.17.jpg,0,93,70,1,0
P1,Faces96,evaluation,several_enrollment_photographs,gghazv,gghazv/gghazv.18.jpg,0,92,70,1,0
P1,Faces96,evaluation,several_enrollment_photographs,gghazv,gghazv/gghazv.19.jpg,0,96,70,1,0
P1,Faces96,evaluation,several_enrollment_photographs,gghazv,gghazv/gghazv.20.jpg,0,92,70,1,0
P1,Faces96,evaluation,several_enrollment_photographs,gjbods,gjbods/gjbods.11.jpg,1,90,70,1,1
P1,Faces96,evaluation,several_enrollment_photographs,gjbods,gjbods/gjbods.12.jpg,1,72,70,1,1
P1,Faces96,evaluation,several_enrollment_photographs,gjbods,gjbods/gjbods.13.jpg,1,74,70,1,1
P1,Faces96,evaluation,several_enrollment_photographs,gjbods,gjbods/gjbods.14.jpg,1,75,70,1,1
P1,Faces96,evaluation,several_enrollment_photographs,gjbods,gjbods/gjbods.15.jpg,1,82,70,1,1
P1,Faces96,evaluation,several_enrollment_photographs,gjbods,gjbods/gjbods.16.jpg,1,84,70,1,1
P1,Faces96,evaluation,several_enrollment_photographs,gjbods,gjbods/gjbods.17.jpg,1,87,70,1,1
P1,Faces96,evaluation,several_enrollment_photographs,gjbods,gjbods/gjbods.18.jpg,1,88,70,1,1
P1,Faces96,evaluation,several_enrollment_photographs,gjbods,gjbods/gjbods.19.jpg,1,78,70,1,1
P1,Faces96,evaluation,several_enrollment_photographs,gjbods,gjbods/gjbods.20.jpg,1,73,70,1,1
P1,Faces96,evaluation,several_enrollment_photographs,gllong,gllong/gllong.11.jpg,1,70,70,1,1
P1,Faces96,evaluation,several_enrollment_photographs,gllong,gllong/gllong.12.jpg,1,78,70,1,1
P1,Faces96,evaluation,several_enrollment_photographs,gllong,gllong/gllong.13.jpg,1,83,70,1,1
P1,Faces96,evaluation,several_enrollment_photographs,gllong,gllong/gllong.14.jpg,1,68,70,0,0
P1,Faces96,evaluation,several_enrollment_photographs,gllong,gllong/gllong.15.jpg,1,82,70,1,1
P1,Faces96,evaluation,several_enrollment_photographs,gllong,gllong/gllong.16.jpg,1,81,70,1,1
P1,Faces96,evaluation,several_enrollment_photographs,gllong,gllong/gllong.17.jpg,1,77,70,1,1
P1,Faces96,evaluation,several_enrollment_photographs,gllong,gllong/gllong.18.jpg,1,82,70,1,1
P1,Faces96,evaluation,several_enrollment_photographs,gllong,gllong/gllong.19.jpg,1,75,70,1,1
P1,Faces96,evaluation,several_enrollment_photographs,gllong,gllong/gllong.20.jpg,1,86,70,1,1
P1,Faces96,evaluation,several_enrollment_photographs,gmagul,gmagul/gmagul.11.jpg,1,106,70,1,1
P1,Faces96,evaluation,several_enrollment_photographs,gmagul,gmagul/gmagul.12.jpg,1,111,70,1,1
P1,Faces96,evaluation,several_enrollment_photographs,gmagul,gmagul/gmagul.13.jpg,1,99,70,1,1
P1,Faces96,evaluation,several_enrollment_photographs,gmagul,gmagul/gmagul.14.jpg,1,105,70,1,1
P1,Faces96,evaluation,several_enrollment_photographs,gmagul,gmagul/gmagul.15.jpg,1,101,70,1,1
P1,Faces96,evaluation,several_enrollment_photographs,gmagul,gmagul/gmagul.16.jpg,1,99,70,1,1
P1,Faces96,evaluation,several_enrollment_photographs,gmagul,gmagul/gmagul.17.jpg,1,104,70,1,1
P1,Faces96,evaluation,several_enrollment_photographs,gmagul,gmagul/gmagul.18.jpg,1,106,70,1,1
P1,Faces96,evaluation,several_enrollment_photographs,gmagul,gmagul/gmagul.19.jpg,1,99,70,1,1
P1,Faces96,evaluation,several_enrollment_photographs,gmagul,gmagul/gmagul.20.jpg,1,100,70,1,1
P1,Faces96,evaluation,several_enrollment_photographs,gmidgl,gmidgl/gmidgl.11.jpg,1,95,70,1,1
P1,Faces96,evaluation,several_enrollment_photographs,gmidgl,gmidgl/gmidgl.12.jpg,1,92,70,1,1
P1,Faces96,evaluation,several_enrollment_photographs,gmidgl,gmidgl/gmidgl.13.jpg,1,87,70,1,1
P1,Faces96,evaluation,several_enrollment_photographs,gmidgl,gmidgl/gmidgl.14.jpg,1,97,70,1,1
P1,Faces96,evaluation,several_enrollment_photographs,gmidgl,gmidgl/gmidgl.15.jpg,1,88,70,1,1
P1,Faces96,evaluation,several_enrollment_photographs,gmidgl,gmidgl/gmidgl.16.jpg,1,85,70,1,1
P1,Faces96,evaluation,several_enrollment_photographs,gmidgl,gmidgl/gmidgl.17.jpg,1,96,70,1,1
P1,Faces96,evaluation,several_enrollment_photographs,gmidgl,gmidgl/gmidgl.18.jpg,1,97,70,1,1
P1,Faces96,evaluation,several_enrollment_photographs,gmidgl,gmidgl/gmidgl.19.jpg,1,89,70,1,1
P1,Faces96,evaluation,several_enrollment_photographs,gmidgl,gmidgl/gmidgl.20.jpg,1,91,70,1,1
P1,Faces96,evaluation,several_enrollment_photographs,idsizm,idsizm/idsizm.11.jpg,1,85,70,1,1
P1,Faces96,evaluation,several_enrollment_photographs,idsizm,idsizm/idsizm.12.jpg,1,76,70,1,1
P1,Faces96,evaluation,several_enrollment_photographs,idsizm,idsizm/idsizm.13.jpg,1,59,70,0,0
P1,Faces96,evaluation,several_enrollment_photographs,idsizm,idsizm/idsizm.14.jpg,1,61,70,0,0
P1,Faces96,evaluation,several_enrollment_photographs,idsizm,idsizm/idsizm.15.jpg,1,70,70,1,1
P1,Faces96,evaluation,several_enrollment_photographs,idsizm,idsizm/idsizm.16.jpg,1,62,70,0,0
P1,Faces96,evaluation,several_enrollment_photographs,idsizm,idsizm/idsizm.17.jpg,1,72,70,1,1
P1,Faces96,evaluation,several_enrollment_photographs,idsizm,idsizm/idsizm.18.jpg,1,72,70,1,1
P1,Faces96,evaluation,several_enrollment_photographs,idsizm,idsizm/idsizm.19.jpg,1,63,70,0,0
P1,Faces96,evaluation,several_enrollment_photographs,idsizm,idsizm/idsizm.20.jpg,1,65,70,0,0
P1,Faces96,evaluation,several_enrollment_photographs,jbgood,jbgood/jbgood.11.jpg,1,94,70,1,1
P1,Faces96,evaluation,several_enrollment_photographs,jbgood,jbgood/jbgood.12.jpg,1,91,70,1,1
P1,Faces96,evaluation,several_enrollment_photographs,jbgood,jbgood/jbgood.13.jpg,1,86,70,1,1
P1,Faces96,evaluation,several_enrollment_photographs,jbgood,jbgood/jbgood.14.jpg,1,81,70,1,1
P1,Faces96,evaluation,several_enrollment_photographs,jbgood,jbgood/jbgood.15.jpg,1,78,70,1,1
P1,Faces96,evaluation,several_enrollment_photographs,jbgood,jbgood/jbgood.16.jpg,1,87,70,1,1
P1,Faces96,evaluation,several_enrollment_photographs,jbgood,jbgood/jbgood.17.jpg,1,87,70,1,1
P1,Faces96,evaluation,several_enrollment_photographs,jbgood,jbgood/jbgood.18.jpg,1,84,70,1,1
P1,Faces96,evaluation,several_enrollment_photographs,jbgood,jbgood/jbgood.19.jpg,1,84,70,1,1
P1,Faces96,evaluation,several_enrollment_photographs,jbgood,jbgood/jbgood.20.jpg,1,85,70,1,1
P1,Faces96,evaluation,several_enrollment_photographs,jjdacl,jjdacl/jjdacl.1.jpg,0,82,70,1,0
P1,Faces96,evaluation,several_enrollment_photographs,jjdacl,jjdacl/jjdacl.2.jpg,0,74,70,1,0
P1,Faces96,evaluation,several_enrollment_photographs,jjdacl,jjdacl/jjdacl.3.jpg,0,79,70,1,0
P1,Faces96,evaluation,several_enrollment_photographs,jjdacl,jjdacl/jjdacl.4.jpg,0,78,70,1,0
P1,Faces96,evaluation,several_enrollment_photographs,jjdacl,jjdacl/jjdacl.5.jpg,0,77,70,1,0
P1,Faces96,evaluation,several_enrollment_photographs,jjdacl,jjdacl/jjdacl.6.jpg,0,76,70,1,0
P1,Faces96,evaluation,several_enrollment_photographs,jjdacl,jjdacl/jjdacl.7.jpg,0,68,70,0,1
P1,Faces96,evaluation,several_enrollment_photographs,jjdacl,jjdacl/jjdacl.8.jpg,0,80,70,1,0
P1,Faces96,evaluation,several_enrollment_photographs,jjdacl,jjdacl/jjdacl.9.jpg,0,70,70,1,0
P1,Faces96,evaluation,several_enrollment_photographs,jjdacl,jjdacl/jjdacl.10.jpg,0,67,70,0,1
P1,Faces96,evaluation,several_enrollment_photographs,jjdacl,jjdacl/jjdacl.11.jpg,0,72,70,1,0
P1,Faces96,evaluation,several_enrollment_photographs,jjdacl,jjdacl/jjdacl.12.jpg,0,68,70,0,1
P1,Faces96,evaluation,several_enrollment_photographs,jjdacl,jjdacl/jjdacl.13.jpg,0,68,70,0,1
P1,Faces96,evaluation,several_enrollment_photographs,jjdacl,jjdacl/jjdacl.14.jpg,0,76,70,1,0
P1,Faces96,evaluation,several_enrollment_photographs,jjdacl,jjdacl/jjdacl.15.jpg,0,72,70,1,0
P1,Faces96,evaluation,several_enrollment_photographs,jjdacl,jjdacl/jjdacl.16.jpg,0,72,70,1,0
P1,Faces96,evaluation,several_enrollment_photographs,jjdacl,jjdacl/jjdacl.17.jpg,0,74,70,1,0
P1,Faces96,evaluation,several_enrollment_photographs,jjdacl,jjdacl/jjdacl.18.jpg,0,78,70,1,0
P1,Faces96,evaluation,several_enrollment_photographs,jjdacl,jjdacl/jjdacl.19.jpg,0,76,70,1,0
P1,Faces96,evaluation,several_enrollment_photographs,jjdacl,jjdacl/jjdacl.20.jpg,0,67,70,0,1
P1,Faces96,evaluation,several_enrollment_photographs,jjohns,jjohns/jjohns.11.jpg,1,93,70,1,1
P1,Faces96,evaluation,several_enrollment_photographs,jjohns,jjohns/jjohns.12.jpg,1,95,70,1,1
P1,Faces96,evaluation,several_enrollment_photographs,jjohns,jjohns/jjohns.13.jpg,1,99,70,1,1
P1,Faces96,evaluation,several_enrollment_photographs,jjohns,jjohns/jjohns.14.jpg,1,82,70,1,1
P1,Faces96,evaluation,several_enrollment_photographs,jjohns,jjohns/jjohns.15.jpg,1,85,70,1,1
P1,Faces96,evaluation,several_enrollment_photographs,jjohns,jjohns/jjohns.16.jpg,1,92,70,1,1
P1,Faces96,evaluation,several_enrollment_photographs,jjohns,jjohns/jjohns.17.jpg,1,86,70,1,1
P1,Faces96,evaluation,several_enrollment_photographs,jjohns,jjohns/jjohns.18.jpg,1,86,70,1,1
P1,Faces96,evaluation,several_enrollment_photographs,jjohns,jjohns/jjohns.19.jpg,1,78,70,1,1
P1,Faces96,evaluation,several_enrollment_photographs,jjohns,jjohns/jjohns.20.jpg,1,89,70,1,1
P1,Faces96,evaluation,several_enrollment_photographs,jphoor,jphoor/jphoor.11.jpg,1,98,70,1,1
P1,Faces96,evaluation,several_enrollment_photographs,jphoor,jphoor/jphoor.12.jpg,1,84,70,1,1
P1,Faces96,evaluation,several_enrollment_photographs,jphoor,jphoor/jphoor.13.jpg,1,93,70,1,1
P1,Faces96,evaluation,several_enrollment_photographs,jphoor,jphoor/jphoor.14.jpg,1,92,70,1,1
P1,Faces96,evaluation,several_enrollment_photographs,jphoor,jphoor/jphoor.15.jpg,1,93,70,1,1
P1,Faces96,evaluation,several_enrollment_photographs,jphoor,jphoor/jphoor.16.jpg,1,81,70,1,1
P1,Faces96,evaluation,several_enrollment_photographs,jphoor,jphoor/jphoor.17.jpg,1,91,70,1,1
P1,Faces96,evaluation,several_enrollment_photographs,jphoor,jphoor/jphoor.18.jpg,1,92,70,1,1
P1,Faces96,evaluation,several_enrollment_photographs,jphoor,jphoor/jphoor.19.jpg,1,87,70,1,1
P1,Faces96,evaluation,several_enrollment_photographs,jphoor,jphoor/jphoor.20.jpg,1,84,70,1,1
P1,Faces96,evaluation,several_enrollment_photographs,jwdpag,jwdpag/jwdpag.11.jpg,1,76,70,1,1
P1,Faces96,evaluation,several_enrollment_photographs,jwdpag,jwdpag/jwdpag.12.jpg,1,83,70,1,1
P1,Faces96,evaluation,several_enrollment_photographs,jwdpag,jwdpag/jwdpag.13.jpg,1,81,70,1,1
P1,Faces96,evaluation,several_enrollment_photographs,jwdpag,jwdpag/jwdpag.14.jpg,1,85,70,1,1
P1,Faces96,evaluation,several_enrollment_photographs,jwdpag,jwdpag/jwdpag.15.jpg,1,70,70,1,1
P1,Faces96,evaluation,several_enrollment_photographs,jwdpag,jwdpag/jwdpag.16.jpg,1,76,70,1,1
P1,Faces96,evaluation,several_enrollment_photographs,jwdpag,jwdpag/jwdpag.17.jpg,1,76,70,1,1
P1,Faces96,evaluation,several_enrollment_photographs,jwdpag,jwdpag/jwdpag.18.jpg,1,78,70,1,1
P1,Faces96,evaluation,several_enrollment_photographs,jwdpag,jwdpag/jwdpag.19.jpg,1,80,70,1,1
P1,Faces96,evaluation,several_enrollment_photographs,jwdpag,jwdpag/jwdpag.20.jpg,1,80,70,1,1
P1,Faces96,evaluation,several_enrollment_photographs,kphans,kphans/kphans.11.jpg,1,80,70,1,1
P1,Faces96,evaluation,several_enrollment_photographs,kphans,kphans/kphans.12.jpg,1,71,70,1,1
P1,Faces96,evaluation,several_enrollment_photographs,kphans,kphans/kphans.13.jpg,1,72,70,1,1
P1,Faces96,evaluation,several_enrollment_photographs,kphans,kphans/kphans.14.jpg,1,71,70,1,1
P1,Faces96,evaluation,several_enrollment_photographs,kphans,kphans/kphans.15.jpg,1,65,70,0,0
P1,Faces96,evaluation,several_enrollment_photographs,kphans,kphans/kphans.16.jpg,1,71,70,1,1
P1,Faces96,evaluation,several_enrollment_photographs,kphans,kphans/kphans.17.jpg,1,67,70,0,0
P1,Faces96,evaluation,several_enrollment_photographs,kphans,kphans/kphans.18.jpg,1,72,70,1,1
P1,Faces96,evaluation,several_enrollment_photographs,kphans,kphans/kphans.19.jpg,1,70,70,1,1
P1,Faces96,evaluation,several_enrollment_photographs,kphans,kphans/kphans.20.jpg,1,62,70,0,0
P1,Faces96,evaluation,several_enrollment_photographs,llevet,llevet/llevet.11.jpg,1,101,70,1,1
P1,Faces96,evaluation,several_enrollment_photographs,llevet,llevet/llevet.12.jpg,1,103,70,1,1
P1,Faces96,evaluation,several_enrollment_photographs,llevet,llevet/llevet.13.jpg,1,106,70,1,1
P1,Faces96,evaluation,several_enrollment_photographs,llevet,llevet/llevet.14.jpg,1,102,70,1,1
P1,Faces96,evaluation,several_enrollment_photographs,llevet,llevet/llevet.15.jpg,1,101,70,1,1
P1,Faces96,evaluation,several_enrollment_photographs,llevet,llevet/llevet.16.jpg,1,99,70,1,1
P1,Faces96,evaluation,several_enrollment_photographs,llevet,llevet/llevet.17.jpg,1,90,70,1,1
P1,Faces96,evaluation,several_enrollment_photographs,llevet,llevet/llevet.18.jpg,1,102,70,1,1
P1,Faces96,evaluation,several_enrollment_photographs,llevet,llevet/llevet.19.jpg,1,104,70,1,1
P1,Faces96,evaluation,several_enrollment_photographs,llevet,llevet/llevet.20.jpg,1,101,70,1,1
P1,Faces96,evaluation,several_enrollment_photographs,mclarkd,mclarkd/mclarkd.11.jpg,1,104,70,1,1
P1,Faces96,evaluation,several_enrollment_photographs,mclarkd,mclarkd/mclarkd.12.jpg,1,98,70,1,1
P1,Faces96,evaluation,several_enrollment_photographs,mclarkd,mclarkd/mclarkd.13.jpg,1,101,70,1,1
P1,Faces96,evaluation,several_enrollment_photographs,mclarkd,mclarkd/mclarkd.14.jpg,1,109,70,1,1
P1,Faces96,evaluation,several_enrollment_photographs,mclarkd,mclarkd/mclarkd.15.jpg,1,102,70,1,1
P1,Faces96,evaluation,several_enrollment_photographs,mclarkd,mclarkd/mclarkd.16.jpg,1,98,70,1,1
P1,Faces96,evaluation,several_enrollment_photographs,mclarkd,mclarkd/mclarkd.17.jpg,1,98,70,1,1
P1,Faces96,evaluation,several_enrollment_photographs,mclarkd,mclarkd/mclarkd.18.jpg,1,87,70,1,1
P1,Faces96,evaluation,several_enrollment_photographs,mclarkd,mclarkd/mclarkd.19.jpg,1,87,70,1,1
P1,Faces96,evaluation,several_enrollment_photographs,mclarkd,mclarkd/mclarkd.20.jpg,1,94,70,1,1
P1,Faces96,evaluation,several_enrollment_photographs,mkvwon,mkvwon/mkvwon.1.jpg,0,134,70,1,0
P1,Faces96,evaluation,several_enrollment_photographs,mkvwon,mkvwon/mkvwon.2.jpg,0,132,70,1,0
P1,Faces96,evaluation,several_enrollment_photographs,mkvwon,mkvwon/mkvwon.3.jpg,0,124,70,1,0
P1,Faces96,evaluation,several_enrollment_photographs,mkvwon,mkvwon/mkvwon.4.jpg,0,124,70,1,0
P1,Faces96,evaluation,several_enrollment_photographs,mkvwon,mkvwon/mkvwon.5.jpg,0,100,70,1,0
P1,Faces96,evaluation,several_enrollment_photographs,mkvwon,mkvwon/mkvwon.6.jpg,0,94,70,1,0
P1,Faces96,evaluation,several_enrollment_photographs,mkvwon,mkvwon/mkvwon.7.jpg,0,104,70,1,0
P1,Faces96,evaluation,several_enrollment_photographs,mkvwon,mkvwon/mkvwon.8.jpg,0,108,70,1,0
P1,Faces96,evaluation,several_enrollment_photographs,mkvwon,mkvwon/mkvwon.9.jpg,0,127,70,1,0
P1,Faces96,evaluation,several_enrollment_photographs,mkvwon,mkvwon/mkvwon.10.jpg,0,103,70,1,0
P1,Faces96,evaluation,several_enrollment_photographs,mkvwon,mkvwon/mkvwon.11.jpg,0,109,70,1,0
P1,Faces96,evaluation,several_enrollment_photographs,mkvwon,mkvwon/mkvwon.12.jpg,0,105,70,1,0
P1,Faces96,evaluation,several_enrollment_photographs,mkvwon,mkvwon/mkvwon.13.jpg,0,109,70,1,0
P1,Faces96,evaluation,several_enrollment_photographs,mkvwon,mkvwon/mkvwon.14.jpg,0,112,70,1,0
P1,Faces96,evaluation,several_enrollment_photographs,mkvwon,mkvwon/mkvwon.15.jpg,0,116,70,1,0
P1,Faces96,evaluation,several_enrollment_photographs,mkvwon,mkvwon/mkvwon.16.jpg,0,123,70,1,0
P1,Faces96,evaluation,several_enrollment_photographs,mkvwon,mkvwon/mkvwon.17.jpg,0,113,70,1,0
P1,Faces96,evaluation,several_enrollment_photographs,mkvwon,mkvwon/mkvwon.18.jpg,0,120,70,1,0
P1,Faces96,evaluation,several_enrollment_photographs,mkvwon,mkvwon/mkvwon.19.jpg,0,111,70,1,0
P1,Faces96,evaluation,several_enrollment_photographs,mkvwon,mkvwon/mkvwon.20.jpg,0,121,70,1,0
P1,Faces96,evaluation,several_enrollment_photographs,moshep,moshep/moshep.1.jpg,0,44,70,0,1
P1,Faces96,evaluation,several_enrollment_photographs,moshep,moshep/moshep.2.jpg,0,41,70,0,1
P1,Faces96,evaluation,several_enrollment_photographs,moshep,moshep/moshep.3.jpg,0,43,70,0,1
P1,Faces96,evaluation,several_enrollment_photographs,moshep,moshep/moshep.4.jpg,0,43,70,0,1
P1,Faces96,evaluation,several_enrollment_photographs,moshep,moshep/moshep.5.jpg,0,75,70,1,0
P1,Faces96,evaluation,several_enrollment_photographs,moshep,moshep/moshep.6.jpg,0,56,70,0,1
P1,Faces96,evaluation,several_enrollment_photographs,moshep,moshep/moshep.7.jpg,0,50,70,0,1
P1,Faces96,evaluation,several_enrollment_photographs,moshep,moshep/moshep.8.jpg,0,67,70,0,1
P1,Faces96,evaluation,several_enrollment_photographs,moshep,moshep/moshep.9.jpg,0,59,70,0,1
P1,Faces96,evaluation,several_enrollment_photographs,moshep,moshep/moshep.10.jpg,0,55,70,0,1
P1,Faces96,evaluation,several_enrollment_photographs,moshep,moshep/moshep.11.jpg,0,58,70,0,1
P1,Faces96,evaluation,several_enrollment_photographs,moshep,moshep/moshep.12.jpg,0,61,70,0,1
P1,Faces96,evaluation,several_enrollment_photographs,moshep,moshep/moshep.13.jpg,0,59,70,0,1
P1,Faces96,evaluation,several_enrollment_photographs,moshep,moshep/moshep.14.jpg,0,57,70,0,1
P1,Faces96,evaluation,several_enrollment_photographs,moshep,moshep/moshep.15.jpg,0,60,70,0,1
P1,Faces96,evaluation,several_enrollment_photographs,moshep,moshep/moshep.16.jpg,0,58,70,0,1
P1,Faces96,evaluation,several_enrollment_photographs,moshep,moshep/moshep.17.jpg,0,62,70,0,1
P1,Faces96,evaluation,several_enrollment_photographs,moshep,moshep/moshep.18.jpg,0,65,70,0,1
P1,Faces96,evaluation,several_enrollment_photographs,moshep,moshep/moshep.19.jpg,0,62,70,0,1
P1,Faces96,evaluation,several_enrollment_photographs,moshep,moshep/moshep.20.jpg,0,59,70,0,1
P1,Faces96,evaluation,several_enrollment_photographs,mpdavie,mpdavie/mpdavie.11.jpg,1,89,70,1,1
P1,Faces96,evaluation,several_enrollment_photographs,mpdavie,mpdavie/mpdavie.12.jpg,1,94,70,1,1
P1,Faces96,evaluation,several_enrollment_photographs,mpdavie,mpdavie/mpdavie.13.jpg,1,94,70,1,1
P1,Faces96,evaluation,several_enrollment_photographs,mpdavie,mpdavie/mpdavie.14.jpg,1,93,70,1,1
P1,Faces96,evaluation,several_enrollment_photographs,mpdavie,mpdavie/mpdavie.15.jpg,1,93,70,1,1
P1,Faces96,evaluation,several_enrollment_photographs,mpdavie,mpdavie/mpdavie.16.jpg,1,105,70,1,1
P1,Faces96,evaluation,several_enrollment_photographs,mpdavie,mpdavie/mpdavie.17.jpg,1,87,70,1,1
P1,Faces96,evaluation,several_enrollment_photographs,mpdavie,mpdavie/mpdavie.18.jpg,1,88,70,1,1
P1,Faces96,evaluation,several_enrollment_photographs,mpdavie,mpdavie/mpdavie.19.jpg,1,83,70,1,1
P1,Faces96,evaluation,several_enrollment_photographs,mpdavie,mpdavie/mpdavie.20.jpg,1,87,70,1,1
P1,Faces96,evaluation,several_enrollment_photographs,mwillc,mwillc/mwillc.11.jpg,1,103,70,1,1
P1,Faces96,evaluation,several_enrollment_photographs,mwillc,mwillc/mwillc.12.jpg,1,97,70,1,1
P1,Faces96,evaluation,several_enrollment_photographs,mwillc,mwillc/mwillc.13.jpg,1,96,70,1,1
P1,Faces96,evaluation,several_enrollment_photographs,mwillc,mwillc/mwillc.14.jpg,1,99,70,1,1
P1,Faces96,evaluation,several_enrollment_photographs,mwillc,mwillc/mwillc.15.jpg,1,96,70,1,1
P1,Faces96,evaluation,several_enrollment_photographs,mwillc,mwillc/mwillc.16.jpg,1,99,70,1,1
P1,Faces96,evaluation,several_enrollment_photographs,mwillc,mwillc/mwillc.17.jpg,1,91,70,1,1
P1,Faces96,evaluation,several_enrollment_photographs,mwillc,mwillc/mwillc.18.jpg,1,96,70,1,1
P1,Faces96,evaluation,several_enrollment_photographs,mwillc,mwillc/mwillc.19.jpg,1,104,70,1,1
P1,Faces96,evaluation,several_enrollment_photographs,mwillc,mwillc/mwillc.20.jpg,1,94,70,1,1
P1,Faces96,evaluation,several_enrollment_photographs,nandri,nandri/nandri.11.jpg,1,94,70,1,1
P1,Faces96,evaluation,several_enrollment_photographs,nandri,nandri/nandri.12.jpg,1,85,70,1,1
P1,Faces96,evaluation,several_enrollment_photographs,nandri,nandri/nandri.13.jpg,1,99,70,1,1
P1,Faces96,evaluation,several_enrollment_photographs,nandri,nandri/nandri.14.jpg,1,99,70,1,1
P1,Faces96,evaluation,several_enrollment_photographs,nandri,nandri/nandri.15.jpg,1,82,70,1,1
P1,Faces96,evaluation,several_enrollment_photographs,nandri,nandri/nandri.16.jpg,1,84,70,1,1
P1,Faces96,evaluation,several_enrollment_photographs,nandri,nandri/nandri.17.jpg,1,84,70,1,1
P1,Faces96,evaluation,several_enrollment_photographs,nandri,nandri/nandri.18.jpg,1,91,70,1,1
P1,Faces96,evaluation,several_enrollment_photographs,nandri,nandri/nandri.19.jpg,1,88,70,1,1
P1,Faces96,evaluation,several_enrollment_photographs,nandri,nandri/nandri.20.jpg,1,80,70,1,1
P1,Faces96,evaluation,several_enrollment_photographs,nhahme,nhahme/nhahme.14.jpg,1,75,70,1,1
P1,Faces96,evaluation,several_enrollment_photographs,nhahme,nhahme/nhahme.15.jpg,1,77,70,1,1
P1,Faces96,evaluation,several_enrollment_photographs,nhahme,nhahme/nhahme.16.jpg,1,72,70,1,1
P1,Faces96,evaluation,several_enrollment_photographs,nhahme,nhahme/nhahme.17.jpg,1,65,70,0,0
P1,Faces96,evaluation,several_enrollment_photographs,nhahme,nhahme/nhahme.18.jpg,1,62,70,0,0
P1,Faces96,evaluation,several_enrollment_photographs,nhahme,nhahme/nhahme.19.jpg,1,71,70,1,1
P1,Faces96,evaluation,several_enrollment_photographs,nhahme,nhahme/nhahme.20.jpg,1,76,70,1,1
P1,Faces96,evaluation,several_enrollment_photographs,nhotoo,nhotoo/nhotoo.1.jpg,0,88,70,1,0
P1,Faces96,evaluation,several_enrollment_photographs,nhotoo,nhotoo/nhotoo.2.jpg,0,98,70,1,0
P1,Faces96,evaluation,several_enrollment_photographs,nhotoo,nhotoo/nhotoo.3.jpg,0,105,70,1,0
P1,Faces96,evaluation,several_enrollment_photographs,nhotoo,nhotoo/nhotoo.4.jpg,0,104,70,1,0
P1,Faces96,evaluation,several_enrollment_photographs,nhotoo,nhotoo/nhotoo.5.jpg,0,102,70,1,0
P1,Faces96,evaluation,several_enrollment_photographs,nhotoo,nhotoo/nhotoo.6.jpg,0,108,70,1,0
P1,Faces96,evaluation,several_enrollment_photographs,nhotoo,nhotoo/nhotoo.7.jpg,0,96,70,1,0
P1,Faces96,evaluation,several_enrollment_photographs,nhotoo,nhotoo/nhotoo.8.jpg,0,100,70,1,0
P1,Faces96,evaluation,several_enrollment_photographs,nhotoo,nhotoo/nhotoo.9.jpg,0,97,70,1,0
P1,Faces96,evaluation,several_enrollment_photographs,nhotoo,nhotoo/nhotoo.10.jpg,0,81,70,1,0
P1,Faces96,evaluation,several_enrollment_photographs,nhotoo,nhotoo/nhotoo.11.jpg,0,80,70,1,0
P1,Faces96,evaluation,several_enrollment_photographs,nhotoo,nhotoo/nhotoo.12.jpg,0,79,70,1,0
P1,Faces96,evaluation,several_enrollment_photographs,nhotoo,nhotoo/nhotoo.13.jpg,0,87,70,1,0
P1,Faces96,evaluation,several_enrollment_photographs,nhotoo,nhotoo/nhotoo.14.jpg,0,89,70,1,0
P1,Faces96,evaluation,several_enrollment_photographs,nhotoo,nhotoo/nhotoo.15.jpg,0,89,70,1,0
P1,Faces96,evaluation,several_enrollment_photographs,nhotoo,nhotoo/nhotoo.16.jpg,0,90,70,1,0
P1,Faces96,evaluation,several_enrollment_photographs,nhotoo,nhotoo/nhotoo.17.jpg,0,88,70,1,0
P1,Faces96,evaluation,several_enrollment_photographs,nhotoo,nhotoo/nhotoo.18.jpg,0,85,70,1,0
P1,Faces96,evaluation,several_enrollment_photographs,nhotoo,nhotoo/nhotoo.19.jpg,0,89,70,1,0
P1,Faces96,evaluation,several_enrollment_photographs,nhotoo,nhotoo/nhotoo.20.jpg,0,91,70,1,0
P1,Faces96,evaluation,several_enrollment_photographs,nmakri,nmakri/nmakri.11.jpg,1,120,70,1,1
P1,Faces96,evaluation,several_enrollment_photographs,nmakri,nmakri/nmakri.12.jpg,1,118,70,1,1
P1,Faces96,evaluation,several_enrollment_photographs,nmakri,nmakri/nmakri.13.jpg,1,118,70,1,1
P1,Faces96,evaluation,several_enrollment_photographs,nmakri,nmakri/nmakri.14.jpg,1,120,70,1,1
P1,Faces96,evaluation,several_enrollment_photographs,nmakri,nmakri/nmakri.15.jpg,1,110,70,1,1
P1,Faces96,evaluation,several_enrollment_photographs,nmakri,nmakri/nmakri.16.jpg,1,117,70,1,1
P1,Faces96,evaluation,several_enrollment_photographs,nmakri,nmakri/nmakri.17.jpg,1,117,70,1,1
P1,Faces96,evaluation,several_enrollment_photographs,nmakri,nmakri/nmakri.18.jpg,1,120,70,1,1
P1,Faces96,evaluation,several_enrollment_photographs,nmakri,nmakri/nmakri.19.jpg,1,117,70,1,1
P1,Faces96,evaluation,several_enrollment_photographs,nmakri,nmakri/nmakri.20.jpg,1,119,70,1,1
P1,Faces96,evaluation,several_enrollment_photographs,oegill,oegill/oegill.11.jpg,1,95,70,1,1
P1,Faces96,evaluation,several_enrollment_photographs,oegill,oegill/oegill.12.jpg,1,100,70,1,1
P1,Faces96,evaluation,several_enrollment_photographs,oegill,oegill/oegill.13.jpg,1,101,70,1,1
P1,Faces96,evaluation,several_enrollment_photographs,oegill,oegill/oegill.14.jpg,1,105,70,1,1
P1,Faces96,evaluation,several_enrollment_photographs,oegill,oegill/oegill.15.jpg,1,105,70,1,1
P1,Faces96,evaluation,several_enrollment_photographs,oegill,oegill/oegill.16.jpg,1,98,70,1,1
P1,Faces96,evaluation,several_enrollment_photographs,oegill,oegill/oegill.17.jpg,1,112,70,1,1
P1,Faces96,evaluation,several_enrollment_photographs,oegill,oegill/oegill.18.jpg,1,111,70,1,1
P1,Faces96,evaluation,several_enrollment_photographs,oegill,oegill/oegill.19.jpg,1,110,70,1,1
P1,Faces96,evaluation,several_enrollment_photographs,oegill,oegill/oegill.20.jpg,1,100,70,1,1
P1,Faces96,evaluation,several_enrollment_photographs,pgolds,pgolds/pgolds.11.jpg,1,96,70,1,1
P1,Faces96,evaluation,several_enrollment_photographs,pgolds,pgolds/pgolds.12.jpg,1,95,70,1,1
P1,Faces96,evaluation,several_enrollment_photographs,pgolds,pgolds/pgolds.13.jpg,1,101,70,1,1
P1,Faces96,evaluation,several_enrollment_photographs,pgolds,pgolds/pgolds.14.jpg,1,94,70,1,1
P1,Faces96,evaluation,several_enrollment_photographs,pgolds,pgolds/pgolds.15.jpg,1,92,70,1,1
P1,Faces96,evaluation,several_enrollment_photographs,pgolds,pgolds/pgolds.16.jpg,1,99,70,1,1
P1,Faces96,evaluation,several_enrollment_photographs,pgolds,pgolds/pgolds.17.jpg,1,87,70,1,1
P1,Faces96,evaluation,several_enrollment_photographs,pgolds,pgolds/pgolds.18.jpg,1,81,70,1,1
P1,Faces96,evaluation,several_enrollment_photographs,pgolds,pgolds/pgolds.19.jpg,1,84,70,1,1
P1,Faces96,evaluation,several_enrollment_photographs,pgolds,pgolds/pgolds.20.jpg,1,82,70,1,1
P1,Faces96,evaluation,several_enrollment_photographs,pguan,pguan/pguan.11.jpg,1,80,70,1,1
P1,Faces96,evaluation,several_enrollment_photographs,pguan,pguan/pguan.12.jpg,1,63,70,0,0
P1,Faces96,evaluation,several_enrollment_photographs,pguan,pguan/pguan.13.jpg,1,68,70,0,0
P1,Faces96,evaluation,several_enrollment_photographs,pguan,pguan/pguan.14.jpg,1,76,70,1,1
P1,Faces96,evaluation,several_enrollment_photographs,pguan,pguan/pguan.15.jpg,1,85,70,1,1
P1,Faces96,evaluation,several_enrollment_photographs,pguan,pguan/pguan.16.jpg,1,92,70,1,1
P1,Faces96,evaluation,several_enrollment_photographs,pguan,pguan/pguan.17.jpg,1,75,70,1,1
P1,Faces96,evaluation,several_enrollment_photographs,pguan,pguan/pguan.18.jpg,1,73,70,1,1
P1,Faces96,evaluation,several_enrollment_photographs,pguan,pguan/pguan.19.jpg,1,71,70,1,1
P1,Faces96,evaluation,several_enrollment_photographs,pguan,pguan/pguan.20.jpg,1,66,70,0,0
P1,Faces96,evaluation,several_enrollment_photographs,pmbtin,pmbtin/pmbtin.11.jpg,1,101,70,1,1
P1,Faces96,evaluation,several_enrollment_photographs,pmbtin,pmbtin/pmbtin.12.jpg,1,83,70,1,1
P1,Faces96,evaluation,several_enrollment_photographs,pmbtin,pmbtin/pmbtin.13.jpg,1,85,70,1,1
P1,Faces96,evaluation,several_enrollment_photographs,pmbtin,pmbtin/pmbtin.14.jpg,1,72,70,1,1
P1,Faces96,evaluation,several_enrollment_photographs,pmbtin,pmbtin/pmbtin.15.jpg,1,72,70,1,1
P1,Faces96,evaluation,several_enrollment_photographs,pmbtin,pmbtin/pmbtin.16.jpg,1,73,70,1,1
P1,Faces96,evaluation,several_enrollment_photographs,pmbtin,pmbtin/pmbtin.17.jpg,1,70,70,1,1
P1,Faces96,evaluation,several_enrollment_photographs,pmbtin,pmbtin/pmbtin.18.jpg,1,66,70,0,0
P1,Faces96,evaluation,several_enrollment_photographs,pmbtin,pmbtin/pmbtin.19.jpg,1,65,70,0,0
P1,Faces96,evaluation,several_enrollment_photographs,pmbtin,pmbtin/pmbtin.20.jpg,1,71,70,1,1
P1,Faces96,evaluation,several_enrollment_photographs,pmspry,pmspry/pmspry.11.jpg,1,92,70,1,1
P1,Faces96,evaluation,several_enrollment_photographs,pmspry,pmspry/pmspry.12.jpg,1,94,70,1,1
P1,Faces96,evaluation,several_enrollment_photographs,pmspry,pmspry/pmspry.13.jpg,1,91,70,1,1
P1,Faces96,evaluation,several_enrollment_photographs,pmspry,pmspry/pmspry.14.jpg,1,90,70,1,1
P1,Faces96,evaluation,several_enrollment_photographs,pmspry,pmspry/pmspry.15.jpg,1,88,70,1,1
P1,Faces96,evaluation,several_enrollment_photographs,pmspry,pmspry/pmspry.16.jpg,1,94,70,1,1
P1,Faces96,evaluation,several_enrollment_photographs,pmspry,pmspry/pmspry.17.jpg,1,91,70,1,1
P1,Faces96,evaluation,several_enrollment_photographs,pmspry,pmspry/pmspry.18.jpg,1,84,70,1,1
P1,Faces96,evaluation,several_enrollment_photographs,pmspry,pmspry/pmspry.19.jpg,1,93,70,1,1
P1,Faces96,evaluation,several_enrollment_photographs,pmspry,pmspry/pmspry.20.jpg,1,89,70,1,1
P1,Faces96,evaluation,several_enrollment_photographs,pwest,pwest/pwest.11.jpg,1,106,70,1,1
P1,Faces96,evaluation,several_enrollment_photographs,pwest,pwest/pwest.12.jpg,1,83,70,1,1
P1,Faces96,evaluation,several_enrollment_photographs,pwest,pwest/pwest.13.jpg,1,87,70,1,1
P1,Faces96,evaluation,several_enrollment_photographs,pwest,pwest/pwest.14.jpg,1,95,70,1,1
P1,Faces96,evaluation,several_enrollment_photographs,pwest,pwest/pwest.15.jpg,1,102,70,1,1
P1,Faces96,evaluation,several_enrollment_photographs,pwest,pwest/pwest.16.jpg,1,92,70,1,1
P1,Faces96,evaluation,several_enrollment_photographs,pwest,pwest/pwest.17.jpg,1,85,70,1,1
P1,Faces96,evaluation,several_enrollment_photographs,pwest,pwest/pwest.18.jpg,1,104,70,1,1
P1,Faces96,evaluation,several_enrollment_photographs,pwest,pwest/pwest.19.jpg,1,96,70,1,1
P1,Faces96,evaluation,several_enrollment_photographs,pwest,pwest/pwest.20.jpg,1,92,70,1,1
P1,Faces96,evaluation,several_enrollment_photographs,rjobyr,rjobyr/rjobyr.11.jpg,1,84,70,1,1
P1,Faces96,evaluation,several_enrollment_photographs,rjobyr,rjobyr/rjobyr.12.jpg,1,85,70,1,1
P1,Faces96,evaluation,several_enrollment_photographs,rjobyr,rjobyr/rjobyr.13.jpg,1,72,70,1,1
P1,Faces96,evaluation,several_enrollment_photographs,rjobyr,rjobyr/rjobyr.14.jpg,1,70,70,1,1
P1,Faces96,evaluation,several_enrollment_photographs,rjobyr,rjobyr/rjobyr.15.jpg,1,75,70,1,1
P1,Faces96,evaluation,several_enrollment_photographs,rjobyr,rjobyr/rjobyr.16.jpg,1,67,70,0,0
P1,Faces96,evaluation,several_enrollment_photographs,rjobyr,rjobyr/rjobyr.17.jpg,1,64,70,0,0
P1,Faces96,evaluation,several_enrollment_photographs,rjobyr,rjobyr/rjobyr.18.jpg,1,55,70,0,0
P1,Faces96,evaluation,several_enrollment_photographs,rjobyr,rjobyr/rjobyr.19.jpg,1,62,70,0,0
P1,Faces96,evaluation,several_enrollment_photographs,rjobyr,rjobyr/rjobyr.20.jpg,1,70,70,1,1
P1,Faces96,evaluation,several_enrollment_photographs,rscoop,rscoop/rscoop.1.jpg,0,90,70,1,0
P1,Faces96,evaluation,several_enrollment_photographs,rscoop,rscoop/rscoop.2.jpg,0,90,70,1,0
P1,Faces96,evaluation,several_enrollment_photographs,rscoop,rscoop/rscoop.3.jpg,0,87,70,1,0
P1,Faces96,evaluation,several_enrollment_photographs,rscoop,rscoop/rscoop.4.jpg,0,82,70,1,0
P1,Faces96,evaluation,several_enrollment_photographs,rscoop,rscoop/rscoop.5.jpg,0,93,70,1,0
P1,Faces96,evaluation,several_enrollment_photographs,rscoop,rscoop/rscoop.6.jpg,0,86,70,1,0
P1,Faces96,evaluation,several_enrollment_photographs,rscoop,rscoop/rscoop.7.jpg,0,84,70,1,0
P1,Faces96,evaluation,several_enrollment_photographs,rscoop,rscoop/rscoop.8.jpg,0,88,70,1,0
P1,Faces96,evaluation,several_enrollment_photographs,rscoop,rscoop/rscoop.9.jpg,0,83,70,1,0
P1,Faces96,evaluation,several_enrollment_photographs,rscoop,rscoop/rscoop.10.jpg,0,80,70,1,0
P1,Faces96,evaluation,several_enrollment_photographs,rscoop,rscoop/rscoop.11.jpg,0,92,70,1,0
P1,Faces96,evaluation,several_enrollment_photographs,rscoop,rscoop/rscoop.12.jpg,0,85,70,1,0
P1,Faces96,evaluation,several_enrollment_photographs,rscoop,rscoop/rscoop.13.jpg,0,82,70,1,0
P1,Faces96,evaluation,several_enrollment_photographs,rscoop,rscoop/rscoop.14.jpg,0,94,70,1,0
P1,Faces96,evaluation,several_enrollment_photographs,rscoop,rscoop/rscoop.15.jpg,0,86,70,1,0
P1,Faces96,evaluation,several_enrollment_photographs,rscoop,rscoop/rscoop.16.jpg,0,87,70,1,0
P1,Faces96,evaluation,several_enrollment_photographs,rscoop,rscoop/rscoop.17.jpg,0,84,70,1,0
P1,Faces96,evaluation,several_enrollment_photographs,rscoop,rscoop/rscoop.18.jpg,0,89,70,1,0
P1,Faces96,evaluation,several_enrollment_photographs,rscoop,rscoop/rscoop.19.jpg,0,85,70,1,0
P1,Faces96,evaluation,several_enrollment_photographs,rscoop,rscoop/rscoop.20.jpg,0,82,70,1,0
P1,Faces96,evaluation,several_enrollment_photographs,rwsick,rwsick/rwsick.11.jpg,1,85,70,1,1
P1,Faces96,evaluation,several_enrollment_photographs,rwsick,rwsick/rwsick.12.jpg,1,92,70,1,1
P1,Faces96,evaluation,several_enrollment_photographs,rwsick,rwsick/rwsick.13.jpg,1,95,70,1,1
P1,Faces96,evaluation,several_enrollment_photographs,rwsick,rwsick/rwsick.14.jpg,1,94,70,1,1
P1,Faces96,evaluation,several_enrollment_photographs,rwsick,rwsick/rwsick.15.jpg,1,85,70,1,1
P1,Faces96,evaluation,several_enrollment_photographs,rwsick,rwsick/rwsick.16.jpg,1,92,70,1,1
P1,Faces96,evaluation,several_enrollment_photographs,rwsick,rwsick/rwsick.17.jpg,1,92,70,1,1
P1,Faces96,evaluation,several_enrollment_photographs,rwsick,rwsick/rwsick.18.jpg,1,91,70,1,1
P1,Faces96,evaluation,several_enrollment_photographs,rwsick,rwsick/rwsick.19.jpg,1,92,70,1,1
P1,Faces96,evaluation,several_enrollment_photographs,rwsick,rwsick/rwsick.20.jpg,1,90,70,1,1
P1,Faces96,evaluation,several_enrollment_photographs,shamilc,shamilc/shamilc.11.jpg,1,89,70,1,1
P1,Faces96,evaluation,several_enrollment_photographs,shamilc,shamilc/shamilc.12.jpg,1,90,70,1,1
P1,Faces96,evaluation,several_enrollment_photographs,shamilc,shamilc/shamilc.13.jpg,1,87,70,1,1
P1,Faces96,evaluation,several_enrollment_photographs,shamilc,shamilc/shamilc.14.jpg,1,76,70,1,1
P1,Faces96,evaluation,several_enrollment_photographs,shamilc,shamilc/shamilc.15.jpg,1,84,70,1,1
P1,Faces96,evaluation,several_enrollment_photographs,shamilc,shamilc/shamilc.16.jpg,1,76,70,1,1
P1,Faces96,evaluation,several_enrollment_photographs,shamilc,shamilc/shamilc.17.jpg,1,80,70,1,1
P1,Faces96,evaluation,several_enrollment_photographs,shamilc,shamilc/shamilc.18.jpg,1,78,70,1,1
P1,Faces96,evaluation,several_enrollment_photographs,shamilc,shamilc/shamilc.19.jpg,1,89,70,1,1
P1,Faces96,evaluation,several_enrollment_photographs,shamilc,shamilc/shamilc.20.jpg,1,78,70,1,1
P1,Faces96,evaluation,several_enrollment_photographs,snhopp,snhopp/snhopp.7.jpg,0,76,70,1,0
P1,Faces96,evaluation,several_enrollment_photographs,snhopp,snhopp/snhopp.9.jpg,0,74,70,1,0
P1,Faces96,evaluation,several_enrollment_photographs,snhopp,snhopp/snhopp.12.jpg,0,75,70,1,0
P1,Faces96,evaluation,several_enrollment_photographs,snhopp,snhopp/snhopp.13.jpg,0,76,70,1,0
P1,Faces96,evaluation,several_enrollment_photographs,snhopp,snhopp/snhopp.14.jpg,0,72,70,1,0
P1,Faces96,evaluation,several_enrollment_photographs,snhopp,snhopp/snhopp.15.jpg,0,72,70,1,0
P1,Faces96,evaluation,several_enrollment_photographs,todris,todris/todris.11.jpg,1,95,70,1,1
P1,Faces96,evaluation,several_enrollment_photographs,todris,todris/todris.12.jpg,1,86,70,1,1
P1,Faces96,evaluation,several_enrollment_photographs,todris,todris/todris.13.jpg,1,81,70,1,1
P1,Faces96,evaluation,several_enrollment_photographs,todris,todris/todris.14.jpg,1,77,70,1,1
P1,Faces96,evaluation,several_enrollment_photographs,todris,todris/todris.15.jpg,1,75,70,1,1
P1,Faces96,evaluation,several_enrollment_photographs,todris,todris/todris.16.jpg,1,73,70,1,1
P1,Faces96,evaluation,several_enrollment_photographs,todris,todris/todris.17.jpg,1,70,70,1,1
P1,Faces96,evaluation,several_enrollment_photographs,todris,todris/todris.18.jpg,1,74,70,1,1
P1,Faces96,evaluation,several_enrollment_photographs,todris,todris/todris.19.jpg,1,71,70,1,1
P1,Faces96,evaluation,several_enrollment_photographs,todris,todris/todris.20.jpg,1,76,70,1,1
P1,Faces96,evaluation,several_enrollment_photographs,wardcy,wardcy/wardcy.11.jpg,1,96,70,1,1
P1,Faces96,evaluation,several_enrollment_photographs,wardcy,wardcy/wardcy.12.jpg,1,104,70,1,1
P1,Faces96,evaluation,several_enrollment_photographs,wardcy,wardcy/wardcy.13.jpg,1,106,70,1,1
P1,Faces96,evaluation,several_enrollment_photographs,wardcy,wardcy/wardcy.14.jpg,1,98,70,1,1
P1,Faces96,evaluation,several_enrollment_photographs,wardcy,wardcy/wardcy.15.jpg,1,106,70,1,1
P1,Faces96,evaluation,several_enrollment_photographs,wardcy,wardcy/wardcy.16.jpg,1,112,70,1,1
P1,Faces96,evaluation,several_enrollment_photographs,wardcy,wardcy/wardcy.17.jpg,1,77,70,1,1
P1,Faces96,evaluation,several_enrollment_photographs,wardcy,wardcy/wardcy.18.jpg,1,91,70,1,1
P1,Faces96,evaluation,several_enrollment_photographs,wardcy,wardcy/wardcy.19.jpg,1,93,70,1,1
P1,Faces96,evaluation,several_enrollment_photographs,wardcy,wardcy/wardcy.20.jpg,1,65,70,0,0
P2,Faces96,evaluation,several_enrollment_photographs,9540563,9540563/9540563.1.jpg,0,16,14,1,0
P2,Faces96,evaluation,several_enrollment_photographs,9540563,9540563/9540563.2.jpg,0,15,14,1,0
P2,Faces96,evaluation,several_enrollment_photographs,9540563,9540563/9540563.3.jpg,0,7,14,0,1
P2,Faces96,evaluation,several_enrollment_photographs,9540563,9540563/9540563.4.jpg,0,11,14,0,1
P2,Faces96,evaluation,several_enrollment_photographs,9540563,9540563/9540563.6.jpg,0,8,14,0,1
P2,Faces96,evaluation,several_enrollment_photographs,9540563,9540563/9540563.7.jpg,0,9,14,0,1
P2,Faces96,evaluation,several_enrollment_photographs,9540563,9540563/9540563.8.jpg,0,12,14,0,1
P2,Faces96,evaluation,several_enrollment_photographs,9540563,9540563/9540563.9.jpg,0,11,14,0,1
P2,Faces96,evaluation,several_enrollment_photographs,9540563,9540563/9540563.10.jpg,0,15,14,1,0
P2,Faces96,evaluation,several_enrollment_photographs,9540563,9540563/9540563.11.jpg,0,9,14,0,1
P2,Faces96,evaluation,several_enrollment_photographs,9540563,9540563/9540563.12.jpg,0,11,14,0,1
P2,Faces96,evaluation,several_enrollment_photographs,9540563,9540563/9540563.13.jpg,0,13,14,0,1
P2,Faces96,evaluation,several_enrollment_photographs,9540563,9540563/9540563.14.jpg,0,12,14,0,1
P2,Faces96,evaluation,several_enrollment_photographs,9540563,9540563/9540563.15.jpg,0,16,14,1,0
P2,Faces96,evaluation,several_enrollment_photographs,9540563,9540563/9540563.16.jpg,0,16,14,1,0
P2,Faces96,evaluation,several_enrollment_photographs,9540563,9540563/9540563.17.jpg,0,15,14,1,0
P2,Faces96,evaluation,several_enrollment_photographs,9540563,9540563/9540563.18.jpg,0,14,14,1,0
P2,Faces96,evaluation,several_enrollment_photographs,9540563,9540563/9540563.20.jpg,0,17,14,1,0
P2,Faces96,evaluation,several_enrollment_photographs,9540601,9540601/9540601.11.jpg,1,22,14,1,1
P2,Faces96,evaluation,several_enrollment_photographs,9540601,9540601/9540601.12.jpg,1,27,14,1,1
P2,Faces96,evaluation,several_enrollment_photographs,9540601,9540601/9540601.13.jpg,1,28,14,1,1
P2,Faces96,evaluation,several_enrollment_photographs,9540601,9540601/9540601.14.jpg,1,24,14,1,1
P2,Faces96,evaluation,several_enrollment_photographs,9540601,9540601/9540601.15.jpg,1,24,14,1,1
P2,Faces96,evaluation,several_enrollment_photographs,9540601,9540601/9540601.16.jpg,1,28,14,1,1
P2,Faces96,evaluation,several_enrollment_photographs,9540601,9540601/9540601.17.jpg,1,25,14,1,1
P2,Faces96,evaluation,several_enrollment_photographs,9540601,9540601/9540601.18.jpg,1,19,14,1,1
P2,Faces96,evaluation,several_enrollment_photographs,9540601,9540601/9540601.19.jpg,1,26,14,1,1
P2,Faces96,evaluation,several_enrollment_photographs,9540601,9540601/9540601.20.jpg,1,26,14,1,1
P2,Faces96,evaluation,several_enrollment_photographs,9540636,9540636/9540636.11.jpg,1,15,14,1,1
P2,Faces96,evaluation,several_enrollment_photographs,9540636,9540636/9540636.12.jpg,1,15,14,1,1
P2,Faces96,evaluation,several_enrollment_photographs,9540636,9540636/9540636.13.jpg,1,18,14,1,1
P2,Faces96,evaluation,several_enrollment_photographs,9540636,9540636/9540636.14.jpg,1,19,14,1,1
P2,Faces96,evaluation,several_enrollment_photographs,9540636,9540636/9540636.15.jpg,1,16,14,1,1
P2,Faces96,evaluation,several_enrollment_photographs,9540636,9540636/9540636.16.jpg,1,16,14,1,1
P2,Faces96,evaluation,several_enrollment_photographs,9540636,9540636/9540636.17.jpg,1,16,14,1,1
P2,Faces96,evaluation,several_enrollment_photographs,9540636,9540636/9540636.18.jpg,1,14,14,1,1
P2,Faces96,evaluation,several_enrollment_photographs,9540636,9540636/9540636.19.jpg,1,14,14,1,1
P2,Faces96,evaluation,several_enrollment_photographs,9540636,9540636/9540636.20.jpg,1,10,14,0,0
P2,Faces96,evaluation,several_enrollment_photographs,9540644,9540644/9540644.1.jpg,0,12,14,0,1
P2,Faces96,evaluation,several_enrollment_photographs,9540644,9540644/9540644.2.jpg,0,14,14,1,0
P2,Faces96,evaluation,several_enrollment_photographs,9540644,9540644/9540644.3.jpg,0,18,14,1,0
P2,Faces96,evaluation,several_enrollment_photographs,9540644,9540644/9540644.4.jpg,0,9,14,0,1
P2,Faces96,evaluation,several_enrollment_photographs,9540644,9540644/9540644.5.jpg,0,14,14,1,0
P2,Faces96,evaluation,several_enrollment_photographs,9540644,9540644/9540644.6.jpg,0,10,14,0,1
P2,Faces96,evaluation,several_enrollment_photographs,9540644,9540644/9540644.7.jpg,0,14,14,1,0
P2,Faces96,evaluation,several_enrollment_photographs,9540644,9540644/9540644.8.jpg,0,8,14,0,1
P2,Faces96,evaluation,several_enrollment_photographs,9540644,9540644/9540644.9.jpg,0,13,14,0,1
P2,Faces96,evaluation,several_enrollment_photographs,9540644,9540644/9540644.10.jpg,0,9,14,0,1
P2,Faces96,evaluation,several_enrollment_photographs,9540644,9540644/9540644.11.jpg,0,13,14,0,1
P2,Faces96,evaluation,several_enrollment_photographs,9540644,9540644/9540644.12.jpg,0,12,14,0,1
P2,Faces96,evaluation,several_enrollment_photographs,9540644,9540644/9540644.13.jpg,0,11,14,0,1
P2,Faces96,evaluation,several_enrollment_photographs,9540644,9540644/9540644.14.jpg,0,14,14,1,0
P2,Faces96,evaluation,several_enrollment_photographs,9540644,9540644/9540644.15.jpg,0,17,14,1,0
P2,Faces96,evaluation,several_enrollment_photographs,9540644,9540644/9540644.16.jpg,0,14,14,1,0
P2,Faces96,evaluation,several_enrollment_photographs,9540644,9540644/9540644.17.jpg,0,17,14,1,0
P2,Faces96,evaluation,several_enrollment_photographs,9540644,9540644/9540644.18.jpg,0,12,14,0,1
P2,Faces96,evaluation,several_enrollment_photographs,9540644,9540644/9540644.19.jpg,0,13,14,0,1
P2,Faces96,evaluation,several_enrollment_photographs,9540644,9540644/9540644.20.jpg,0,14,14,1,0
P2,Faces96,evaluation,several_enrollment_photographs,9540652,9540652/9540652.11.jpg,1,27,14,1,1
P2,Faces96,evaluation,several_enrollment_photographs,9540652,9540652/9540652.12.jpg,1,26,14,1,1
P2,Faces96,evaluation,several_enrollment_photographs,9540652,9540652/9540652.13.jpg,1,25,14,1,1
P2,Faces96,evaluation,several_enrollment_photographs,9540652,9540652/9540652.14.jpg,1,24,14,1,1
P2,Faces96,evaluation,several_enrollment_photographs,9540652,9540652/9540652.15.jpg,1,29,14,1,1
P2,Faces96,evaluation,several_enrollment_photographs,9540652,9540652/9540652.16.jpg,1,25,14,1,1
P2,Faces96,evaluation,several_enrollment_photographs,9540652,9540652/9540652.17.jpg,1,27,14,1,1
P2,Faces96,evaluation,several_enrollment_photographs,9540652,9540652/9540652.18.jpg,1,29,14,1,1
P2,Faces96,evaluation,several_enrollment_photographs,9540652,9540652/9540652.19.jpg,1,16,14,1,1
P2,Faces96,evaluation,several_enrollment_photographs,9540652,9540652/9540652.20.jpg,1,26,14,1,1
P2,Faces96,evaluation,several_enrollment_photographs,9540695,9540695/9540695.11.jpg,1,24,14,1,1
P2,Faces96,evaluation,several_enrollment_photographs,9540695,9540695/9540695.12.jpg,1,20,14,1,1
P2,Faces96,evaluation,several_enrollment_photographs,9540695,9540695/9540695.13.jpg,1,14,14,1,1
P2,Faces96,evaluation,several_enrollment_photographs,9540695,9540695/9540695.14.jpg,1,13,14,0,0
P2,Faces96,evaluation,several_enrollment_photographs,9540695,9540695/9540695.15.jpg,1,15,14,1,1
P2,Faces96,evaluation,several_enrollment_photographs,9540695,9540695/9540695.16.jpg,1,16,14,1,1
P2,Faces96,evaluation,several_enrollment_photographs,9540695,9540695/9540695.17.jpg,1,8,14,0,0
P2,Faces96,evaluation,several_enrollment_photographs,9540695,9540695/9540695.18.jpg,1,15,14,1,1
P2,Faces96,evaluation,several_enrollment_photographs,9540695,9540695/9540695.19.jpg,1,17,14,1,1
P2,Faces96,evaluation,several_enrollment_photographs,9540695,9540695/9540695.20.jpg,1,10,14,0,0
P2,Faces96,evaluation,several_enrollment_photographs,9540717,9540717/9540717.11.jpg,1,15,14,1,1
P2,Faces96,evaluation,several_enrollment_photographs,9540717,9540717/9540717.12.jpg,1,15,14,1,1
P2,Faces96,evaluation,several_enrollment_photographs,9540717,9540717/9540717.13.jpg,1,11,14,0,0
P2,Faces96,evaluation,several_enrollment_photographs,9540717,9540717/9540717.14.jpg,1,12,14,0,0
P2,Faces96,evaluation,several_enrollment_photographs,9540717,9540717/9540717.15.jpg,1,19,14,1,1
P2,Faces96,evaluation,several_enrollment_photographs,9540717,9540717/9540717.16.jpg,1,14,14,1,1
P2,Faces96,evaluation,several_enrollment_photographs,9540717,9540717/9540717.17.jpg,1,13,14,0,0
P2,Faces96,evaluation,several_enrollment_photographs,9540717,9540717/9540717.18.jpg,1,15,14,1,1
P2,Faces96,evaluation,several_enrollment_photographs,9540717,9540717/9540717.19.jpg,1,16,14,1,1
P2,Faces96,evaluation,several_enrollment_photographs,9540717,9540717/9540717.20.jpg,1,7,14,0,0
P2,Faces96,evaluation,several_enrollment_photographs,9540725,9540725/9540725.11.jpg,1,20,14,1,1
P2,Faces96,evaluation,several_enrollment_photographs,9540725,9540725/9540725.12.jpg,1,27,14,1,1
P2,Faces96,evaluation,several_enrollment_photographs,9540725,9540725/9540725.13.jpg,1,23,14,1,1
P2,Faces96,evaluation,several_enrollment_photographs,9540725,9540725/9540725.14.jpg,1,24,14,1,1
P2,Faces96,evaluation,several_enrollment_photographs,9540725,9540725/9540725.15.jpg,1,21,14,1,1
P2,Faces96,evaluation,several_enrollment_photographs,9540725,9540725/9540725.16.jpg,1,20,14,1,1
P2,Faces96,evaluation,several_enrollment_photographs,9540725,9540725/9540725.17.jpg,1,17,14,1,1
P2,Faces96,evaluation,several_enrollment_photographs,9540725,9540725/9540725.18.jpg,1,23,14,1,1
P2,Faces96,evaluation,several_enrollment_photographs,9540725,9540725/9540725.19.jpg,1,28,14,1,1
P2,Faces96,evaluation,several_enrollment_photographs,9540725,9540725/9540725.20.jpg,1,27,14,1,1
P2,Faces96,evaluation,several_enrollment_photographs,9540733,9540733/9540733.1.jpg,0,15,14,1,0
P2,Faces96,evaluation,several_enrollment_photographs,9540733,9540733/9540733.2.jpg,0,18,14,1,0
P2,Faces96,evaluation,several_enrollment_photographs,9540733,9540733/9540733.3.jpg,0,20,14,1,0
P2,Faces96,evaluation,several_enrollment_photographs,9540733,9540733/9540733.4.jpg,0,15,14,1,0
P2,Faces96,evaluation,several_enrollment_photographs,9540733,9540733/9540733.5.jpg,0,19,14,1,0
P2,Faces96,evaluation,several_enrollment_photographs,9540733,9540733/9540733.6.jpg,0,21,14,1,0
P2,Faces96,evaluation,several_enrollment_photographs,9540733,9540733/9540733.7.jpg,0,19,14,1,0
P2,Faces96,evaluation,several_enrollment_photographs,9540733,9540733/9540733.8.jpg,0,20,14,1,0
P2,Faces96,evaluation,several_enrollment_photographs,9540733,9540733/9540733.9.jpg,0,13,14,0,1
P2,Faces96,evaluation,several_enrollment_photographs,9540733,9540733/9540733.10.jpg,0,17,14,1,0
P2,Faces96,evaluation,several_enrollment_photographs,9540733,9540733/9540733.11.jpg,0,21,14,1,0
P2,Faces96,evaluation,several_enrollment_photographs,9540733,9540733/9540733.12.jpg,0,18,14,1,0
P2,Faces96,evaluation,several_enrollment_photographs,9540733,9540733/9540733.13.jpg,0,10,14,0,1
P2,Faces96,evaluation,several_enrollment_photographs,9540733,9540733/9540733.14.jpg,0,13,14,0,1
P2,Faces96,evaluation,several_enrollment_photographs,9540733,9540733/9540733.15.jpg,0,15,14,1,0
P2,Faces96,evaluation,several_enrollment_photographs,9540733,9540733/9540733.16.jpg,0,14,14,1,0
P2,Faces96,evaluation,several_enrollment_photographs,9540733,9540733/9540733.17.jpg,0,14,14,1,0
P2,Faces96,evaluation,several_enrollment_photographs,9540733,9540733/9540733.18.jpg,0,19,14,1,0
P2,Faces96,evaluation,several_enrollment_photographs,9540733,9540733/9540733.19.jpg,0,7,14,0,1
P2,Faces96,evaluation,several_enrollment_photographs,9540733,9540733/9540733.20.jpg,0,15,14,1,0
P2,Faces96,evaluation,several_enrollment_photographs,9540741,9540741/9540741.11.jpg,1,23,14,1,1
P2,Faces96,evaluation,several_enrollment_photographs,9540741,9540741/9540741.12.jpg,1,21,14,1,1
P2,Faces96,evaluation,several_enrollment_photographs,9540741,9540741/9540741.13.jpg,1,27,14,1,1
P2,Faces96,evaluation,several_enrollment_photographs,9540741,9540741/9540741.14.jpg,1,23,14,1,1
P2,Faces96,evaluation,several_enrollment_photographs,9540741,9540741/9540741.15.jpg,1,22,14,1,1
P2,Faces96,evaluation,several_enrollment_photographs,9540741,9540741/9540741.16.jpg,1,26,14,1,1
P2,Faces96,evaluation,several_enrollment_photographs,9540741,9540741/9540741.17.jpg,1,22,14,1,1
P2,Faces96,evaluation,several_enrollment_photographs,9540741,9540741/9540741.18.jpg,1,17,14,1,1
P2,Faces96,evaluation,several_enrollment_photographs,9540741,9540741/9540741.19.jpg,1,24,14,1,1
P2,Faces96,evaluation,several_enrollment_photographs,9540741,9540741/9540741.20.jpg,1,16,14,1,1
P2,Faces96,evaluation,several_enrollment_photographs,9540792,9540792/9540792.11.jpg,1,30,14,1,1
P2,Faces96,evaluation,several_enrollment_photographs,9540792,9540792/9540792.12.jpg,1,29,14,1,1
P2,Faces96,evaluation,several_enrollment_photographs,9540792,9540792/9540792.13.jpg,1,27,14,1,1
P2,Faces96,evaluation,several_enrollment_photographs,9540792,9540792/9540792.14.jpg,1,20,14,1,1
P2,Faces96,evaluation,several_enrollment_photographs,9540792,9540792/9540792.15.jpg,1,18,14,1,1
P2,Faces96,evaluation,several_enrollment_photographs,9540792,9540792/9540792.16.jpg,1,20,14,1,1
P2,Faces96,evaluation,several_enrollment_photographs,9540792,9540792/9540792.17.jpg,1,16,14,1,1
P2,Faces96,evaluation,several_enrollment_photographs,9540792,9540792/9540792.18.jpg,1,17,14,1,1
P2,Faces96,evaluation,several_enrollment_photographs,9540792,9540792/9540792.19.jpg,1,16,14,1,1
P2,Faces96,evaluation,several_enrollment_photographs,9540792,9540792/9540792.20.jpg,1,15,14,1,1
P2,Faces96,evaluation,several_enrollment_photographs,9540822,9540822/9540822.1.jpg,0,14,14,1,0
P2,Faces96,evaluation,several_enrollment_photographs,9540822,9540822/9540822.2.jpg,0,15,14,1,0
P2,Faces96,evaluation,several_enrollment_photographs,9540822,9540822/9540822.3.jpg,0,17,14,1,0
P2,Faces96,evaluation,several_enrollment_photographs,9540822,9540822/9540822.4.jpg,0,15,14,1,0
P2,Faces96,evaluation,several_enrollment_photographs,9540822,9540822/9540822.5.jpg,0,14,14,1,0
P2,Faces96,evaluation,several_enrollment_photographs,9540822,9540822/9540822.6.jpg,0,18,14,1,0
P2,Faces96,evaluation,several_enrollment_photographs,9540822,9540822/9540822.7.jpg,0,18,14,1,0
P2,Faces96,evaluation,several_enrollment_photographs,9540822,9540822/9540822.8.jpg,0,19,14,1,0
P2,Faces96,evaluation,several_enrollment_photographs,9540822,9540822/9540822.9.jpg,0,15,14,1,0
P2,Faces96,evaluation,several_enrollment_photographs,9540822,9540822/9540822.10.jpg,0,17,14,1,0
P2,Faces96,evaluation,several_enrollment_photographs,9540822,9540822/9540822.11.jpg,0,12,14,0,1
P2,Faces96,evaluation,several_enrollment_photographs,9540822,9540822/9540822.12.jpg,0,19,14,1,0
P2,Faces96,evaluation,several_enrollment_photographs,9540822,9540822/9540822.13.jpg,0,17,14,1,0
P2,Faces96,evaluation,several_enrollment_photographs,9540822,9540822/9540822.14.jpg,0,21,14,1,0
P2,Faces96,evaluation,several_enrollment_photographs,9540822,9540822/9540822.15.jpg,0,15,14,1,0
P2,Faces96,evaluation,several_enrollment_photographs,9540822,9540822/9540822.16.jpg,0,17,14,1,0
P2,Faces96,evaluation,several_enrollment_photographs,9540822,9540822/9540822.17.jpg,0,14,14,1,0
P2,Faces96,evaluation,several_enrollment_photographs,9540822,9540822/9540822.18.jpg,0,12,14,0,1
P2,Faces96,evaluation,several_enrollment_photographs,9540822,9540822/9540822.19.jpg,0,16,14,1,0
P2,Faces96,evaluation,several_enrollment_photographs,9540822,9540822/9540822.20.jpg,0,16,14,1,0
P2,Faces96,evaluation,several_enrollment_photographs,9540849,9540849/9540849.1.jpg,0,20,14,1,0
P2,Faces96,evaluation,several_enrollment_photographs,9540849,9540849/9540849.2.jpg,0,19,14,1,0
P2,Faces96,evaluation,several_enrollment_photographs,9540849,9540849/9540849.3.jpg,0,16,14,1,0
P2,Faces96,evaluation,several_enrollment_photographs,9540849,9540849/9540849.4.jpg,0,13,14,0,1
P2,Faces96,evaluation,several_enrollment_photographs,9540849,9540849/9540849.5.jpg,0,15,14,1,0
P2,Faces96,evaluation,several_enrollment_photographs,9540849,9540849/9540849.6.jpg,0,11,14,0,1
P2,Faces96,evaluation,several_enrollment_photographs,9540849,9540849/9540849.7.jpg,0,15,14,1,0
P2,Faces96,evaluation,several_enrollment_photographs,9540849,9540849/9540849.8.jpg,0,20,14,1,0
P2,Faces96,evaluation,several_enrollment_photographs,9540849,9540849/9540849.9.jpg,0,16,14,1,0
P2,Faces96,evaluation,several_enrollment_photographs,9540849,9540849/9540849.10.jpg,0,14,14,1,0
P2,Faces96,evaluation,several_enrollment_photographs,9540849,9540849/9540849.11.jpg,0,12,14,0,1
P2,Faces96,evaluation,several_enrollment_photographs,9540849,9540849/9540849.12.jpg,0,12,14,0,1
P2,Faces96,evaluation,several_enrollment_photographs,9540849,9540849/9540849.13.jpg,0,16,14,1,0
P2,Faces96,evaluation,several_enrollment_photographs,9540849,9540849/9540849.14.jpg,0,12,14,0,1
P2,Faces96,evaluation,several_enrollment_photographs,9540849,9540849/9540849.15.jpg,0,12,14,0,1
P2,Faces96,evaluation,several_enrollment_photographs,9540849,9540849/9540849.16.jpg,0,15,14,1,0
P2,Faces96,evaluation,several_enrollment_photographs,9540849,9540849/9540849.17.jpg,0,14,14,1,0
P2,Faces96,evaluation,several_enrollment_photographs,9540849,9540849/9540849.18.jpg,0,16,14,1,0
P2,Faces96,evaluation,several_enrollment_photographs,9540849,9540849/9540849.19.jpg,0,15,14,1,0
P2,Faces96,evaluation,several_enrollment_photographs,9540849,9540849/9540849.20.jpg,0,11,14,0,1
P2,Faces96,evaluation,several_enrollment_photographs,9602283,9602283/9602283.11.jpg,1,18,14,1,1
P2,Faces96,evaluation,several_enrollment_photographs,9602283,9602283/9602283.12.jpg,1,21,14,1,1
P2,Faces96,evaluation,several_enrollment_photographs,9602283,9602283/9602283.13.jpg,1,22,14,1,1
P2,Faces96,evaluation,several_enrollment_photographs,9602283,9602283/9602283.14.jpg,1,23,14,1,1
P2,Faces96,evaluation,several_enrollment_photographs,9602283,9602283/9602283.15.jpg,1,23,14,1,1
P2,Faces96,evaluation,several_enrollment_photographs,9602283,9602283/9602283.16.jpg,1,23,14,1,1
P2,Faces96,evaluation,several_enrollment_photographs,9602283,9602283/9602283.17.jpg,1,25,14,1,1
P2,Faces96,evaluation,several_enrollment_photographs,9602283,9602283/9602283.18.jpg,1,22,14,1,1
P2,Faces96,evaluation,several_enrollment_photographs,9602283,9602283/9602283.19.jpg,1,26,14,1,1
P2,Faces96,evaluation,several_enrollment_photographs,9602283,9602283/9602283.20.jpg,1,26,14,1,1
P2,Faces96,evaluation,several_enrollment_photographs,9630643,9630643/9630643.11.jpg,1,34,14,1,1
P2,Faces96,evaluation,several_enrollment_photographs,9630643,9630643/9630643.12.jpg,1,35,14,1,1
P2,Faces96,evaluation,several_enrollment_photographs,9630643,9630643/9630643.13.jpg,1,29,14,1,1
P2,Faces96,evaluation,several_enrollment_photographs,9630643,9630643/9630643.14.jpg,1,31,14,1,1
P2,Faces96,evaluation,several_enrollment_photographs,9630643,9630643/9630643.15.jpg,1,25,14,1,1
P2,Faces96,evaluation,several_enrollment_photographs,9630643,9630643/9630643.16.jpg,1,28,14,1,1
P2,Faces96,evaluation,several_enrollment_photographs,9630643,9630643/9630643.17.jpg,1,20,14,1,1
P2,Faces96,evaluation,several_enrollment_photographs,9630643,9630643/9630643.18.jpg,1,22,14,1,1
P2,Faces96,evaluation,several_enrollment_photographs,9630643,9630643/9630643.19.jpg,1,21,14,1,1
P2,Faces96,evaluation,several_enrollment_photographs,9630643,9630643/9630643.20.jpg,1,22,14,1,1
P2,Faces96,evaluation,several_enrollment_photographs,adpoun,adpoun/adpoun.11.jpg,1,27,14,1,1
P2,Faces96,evaluation,several_enrollment_photographs,adpoun,adpoun/adpoun.12.jpg,1,32,14,1,1
P2,Faces96,evaluation,several_enrollment_photographs,adpoun,adpoun/adpoun.13.jpg,1,26,14,1,1
P2,Faces96,evaluation,several_enrollment_photographs,adpoun,adpoun/adpoun.14.jpg,1,30,14,1,1
P2,Faces96,evaluation,several_enrollment_photographs,adpoun,adpoun/adpoun.15.jpg,1,34,14,1,1
P2,Faces96,evaluation,several_enrollment_photographs,adpoun,adpoun/adpoun.16.jpg,1,27,14,1,1
P2,Faces96,evaluation,several_enrollment_photographs,adpoun,adpoun/adpoun.17.jpg,1,25,14,1,1
P2,Faces96,evaluation,several_enrollment_photographs,adpoun,adpoun/adpoun.18.jpg,1,26,14,1,1
P2,Faces96,evaluation,several_enrollment_photographs,adpoun,adpoun/adpoun.19.jpg,1,21,14,1,1
P2,Faces96,evaluation,several_enrollment_photographs,adpoun,adpoun/adpoun.20.jpg,1,29,14,1,1
P2,Faces96,evaluation,several_enrollment_photographs,akopci,akopci/akopci.11.jpg,1,29,14,1,1
P2,Faces96,evaluation,several_enrollment_photographs,akopci,akopci/akopci.12.jpg,1,26,14,1,1
P2,Faces96,evaluation,several_enrollment_photographs,akopci,akopci/akopci.13.jpg,1,24,14,1,1
P2,Faces96,evaluation,several_enrollment_photographs,akopci,akopci/akopci.14.jpg,1,24,14,1,1
P2,Faces96,evaluation,several_enrollment_photographs,akopci,akopci/akopci.15.jpg,1,25,14,1,1
P2,Faces96,evaluation,several_enrollment_photographs,akopci,akopci/akopci.16.jpg,1,20,14,1,1
P2,Faces96,evaluation,several_enrollment_photographs,akopci,akopci/akopci.17.jpg,1,25,14,1,1
P2,Faces96,evaluation,several_enrollment_photographs,akopci,akopci/akopci.18.jpg,1,21,14,1,1
P2,Faces96,evaluation,several_enrollment_photographs,akopci,akopci/akopci.19.jpg,1,21,14,1,1
P2,Faces96,evaluation,several_enrollment_photographs,akopci,akopci/akopci.20.jpg,1,20,14,1,1
P2,Faces96,evaluation,several_enrollment_photographs,amflem,amflem/amflem.11.jpg,1,20,14,1,1
P2,Faces96,evaluation,several_enrollment_photographs,amflem,amflem/amflem.12.jpg,1,32,14,1,1
P2,Faces96,evaluation,several_enrollment_photographs,amflem,amflem/amflem.13.jpg,1,31,14,1,1
P2,Faces96,evaluation,several_enrollment_photographs,amflem,amflem/amflem.14.jpg,1,31,14,1,1
P2,Faces96,evaluation,several_enrollment_photographs,amflem,amflem/amflem.15.jpg,1,25,14,1,1
P2,Faces96,evaluation,several_enrollment_photographs,amflem,amflem/amflem.16.jpg,1,28,14,1,1
P2,Faces96,evaluation,several_enrollment_photographs,amflem,amflem/amflem.17.jpg,1,31,14,1,1
P2,Faces96,evaluation,several_enrollment_photographs,amflem,amflem/amflem.18.jpg,1,31,14,1,1
P2,Faces96,evaluation,several_enrollment_photographs,amflem,amflem/amflem.19.jpg,1,29,14,1,1
P2,Faces96,evaluation,several_enrollment_photographs,amflem,amflem/amflem.20.jpg,1,26,14,1,1
P2,Faces96,evaluation,several_enrollment_photographs,amtalb,amtalb/amtalb.11.jpg,1,25,14,1,1
P2,Faces96,evaluation,several_enrollment_photographs,amtalb,amtalb/amtalb.12.jpg,1,24,14,1,1
P2,Faces96,evaluation,several_enrollment_photographs,amtalb,amtalb/amtalb.13.jpg,1,25,14,1,1
P2,Faces96,evaluation,several_enrollment_photographs,amtalb,amtalb/amtalb.14.jpg,1,27,14,1,1
P2,Faces96,evaluation,several_enrollment_photographs,amtalb,amtalb/amtalb.15.jpg,1,24,14,1,1
P2,Faces96,evaluation,several_enrollment_photographs,amtalb,amtalb/amtalb.16.jpg,1,27,14,1,1
P2,Faces96,evaluation,several_enrollment_photographs,amtalb,amtalb/amtalb.17.jpg,1,23,14,1,1
P2,Faces96,evaluation,several_enrollment_photographs,amtalb,amtalb/amtalb.18.jpg,1,20,14,1,1
P2,Faces96,evaluation,several_enrollment_photographs,amtalb,amtalb/amtalb.19.jpg,1,26,14,1,1
P2,Faces96,evaluation,several_enrollment_photographs,amtalb,amtalb/amtalb.20.jpg,1,20,14,1,1
P2,Faces96,evaluation,several_enrollment_photographs,arwebb,arwebb/arwebb.1.jpg,0,14,14,1,0
P2,Faces96,evaluation,several_enrollment_photographs,arwebb,arwebb/arwebb.2.jpg,0,12,14,0,1
P2,Faces96,evaluation,several_enrollment_photographs,arwebb,arwebb/arwebb.3.jpg,0,11,14,0,1
P2,Faces96,evaluation,several_enrollment_photographs,arwebb,arwebb/arwebb.4.jpg,0,16,14,1,0
P2,Faces96,evaluation,several_enrollment_photographs,arwebb,arwebb/arwebb.5.jpg,0,17,14,1,0
P2,Faces96,evaluation,several_enrollment_photographs,arwebb,arwebb/arwebb.6.jpg,0,17,14,1,0
P2,Faces96,evaluation,several_enrollment_photographs,arwebb,arwebb/arwebb.7.jpg,0,11,14,0,1
P2,Faces96,evaluation,several_enrollment_photographs,arwebb,arwebb/arwebb.8.jpg,0,13,14,0,1
P2,Faces96,evaluation,several_enrollment_photographs,arwebb,arwebb/arwebb.9.jpg,0,12,14,0,1
P2,Faces96,evaluation,several_enrollment_photographs,arwebb,arwebb/arwebb.10.jpg,0,14,14,1,0
P2,Faces96,evaluation,several_enrollment_photographs,arwebb,arwebb/arwebb.11.jpg,0,12,14,0,1
P2,Faces96,evaluation,several_enrollment_photographs,arwebb,arwebb/arwebb.12.jpg,0,10,14,0,1
P2,Faces96,evaluation,several_enrollment_photographs,arwebb,arwebb/arwebb.13.jpg,0,14,14,1,0
P2,Faces96,evaluation,several_enrollment_photographs,arwebb,arwebb/arwebb.14.jpg,0,13,14,0,1
P2,Faces96,evaluation,several_enrollment_photographs,arwebb,arwebb/arwebb.15.jpg,0,13,14,0,1
P2,Faces96,evaluation,several_enrollment_photographs,arwebb,arwebb/arwebb.16.jpg,0,16,14,1,0
P2,Faces96,evaluation,several_enrollment_photographs,arwebb,arwebb/arwebb.17.jpg,0,14,14,1,0
P2,Faces96,evaluation,several_enrollment_photographs,arwebb,arwebb/arwebb.18.jpg,0,15,14,1,0
P2,Faces96,evaluation,several_enrollment_photographs,arwebb,arwebb/arwebb.19.jpg,0,11,14,0,1
P2,Faces96,evaluation,several_enrollment_photographs,arwebb,arwebb/arwebb.20.jpg,0,9,14,0,1
P2,Faces96,evaluation,several_enrollment_photographs,atfpou,atfpou/atfpou.11.jpg,1,29,14,1,1
P2,Faces96,evaluation,several_enrollment_photographs,atfpou,atfpou/atfpou.12.jpg,1,31,14,1,1
P2,Faces96,evaluation,several_enrollment_photographs,atfpou,atfpou/atfpou.13.jpg,1,25,14,1,1
P2,Faces96,evaluation,several_enrollment_photographs,atfpou,atfpou/atfpou.14.jpg,1,28,14,1,1
P2,Faces96,evaluation,several_enrollment_photographs,atfpou,atfpou/atfpou.15.jpg,1,34,14,1,1
P2,Faces96,evaluation,several_enrollment_photographs,atfpou,atfpou/atfpou.16.jpg,1,31,14,1,1
P2,Faces96,evaluation,several_enrollment_photographs,atfpou,atfpou/atfpou.17.jpg,1,29,14,1,1
P2,Faces96,evaluation,several_enrollment_photographs,atfpou,atfpou/atfpou.18.jpg,1,36,14,1,1
P2,Faces96,evaluation,several_enrollment_photographs,atfpou,atfpou/atfpou.19.jpg,1,30,14,1,1
P2,Faces96,evaluation,several_enrollment_photographs,atfpou,atfpou/atfpou.20.jpg,1,28,14,1,1
P2,Faces96,evaluation,several_enrollment_photographs,cowie,cowie/cowie.11.jpg,1,22,14,1,1
P2,Faces96,evaluation,several_enrollment_photographs,cowie,cowie/cowie.12.jpg,1,26,14,1,1
P2,Faces96,evaluation,several_enrollment_photographs,cowie,cowie/cowie.13.jpg,1,28,14,1,1
P2,Faces96,evaluation,several_enrollment_photographs,cowie,cowie/cowie.14.jpg,1,25,14,1,1
P2,Faces96,evaluation,several_enrollment_photographs,cowie,cowie/cowie.15.jpg,1,30,14,1,1
P2,Faces96,evaluation,several_enrollment_photographs,cowie,cowie/cowie.16.jpg,1,29,14,1,1
P2,Faces96,evaluation,several_enrollment_photographs,cowie,cowie/cowie.17.jpg,1,27,14,1,1
P2,Faces96,evaluation,several_enrollment_photographs,cowie,cowie/cowie.18.jpg,1,25,14,1,1
P2,Faces96,evaluation,several_enrollment_photographs,cowie,cowie/cowie.19.jpg,1,27,14,1,1
P2,Faces96,evaluation,several_enrollment_photographs,cowie,cowie/cowie.20.jpg,1,29,14,1,1
P2,Faces96,evaluation,several_enrollment_photographs,cpatki,cpatki/cpatki.11.jpg,1,18,14,1,1
P2,Faces96,evaluation,several_enrollment_photographs,cpatki,cpatki/cpatki.12.jpg,1,15,14,1,1
P2,Faces96,evaluation,several_enrollment_photographs,cpatki,cpatki/cpatki.13.jpg,1,23,14,1,1
P2,Faces96,evaluation,several_enrollment_photographs,cpatki,cpatki/cpatki.14.jpg,1,19,14,1,1
P2,Faces96,evaluation,several_enrollment_photographs,cpatki,cpatki/cpatki.15.jpg,1,19,14,1,1
P2,Faces96,evaluation,several_enrollment_photographs,cpatki,cpatki/cpatki.16.jpg,1,22,14,1,1
P2,Faces96,evaluation,several_enrollment_photographs,cpatki,cpatki/cpatki.17.jpg,1,14,14,1,1
P2,Faces96,evaluation,several_enrollment_photographs,cpatki,cpatki/cpatki.18.jpg,1,18,14,1,1
P2,Faces96,evaluation,several_enrollment_photographs,cpatki,cpatki/cpatki.19.jpg,1,20,14,1,1
P2,Faces96,evaluation,several_enrollment_photographs,cpatki,cpatki/cpatki.20.jpg,1,20,14,1,1
P2,Faces96,evaluation,several_enrollment_photographs,cprice,cprice/cprice.11.jpg,1,40,14,1,1
P2,Faces96,evaluation,several_enrollment_photographs,cprice,cprice/cprice.12.jpg,1,35,14,1,1
P2,Faces96,evaluation,several_enrollment_photographs,cprice,cprice/cprice.13.jpg,1,33,14,1,1
P2,Faces96,evaluation,several_enrollment_photographs,cprice,cprice/cprice.14.jpg,1,29,14,1,1
P2,Faces96,evaluation,several_enrollment_photographs,cprice,cprice/cprice.15.jpg,1,29,14,1,1
P2,Faces96,evaluation,several_enrollment_photographs,cprice,cprice/cprice.16.jpg,1,29,14,1,1
P2,Faces96,evaluation,several_enrollment_photographs,cprice,cprice/cprice.17.jpg,1,25,14,1,1
P2,Faces96,evaluation,several_enrollment_photographs,cprice,cprice/cprice.18.jpg,1,31,14,1,1
P2,Faces96,evaluation,several_enrollment_photographs,cprice,cprice/cprice.19.jpg,1,31,14,1,1
P2,Faces96,evaluation,several_enrollment_photographs,cprice,cprice/cprice.20.jpg,1,27,14,1,1
P2,Faces96,evaluation,several_enrollment_photographs,dhaydo,dhaydo/dhaydo.11.jpg,1,23,14,1,1
P2,Faces96,evaluation,several_enrollment_photographs,dhaydo,dhaydo/dhaydo.12.jpg,1,22,14,1,1
P2,Faces96,evaluation,several_enrollment_photographs,dhaydo,dhaydo/dhaydo.13.jpg,1,20,14,1,1
P2,Faces96,evaluation,several_enrollment_photographs,dhaydo,dhaydo/dhaydo.14.jpg,1,18,14,1,1
P2,Faces96,evaluation,several_enrollment_photographs,dhaydo,dhaydo/dhaydo.15.jpg,1,18,14,1,1
P2,Faces96,evaluation,several_enrollment_photographs,dhaydo,dhaydo/dhaydo.16.jpg,1,21,14,1,1
P2,Faces96,evaluation,several_enrollment_photographs,dhaydo,dhaydo/dhaydo.17.jpg,1,15,14,1,1
P2,Faces96,evaluation,several_enrollment_photographs,dhaydo,dhaydo/dhaydo.18.jpg,1,17,14,1,1
P2,Faces96,evaluation,several_enrollment_photographs,dhaydo,dhaydo/dhaydo.19.jpg,1,16,14,1,1
P2,Faces96,evaluation,several_enrollment_photographs,dhaydo,dhaydo/dhaydo.20.jpg,1,19,14,1,1
P2,Faces96,evaluation,several_enrollment_photographs,djpben,djpben/djpben.11.jpg,1,29,14,1,1
P2,Faces96,evaluation,several_enrollment_photographs,djpben,djpben/djpben.12.jpg,1,33,14,1,1
P2,Faces96,evaluation,several_enrollment_photographs,djpben,djpben/djpben.13.jpg,1,29,14,1,1
P2,Faces96,evaluation,several_enrollment_photographs,djpben,djpben/djpben.14.jpg,1,24,14,1,1
P2,Faces96,evaluation,several_enrollment_photographs,djpben,djpben/djpben.15.jpg,1,31,14,1,1
P2,Faces96,evaluation,several_enrollment_photographs,djpben,djpben/djpben.16.jpg,1,32,14,1,1
P2,Faces96,evaluation,several_enrollment_photographs,djpben,djpben/djpben.17.jpg,1,29,14,1,1
P2,Faces96,evaluation,several_enrollment_photographs,djpben,djpben/djpben.18.jpg,1,28,14,1,1
P2,Faces96,evaluation,several_enrollment_photographs,djpben,djpben/djpben.19.jpg,1,28,14,1,1
P2,Faces96,evaluation,several_enrollment_photographs,djpben,djpben/djpben.20.jpg,1,31,14,1,1
P2,Faces96,evaluation,several_enrollment_photographs,djtye,djtye/djtye.1.jpg,0,10,14,0,1
P2,Faces96,evaluation,several_enrollment_photographs,djtye,djtye/djtye.2.jpg,0,15,14,1,0
P2,Faces96,evaluation,several_enrollment_photographs,djtye,djtye/djtye.3.jpg,0,9,14,0,1
P2,Faces96,evaluation,several_enrollment_photographs,djtye,djtye/djtye.4.jpg,0,13,14,0,1
P2,Faces96,evaluation,several_enrollment_photographs,djtye,djtye/djtye.5.jpg,0,10,14,0,1
P2,Faces96,evaluation,several_enrollment_photographs,djtye,djtye/djtye.6.jpg,0,13,14,0,1
P2,Faces96,evaluation,several_enrollment_photographs,djtye,djtye/djtye.7.jpg,0,15,14,1,0
P2,Faces96,evaluation,several_enrollment_photographs,djtye,djtye/djtye.8.jpg,0,9,14,0,1
P2,Faces96,evaluation,several_enrollment_photographs,djtye,djtye/djtye.9.jpg,0,15,14,1,0
P2,Faces96,evaluation,several_enrollment_photographs,djtye,djtye/djtye.10.jpg,0,8,14,0,1
P2,Faces96,evaluation,several_enrollment_photographs,djtye,djtye/djtye.11.jpg,0,12,14,0,1
P2,Faces96,evaluation,several_enrollment_photographs,djtye,djtye/djtye.12.jpg,0,14,14,1,0
P2,Faces96,evaluation,several_enrollment_photographs,djtye,djtye/djtye.13.jpg,0,18,14,1,0
P2,Faces96,evaluation,several_enrollment_photographs,djtye,djtye/djtye.14.jpg,0,18,14,1,0
P2,Faces96,evaluation,several_enrollment_photographs,djtye,djtye/djtye.15.jpg,0,16,14,1,0
P2,Faces96,evaluation,several_enrollment_photographs,djtye,djtye/djtye.16.jpg,0,17,14,1,0
P2,Faces96,evaluation,several_enrollment_photographs,djtye,djtye/djtye.17.jpg,0,13,14,0,1
P2,Faces96,evaluation,several_enrollment_photographs,djtye,djtye/djtye.18.jpg,0,12,14,0,1
P2,Faces96,evaluation,several_enrollment_photographs,djtye,djtye/djtye.19.jpg,0,14,14,1,0
P2,Faces96,evaluation,several_enrollment_photographs,djtye,djtye/djtye.20.jpg,0,13,14,0,1
P2,Faces96,evaluation,several_enrollment_photographs,dkourkf,dkourkf/dkourkf.1.jpg,0,17,14,1,0
P2,Faces96,evaluation,several_enrollment_photographs,dkourkf,dkourkf/dkourkf.2.jpg,0,15,14,1,0
P2,Faces96,evaluation,several_enrollment_photographs,dkourkf,dkourkf/dkourkf.3.jpg,0,13,14,0,1
P2,Faces96,evaluation,several_enrollment_photographs,dkourkf,dkourkf/dkourkf.4.jpg,0,14,14,1,0
P2,Faces96,evaluation,several_enrollment_photographs,dkourkf,dkourkf/dkourkf.5.jpg,0,22,14,1,0
P2,Faces96,evaluation,several_enrollment_photographs,dkourkf,dkourkf/dkourkf.6.jpg,0,13,14,0,1
P2,Faces96,evaluation,several_enrollment_photographs,dkourkf,dkourkf/dkourkf.7.jpg,0,14,14,1,0
P2,Faces96,evaluation,several_enrollment_photographs,dkourkf,dkourkf/dkourkf.8.jpg,0,16,14,1,0
P2,Faces96,evaluation,several_enrollment_photographs,dkourkf,dkourkf/dkourkf.9.jpg,0,13,14,0,1
P2,Faces96,evaluation,several_enrollment_photographs,dkourkf,dkourkf/dkourkf.10.jpg,0,10,14,0,1
P2,Faces96,evaluation,several_enrollment_photographs,dkourkf,dkourkf/dkourkf.11.jpg,0,9,14,0,1
P2,Faces96,evaluation,several_enrollment_photographs,dkourkf,dkourkf/dkourkf.12.jpg,0,8,14,0,1
P2,Faces96,evaluation,several_enrollment_photographs,dkourkf,dkourkf/dkourkf.13.jpg,0,14,14,1,0
P2,Faces96,evaluation,several_enrollment_photographs,dkourkf,dkourkf/dkourkf.14.jpg,0,12,14,0,1
P2,Faces96,evaluation,several_enrollment_photographs,dkourkf,dkourkf/dkourkf.15.jpg,0,11,14,0,1
P2,Faces96,evaluation,several_enrollment_photographs,dkourkf,dkourkf/dkourkf.16.jpg,0,12,14,0,1
P2,Faces96,evaluation,several_enrollment_photographs,dkourkf,dkourkf/dkourkf.17.jpg,0,10,14,0,1
P2,Faces96,evaluation,several_enrollment_photographs,dkourkf,dkourkf/dkourkf.18.jpg,0,15,14,1,0
P2,Faces96,evaluation,several_enrollment_photographs,dkourkf,dkourkf/dkourkf.19.jpg,0,14,14,1,0
P2,Faces96,evaluation,several_enrollment_photographs,dkourkf,dkourkf/dkourkf.20.jpg,0,10,14,0,1
P2,Faces96,evaluation,several_enrollment_photographs,dlwise,dlwise/dlwise.11.jpg,1,25,14,1,1
P2,Faces96,evaluation,several_enrollment_photographs,dlwise,dlwise/dlwise.12.jpg,1,23,14,1,1
P2,Faces96,evaluation,several_enrollment_photographs,dlwise,dlwise/dlwise.13.jpg,1,21,14,1,1
P2,Faces96,evaluation,several_enrollment_photographs,dlwise,dlwise/dlwise.14.jpg,1,26,14,1,1
P2,Faces96,evaluation,several_enrollment_photographs,dlwise,dlwise/dlwise.15.jpg,1,27,14,1,1
P2,Faces96,evaluation,several_enrollment_photographs,dlwise,dlwise/dlwise.16.jpg,1,27,14,1,1
P2,Faces96,evaluation,several_enrollment_photographs,dlwise,dlwise/dlwise.17.jpg,1,20,14,1,1
P2,Faces96,evaluation,several_enrollment_photographs,dlwise,dlwise/dlwise.18.jpg,1,19,14,1,1
P2,Faces96,evaluation,several_enrollment_photographs,dlwise,dlwise/dlwise.19.jpg,1,19,14,1,1
P2,Faces96,evaluation,several_enrollment_photographs,dlwise,dlwise/dlwise.20.jpg,1,24,14,1,1
P2,Faces96,evaluation,several_enrollment_photographs,dnoguy,dnoguy/dnoguy.11.jpg,1,19,14,1,1
P2,Faces96,evaluation,several_enrollment_photographs,dnoguy,dnoguy/dnoguy.12.jpg,1,25,14,1,1
P2,Faces96,evaluation,several_enrollment_photographs,dnoguy,dnoguy/dnoguy.13.jpg,1,19,14,1,1
P2,Faces96,evaluation,several_enrollment_photographs,dnoguy,dnoguy/dnoguy.14.jpg,1,13,14,0,0
P2,Faces96,evaluation,several_enrollment_photographs,dnoguy,dnoguy/dnoguy.15.jpg,1,17,14,1,1
P2,Faces96,evaluation,several_enrollment_photographs,dnoguy,dnoguy/dnoguy.16.jpg,1,15,14,1,1
P2,Faces96,evaluation,several_enrollment_photographs,dnoguy,dnoguy/dnoguy.17.jpg,1,12,14,0,0
P2,Faces96,evaluation,several_enrollment_photographs,dnoguy,dnoguy/dnoguy.18.jpg,1,17,14,1,1
P2,Faces96,evaluation,several_enrollment_photographs,dnoguy,dnoguy/dnoguy.19.jpg,1,22,14,1,1
P2,Faces96,evaluation,several_enrollment_photographs,dnoguy,dnoguy/dnoguy.20.jpg,1,15,14,1,1
P2,Faces96,evaluation,several_enrollment_photographs,elalio,elalio/elalio.1.jpg,0,13,14,0,1
P2,Faces96,evaluation,several_enrollment_photographs,elalio,elalio/elalio.2.jpg,0,19,14,1,0
P2,Faces96,evaluation,several_enrollment_photographs,elalio,elalio/elalio.3.jpg,0,14,14,1,0
P2,Faces96,evaluation,several_enrollment_photographs,elalio,elalio/elalio.4.jpg,0,15,14,1,0
P2,Faces96,evaluation,several_enrollment_photographs,elalio,elalio/elalio.5.jpg,0,12,14,0,1
P2,Faces96,evaluation,several_enrollment_photographs,elalio,elalio/elalio.6.jpg,0,11,14,0,1
P2,Faces96,evaluation,several_enrollment_photographs,elalio,elalio/elalio.7.jpg,0,13,14,0,1
P2,Faces96,evaluation,several_enrollment_photographs,elalio,elalio/elalio.8.jpg,0,11,14,0,1
P2,Faces96,evaluation,several_enrollment_photographs,elalio,elalio/elalio.9.jpg,0,9,14,0,1
P2,Faces96,evaluation,several_enrollment_photographs,elalio,elalio/elalio.10.jpg,0,20,14,1,0
P2,Faces96,evaluation,several_enrollment_photographs,elalio,elalio/elalio.11.jpg,0,18,14,1,0
P2,Faces96,evaluation,several_enrollment_photographs,elalio,elalio/elalio.12.jpg,0,16,14,1,0
P2,Faces96,evaluation,several_enrollment_photographs,elalio,elalio/elalio.13.jpg,0,17,14,1,0
P2,Faces96,evaluation,several_enrollment_photographs,elalio,elalio/elalio.14.jpg,0,15,14,1,0
P2,Faces96,evaluation,several_enrollment_photographs,elalio,elalio/elalio.15.jpg,0,9,14,0,1
P2,Faces96,evaluation,several_enrollment_photographs,elalio,elalio/elalio.16.jpg,0,9,14,0,1
P2,Faces96,evaluation,several_enrollment_photographs,elalio,elalio/elalio.17.jpg,0,14,14,1,0
P2,Faces96,evaluation,several_enrollment_photographs,elalio,elalio/elalio.18.jpg,0,11,14,0,1
P2,Faces96,evaluation,several_enrollment_photographs,elalio,elalio/elalio.19.jpg,0,13,14,0,1
P2,Faces96,evaluation,several_enrollment_photographs,elalio,elalio/elalio.20.jpg,0,17,14,1,0
P2,Faces96,evaluation,several_enrollment_photographs,fmquaz,fmquaz/fmquaz.1.jpg,0,15,14,1,0
P2,Faces96,evaluation,several_enrollment_photographs,fmquaz,fmquaz/fmquaz.2.jpg,0,14,14,1,0
P2,Faces96,evaluation,several_enrollment_photographs,fmquaz,fmquaz/fmquaz.3.jpg,0,18,14,1,0
P2,Faces96,evaluation,several_enrollment_photographs,fmquaz,fmquaz/fmquaz.4.jpg,0,15,14,1,0
P2,Faces96,evaluation,several_enrollment_photographs,fmquaz,fmquaz/fmquaz.5.jpg,0,19,14,1,0
P2,Faces96,evaluation,several_enrollment_photographs,fmquaz,fmquaz/fmquaz.6.jpg,0,15,14,1,0
P2,Faces96,evaluation,several_enrollment_photographs,fmquaz,fmquaz/fmquaz.7.jpg,0,14,14,1,0
P2,Faces96,evaluation,several_enrollment_photographs,fmquaz,fmquaz/fmquaz.8.jpg,0,17,14,1,0
P2,Faces96,evaluation,several_enrollment_photographs,fmquaz,fmquaz/fmquaz.9.jpg,0,18,14,1,0
P2,Faces96,evaluation,several_enrollment_photographs,fmquaz,fmquaz/fmquaz.10.jpg,0,16,14,1,0
P2,Faces96,evaluation,several_enrollment_photographs,fmquaz,fmquaz/fmquaz.11.jpg,0,12,14,0,1
P2,Faces96,evaluation,several_enrollment_photographs,fmquaz,fmquaz/fmquaz.12.jpg,0,12,14,0,1
P2,Faces96,evaluation,several_enrollment_photographs,fmquaz,fmquaz/fmquaz.13.jpg,0,17,14,1,0
P2,Faces96,evaluation,several_enrollment_photographs,fmquaz,fmquaz/fmquaz.14.jpg,0,15,14,1,0
P2,Faces96,evaluation,several_enrollment_photographs,fmquaz,fmquaz/fmquaz.15.jpg,0,15,14,1,0
P2,Faces96,evaluation,several_enrollment_photographs,fmquaz,fmquaz/fmquaz.16.jpg,0,12,14,0,1
P2,Faces96,evaluation,several_enrollment_photographs,fmquaz,fmquaz/fmquaz.17.jpg,0,11,14,0,1
P2,Faces96,evaluation,several_enrollment_photographs,fmquaz,fmquaz/fmquaz.18.jpg,0,18,14,1,0
P2,Faces96,evaluation,several_enrollment_photographs,fmquaz,fmquaz/fmquaz.19.jpg,0,17,14,1,0
P2,Faces96,evaluation,several_enrollment_photographs,fmquaz,fmquaz/fmquaz.20.jpg,0,19,14,1,0
P2,Faces96,evaluation,several_enrollment_photographs,gdsamp,gdsamp/gdsamp.11.jpg,1,26,14,1,1
P2,Faces96,evaluation,several_enrollment_photographs,gdsamp,gdsamp/gdsamp.12.jpg,1,20,14,1,1
P2,Faces96,evaluation,several_enrollment_photographs,gdsamp,gdsamp/gdsamp.13.jpg,1,24,14,1,1
P2,Faces96,evaluation,several_enrollment_photographs,gdsamp,gdsamp/gdsamp.14.jpg,1,28,14,1,1
P2,Faces96,evaluation,several_enrollment_photographs,gdsamp,gdsamp/gdsamp.15.jpg,1,27,14,1,1
P2,Faces96,evaluation,several_enrollment_photographs,gdsamp,gdsamp/gdsamp.16.jpg,1,28,14,1,1
P2,Faces96,evaluation,several_enrollment_photographs,gdsamp,gdsamp/gdsamp.17.jpg,1,12,14,0,0
P2,Faces96,evaluation,several_enrollment_photographs,gdsamp,gdsamp/gdsamp.18.jpg,1,15,14,1,1
P2,Faces96,evaluation,several_enrollment_photographs,gdsamp,gdsamp/gdsamp.19.jpg,1,23,14,1,1
P2,Faces96,evaluation,several_enrollment_photographs,gdsamp,gdsamp/gdsamp.20.jpg,1,12,14,0,0
P2,Faces96,evaluation,several_enrollment_photographs,gghazv,gghazv/gghazv.1.jpg,0,11,14,0,1
P2,Faces96,evaluation,several_enrollment_photographs,gghazv,gghazv/gghazv.2.jpg,0,15,14,1,0
P2,Faces96,evaluation,several_enrollment_photographs,gghazv,gghazv/gghazv.3.jpg,0,13,14,0,1
P2,Faces96,evaluation,several_enrollment_photographs,gghazv,gghazv/gghazv.4.jpg,0,17,14,1,0
P2,Faces96,evaluation,several_enrollment_photographs,gghazv,gghazv/gghazv.5.jpg,0,12,14,0,1
P2,Faces96,evaluation,several_enrollment_photographs,gghazv,gghazv/gghazv.6.jpg,0,8,14,0,1
P2,Faces96,evaluation,several_enrollment_photographs,gghazv,gghazv/gghazv.7.jpg,0,14,14,1,0
P2,Faces96,evaluation,several_enrollment_photographs,gghazv,gghazv/gghazv.8.jpg,0,13,14,0,1
P2,Faces96,evaluation,several_enrollment_photographs,gghazv,gghazv/gghazv.9.jpg,0,11,14,0,1
P2,Faces96,evaluation,several_enrollment_photographs,gghazv,gghazv/gghazv.10.jpg,0,10,14,0,1
P2,Faces96,evaluation,several_enrollment_photographs,gghazv,gghazv/gghazv.11.jpg,0,12,14,0,1
P2,Faces96,evaluation,several_enrollment_photographs,gghazv,gghazv/gghazv.12.jpg,0,8,14,0,1
P2,Faces96,evaluation,several_enrollment_photographs,gghazv,gghazv/gghazv.13.jpg,0,10,14,0,1
P2,Faces96,evaluation,several_enrollment_photographs,gghazv,gghazv/gghazv.14.jpg,0,6,14,0,1
P2,Faces96,evaluation,several_enrollment_photographs,gghazv,gghazv/gghazv.15.jpg,0,14,14,1,0
P2,Faces96,evaluation,several_enrollment_photographs,gghazv,gghazv/gghazv.16.jpg,0,15,14,1,0
P2,Faces96,evaluation,several_enrollment_photographs,gghazv,gghazv/gghazv.17.jpg,0,11,14,0,1
P2,Faces96,evaluation,several_enrollment_photographs,gghazv,gghazv/gghazv.18.jpg,0,11,14,0,1
P2,Faces96,evaluation,several_enrollment_photographs,gghazv,gghazv/gghazv.19.jpg,0,13,14,0,1
P2,Faces96,evaluation,several_enrollment_photographs,gghazv,gghazv/gghazv.20.jpg,0,17,14,1,0
P2,Faces96,evaluation,several_enrollment_photographs,gjbods,gjbods/gjbods.11.jpg,1,29,14,1,1
P2,Faces96,evaluation,several_enrollment_photographs,gjbods,gjbods/gjbods.12.jpg,1,26,14,1,1
P2,Faces96,evaluation,several_enrollment_photographs,gjbods,gjbods/gjbods.13.jpg,1,22,14,1,1
P2,Faces96,evaluation,several_enrollment_photographs,gjbods,gjbods/gjbods.14.jpg,1,24,14,1,1
P2,Faces96,evaluation,several_enrollment_photographs,gjbods,gjbods/gjbods.15.jpg,1,25,14,1,1
P2,Faces96,evaluation,several_enrollment_photographs,gjbods,gjbods/gjbods.16.jpg,1,20,14,1,1
P2,Faces96,evaluation,several_enrollment_photographs,gjbods,gjbods/gjbods.17.jpg,1,24,14,1,1
P2,Faces96,evaluation,several_enrollment_photographs,gjbods,gjbods/gjbods.18.jpg,1,22,14,1,1
P2,Faces96,evaluation,several_enrollment_photographs,gjbods,gjbods/gjbods.19.jpg,1,18,14,1,1
P2,Faces96,evaluation,several_enrollment_photographs,gjbods,gjbods/gjbods.20.jpg,1,21,14,1,1
P2,Faces96,evaluation,several_enrollment_photographs,gllong,gllong/gllong.11.jpg,1,22,14,1,1
P2,Faces96,evaluation,several_enrollment_photographs,gllong,gllong/gllong.12.jpg,1,18,14,1,1
P2,Faces96,evaluation,several_enrollment_photographs,gllong,gllong/gllong.13.jpg,1,16,14,1,1
P2,Faces96,evaluation,several_enrollment_photographs,gllong,gllong/gllong.14.jpg,1,11,14,0,0
P2,Faces96,evaluation,several_enrollment_photographs,gllong,gllong/gllong.15.jpg,1,17,14,1,1
P2,Faces96,evaluation,several_enrollment_photographs,gllong,gllong/gllong.16.jpg,1,15,14,1,1
P2,Faces96,evaluation,several_enrollment_photographs,gllong,gllong/gllong.17.jpg,1,11,14,0,0
P2,Faces96,evaluation,several_enrollment_photographs,gllong,gllong/gllong.18.jpg,1,10,14,0,0
P2,Faces96,evaluation,several_enrollment_photographs,gllong,gllong/gllong.19.jpg,1,12,14,0,0
P2,Faces96,evaluation,several_enrollment_photographs,gllong,gllong/gllong.20.jpg,1,12,14,0,0
P2,Faces96,evaluation,several_enrollment_photographs,gmagul,gmagul/gmagul.11.jpg,1,38,14,1,1
P2,Faces96,evaluation,several_enrollment_photographs,gmagul,gmagul/gmagul.12.jpg,1,31,14,1,1
P2,Faces96,evaluation,several_enrollment_photographs,gmagul,gmagul/gmagul.13.jpg,1,29,14,1,1
P2,Faces96,evaluation,several_enrollment_photographs,gmagul,gmagul/gmagul.14.jpg,1,28,14,1,1
P2,Faces96,evaluation,several_enrollment_photographs,gmagul,gmagul/gmagul.15.jpg,1,27,14,1,1
P2,Faces96,evaluation,several_enrollment_photographs,gmagul,gmagul/gmagul.16.jpg,1,27,14,1,1
P2,Faces96,evaluation,several_enrollment_photographs,gmagul,gmagul/gmagul.17.jpg,1,26,14,1,1
P2,Faces96,evaluation,several_enrollment_photographs,gmagul,gmagul/gmagul.18.jpg,1,29,14,1,1
P2,Faces96,evaluation,several_enrollment_photographs,gmagul,gmagul/gmagul.19.jpg,1,31,14,1,1
P2,Faces96,evaluation,several_enrollment_photographs,gmagul,gmagul/gmagul.20.jpg,1,36,14,1,1
P2,Faces96,evaluation,several_enrollment_photographs,gmidgl,gmidgl/gmidgl.11.jpg,1,28,14,1,1
P2,Faces96,evaluation,several_enrollment_photographs,gmidgl,gmidgl/gmidgl.12.jpg,1,26,14,1,1
P2,Faces96,evaluation,several_enrollment_photographs,gmidgl,gmidgl/gmidgl.13.jpg,1,25,14,1,1
P2,Faces96,evaluation,several_enrollment_photographs,gmidgl,gmidgl/gmidgl.14.jpg,1,22,14,1,1
P2,Faces96,evaluation,several_enrollment_photographs,gmidgl,gmidgl/gmidgl.15.jpg,1,22,14,1,1
P2,Faces96,evaluation,several_enrollment_photographs,gmidgl,gmidgl/gmidgl.16.jpg,1,25,14,1,1
P2,Faces96,evaluation,several_enrollment_photographs,gmidgl,gmidgl/gmidgl.17.jpg,1,27,14,1,1
P2,Faces96,evaluation,several_enrollment_photographs,gmidgl,gmidgl/gmidgl.18.jpg,1,27,14,1,1
P2,Faces96,evaluation,several_enrollment_photographs,gmidgl,gmidgl/gmidgl.19.jpg,1,25,14,1,1
P2,Faces96,evaluation,several_enrollment_photographs,gmidgl,gmidgl/gmidgl.20.jpg,1,27,14,1,1
P2,Faces96,evaluation,several_enrollment_photographs,idsizm,idsizm/idsizm.11.jpg,1,15,14,1,1
P2,Faces96,evaluation,several_enrollment_photographs,idsizm,idsizm/idsizm.12.jpg,1,18,14,1,1
P2,Faces96,evaluation,several_enrollment_photographs,idsizm,idsizm/idsizm.13.jpg,1,19,14,1,1
P2,Faces96,evaluation,several_enrollment_photographs,idsizm,idsizm/idsizm.14.jpg,1,16,14,1,1
P2,Faces96,evaluation,several_enrollment_photographs,idsizm,idsizm/idsizm.15.jpg,1,23,14,1,1
P2,Faces96,evaluation,several_enrollment_photographs,idsizm,idsizm/idsizm.16.jpg,1,17,14,1,1
P2,Faces96,evaluation,several_enrollment_photographs,idsizm,idsizm/idsizm.17.jpg,1,28,14,1,1
P2,Faces96,evaluation,several_enrollment_photographs,idsizm,idsizm/idsizm.18.jpg,1,23,14,1,1
P2,Faces96,evaluation,several_enrollment_photographs,idsizm,idsizm/idsizm.19.jpg,1,15,14,1,1
P2,Faces96,evaluation,several_enrollment_photographs,idsizm,idsizm/idsizm.20.jpg,1,15,14,1,1
P2,Faces96,evaluation,several_enrollment_photographs,jbgood,jbgood/jbgood.11.jpg,1,20,14,1,1
P2,Faces96,evaluation,several_enrollment_photographs,jbgood,jbgood/jbgood.12.jpg,1,27,14,1,1
P2,Faces96,evaluation,several_enrollment_photographs,jbgood,jbgood/jbgood.13.jpg,1,21,14,1,1
P2,Faces96,evaluation,several_enrollment_photographs,jbgood,jbgood/jbgood.14.jpg,1,17,14,1,1
P2,Faces96,evaluation,several_enrollment_photographs,jbgood,jbgood/jbgood.15.jpg,1,14,14,1,1
P2,Faces96,evaluation,several_enrollment_photographs,jbgood,jbgood/jbgood.16.jpg,1,17,14,1,1
P2,Faces96,evaluation,several_enrollment_photographs,jbgood,jbgood/jbgood.17.jpg,1,16,14,1,1
P2,Faces96,evaluation,several_enrollment_photographs,jbgood,jbgood/jbgood.18.jpg,1,14,14,1,1
P2,Faces96,evaluation,several_enrollment_photographs,jbgood,jbgood/jbgood.19.jpg,1,17,14,1,1
P2,Faces96,evaluation,several_enrollment_photographs,jbgood,jbgood/jbgood.20.jpg,1,10,14,0,0
P2,Faces96,evaluation,several_enrollment_photographs,jjdacl,jjdacl/jjdacl.1.jpg,0,14,14,1,0
P2,Faces96,evaluation,several_enrollment_photographs,jjdacl,jjdacl/jjdacl.2.jpg,0,15,14,1,0
P2,Faces96,evaluation,several_enrollment_photographs,jjdacl,jjdacl/jjdacl.3.jpg,0,11,14,0,1
P2,Faces96,evaluation,several_enrollment_photographs,jjdacl,jjdacl/jjdacl.4.jpg,0,16,14,1,0
P2,Faces96,evaluation,several_enrollment_photographs,jjdacl,jjdacl/jjdacl.5.jpg,0,12,14,0,1
P2,Faces96,evaluation,several_enrollment_photographs,jjdacl,jjdacl/jjdacl.6.jpg,0,23,14,1,0
P2,Faces96,evaluation,several_enrollment_photographs,jjdacl,jjdacl/jjdacl.7.jpg,0,12,14,0,1
P2,Faces96,evaluation,several_enrollment_photographs,jjdacl,jjdacl/jjdacl.8.jpg,0,10,14,0,1
P2,Faces96,evaluation,several_enrollment_photographs,jjdacl,jjdacl/jjdacl.9.jpg,0,16,14,1,0
P2,Faces96,evaluation,several_enrollment_photographs,jjdacl,jjdacl/jjdacl.10.jpg,0,13,14,0,1
P2,Faces96,evaluation,several_enrollment_photographs,jjdacl,jjdacl/jjdacl.11.jpg,0,11,14,0,1
P2,Faces96,evaluation,several_enrollment_photographs,jjdacl,jjdacl/jjdacl.12.jpg,0,15,14,1,0
P2,Faces96,evaluation,several_enrollment_photographs,jjdacl,jjdacl/jjdacl.13.jpg,0,17,14,1,0
P2,Faces96,evaluation,several_enrollment_photographs,jjdacl,jjdacl/jjdacl.14.jpg,0,18,14,1,0
P2,Faces96,evaluation,several_enrollment_photographs,jjdacl,jjdacl/jjdacl.15.jpg,0,19,14,1,0
P2,Faces96,evaluation,several_enrollment_photographs,jjdacl,jjdacl/jjdacl.16.jpg,0,12,14,0,1
P2,Faces96,evaluation,several_enrollment_photographs,jjdacl,jjdacl/jjdacl.17.jpg,0,16,14,1,0
P2,Faces96,evaluation,several_enrollment_photographs,jjdacl,jjdacl/jjdacl.18.jpg,0,14,14,1,0
P2,Faces96,evaluation,several_enrollment_photographs,jjdacl,jjdacl/jjdacl.19.jpg,0,14,14,1,0
P2,Faces96,evaluation,several_enrollment_photographs,jjdacl,jjdacl/jjdacl.20.jpg,0,13,14,0,1
P2,Faces96,evaluation,several_enrollment_photographs,jjohns,jjohns/jjohns.11.jpg,1,13,14,0,0
P2,Faces96,evaluation,several_enrollment_photographs,jjohns,jjohns/jjohns.12.jpg,1,17,14,1,1
P2,Faces96,evaluation,several_enrollment_photographs,jjohns,jjohns/jjohns.13.jpg,1,17,14,1,1
P2,Faces96,evaluation,several_enrollment_photographs,jjohns,jjohns/jjohns.14.jpg,1,12,14,0,0
P2,Faces96,evaluation,several_enrollment_photographs,jjohns,jjohns/jjohns.15.jpg,1,16,14,1,1
P2,Faces96,evaluation,several_enrollment_photographs,jjohns,jjohns/jjohns.16.jpg,1,14,14,1,1
P2,Faces96,evaluation,several_enrollment_photographs,jjohns,jjohns/jjohns.17.jpg,1,15,14,1,1
P2,Faces96,evaluation,several_enrollment_photographs,jjohns,jjohns/jjohns.18.jpg,1,8,14,0,0
P2,Faces96,evaluation,several_enrollment_photographs,jjohns,jjohns/jjohns.19.jpg,1,17,14,1,1
P2,Faces96,evaluation,several_enrollment_photographs,jjohns,jjohns/jjohns.20.jpg,1,14,14,1,1
P2,Faces96,evaluation,several_enrollment_photographs,jphoor,jphoor/jphoor.11.jpg,1,22,14,1,1
P2,Faces96,evaluation,several_enrollment_photographs,jphoor,jphoor/jphoor.12.jpg,1,21,14,1,1
P2,Faces96,evaluation,several_enrollment_photographs,jphoor,jphoor/jphoor.13.jpg,1,17,14,1,1
P2,Faces96,evaluation,several_enrollment_photographs,jphoor,jphoor/jphoor.14.jpg,1,15,14,1,1
P2,Faces96,evaluation,several_enrollment_photographs,jphoor,jphoor/jphoor.15.jpg,1,20,14,1,1
P2,Faces96,evaluation,several_enrollment_photographs,jphoor,jphoor/jphoor.16.jpg,1,16,14,1,1
P2,Faces96,evaluation,several_enrollment_photographs,jphoor,jphoor/jphoor.17.jpg,1,10,14,0,0
P2,Faces96,evaluation,several_enrollment_photographs,jphoor,jphoor/jphoor.18.jpg,1,19,14,1,1
P2,Faces96,evaluation,several_enrollment_photographs,jphoor,jphoor/jphoor.19.jpg,1,17,14,1,1
P2,Faces96,evaluation,several_enrollment_photographs,jphoor,jphoor/jphoor.20.jpg,1,20,14,1,1
P2,Faces96,evaluation,several_enrollment_photographs,jwdpag,jwdpag/jwdpag.11.jpg,1,22,14,1,1
P2,Faces96,evaluation,several_enrollment_photographs,jwdpag,jwdpag/jwdpag.12.jpg,1,25,14,1,1
P2,Faces96,evaluation,several_enrollment_photographs,jwdpag,jwdpag/jwdpag.13.jpg,1,22,14,1,1
P2,Faces96,evaluation,several_enrollment_photographs,jwdpag,jwdpag/jwdpag.14.jpg,1,18,14,1,1
P2,Faces96,evaluation,several_enrollment_photographs,jwdpag,jwdpag/jwdpag.15.jpg,1,18,14,1,1
P2,Faces96,evaluation,several_enrollment_photographs,jwdpag,jwdpag/jwdpag.16.jpg,1,20,14,1,1
P2,Faces96,evaluation,several_enrollment_photographs,jwdpag,jwdpag/jwdpag.17.jpg,1,22,14,1,1
P2,Faces96,evaluation,several_enrollment_photographs,jwdpag,jwdpag/jwdpag.18.jpg,1,24,14,1,1
P2,Faces96,evaluation,several_enrollment_photographs,jwdpag,jwdpag/jwdpag.19.jpg,1,23,14,1,1
P2,Faces96,evaluation,several_enrollment_photographs,jwdpag,jwdpag/jwdpag.20.jpg,1,23,14,1,1
P2,Faces96,evaluation,several_enrollment_photographs,kphans,kphans/kphans.11.jpg,1,20,14,1,1
P2,Faces96,evaluation,several_enrollment_photographs,kphans,kphans/kphans.12.jpg,1,20,14,1,1
P2,Faces96,evaluation,several_enrollment_photographs,kphans,kphans/kphans.13.jpg,1,20,14,1,1
P2,Faces96,evaluation,several_enrollment_photographs,kphans,kphans/kphans.14.jpg,1,20,14,1,1
P2,Faces96,evaluation,several_enrollment_photographs,kphans,kphans/kphans.15.jpg,1,16,14,1,1
P2,Faces96,evaluation,several_enrollment_photographs,kphans,kphans/kphans.16.jpg,1,15,14,1,1
P2,Faces96,evaluation,several_enrollment_photographs,kphans,kphans/kphans.17.jpg,1,13,14,0,0
P2,Faces96,evaluation,several_enrollment_photographs,kphans,kphans/kphans.18.jpg,1,17,14,1,1
P2,Faces96,evaluation,several_enrollment_photographs,kphans,kphans/kphans.19.jpg,1,19,14,1,1
P2,Faces96,evaluation,several_enrollment_photographs,kphans,kphans/kphans.20.jpg,1,20,14,1,1
P2,Faces96,evaluation,several_enrollment_photographs,llevet,llevet/llevet.11.jpg,1,24,14,1,1
P2,Faces96,evaluation,several_enrollment_photographs,llevet,llevet/llevet.12.jpg,1,27,14,1,1
P2,Faces96,evaluation,several_enrollment_photographs,llevet,llevet/llevet.13.jpg,1,24,14,1,1
P2,Faces96,evaluation,several_enrollment_photographs,llevet,llevet/llevet.14.jpg,1,21,14,1,1
P2,Faces96,evaluation,several_enrollment_photographs,llevet,llevet/llevet.15.jpg,1,16,14,1,1
P2,Faces96,evaluation,several_enrollment_photographs,llevet,llevet/llevet.16.jpg,1,18,14,1,1
P2,Faces96,evaluation,several_enrollment_photographs,llevet,llevet/llevet.17.jpg,1,19,14,1,1
P2,Faces96,evaluation,several_enrollment_photographs,llevet,llevet/llevet.18.jpg,1,22,14,1,1
P2,Faces96,evaluation,several_enrollment_photographs,llevet,llevet/llevet.19.jpg,1,22,14,1,1
P2,Faces96,evaluation,several_enrollment_photographs,llevet,llevet/llevet.20.jpg,1,19,14,1,1
P2,Faces96,evaluation,several_enrollment_photographs,mclarkd,mclarkd/mclarkd.11.jpg,1,22,14,1,1
P2,Faces96,evaluation,several_enrollment_photographs,mclarkd,mclarkd/mclarkd.12.jpg,1,24,14,1,1
P2,Faces96,evaluation,several_enrollment_photographs,mclarkd,mclarkd/mclarkd.13.jpg,1,23,14,1,1
P2,Faces96,evaluation,several_enrollment_photographs,mclarkd,mclarkd/mclarkd.14.jpg,1,18,14,1,1
P2,Faces96,evaluation,several_enrollment_photographs,mclarkd,mclarkd/mclarkd.15.jpg,1,20,14,1,1
P2,Faces96,evaluation,several_enrollment_photographs,mclarkd,mclarkd/mclarkd.16.jpg,1,22,14,1,1
P2,Faces96,evaluation,several_enrollment_photographs,mclarkd,mclarkd/mclarkd.17.jpg,1,21,14,1,1
P2,Faces96,evaluation,several_enrollment_photographs,mclarkd,mclarkd/mclarkd.18.jpg,1,19,14,1,1
P2,Faces96,evaluation,several_enrollment_photographs,mclarkd,mclarkd/mclarkd.19.jpg,1,17,14,1,1
P2,Faces96,evaluation,several_enrollment_photographs,mclarkd,mclarkd/mclarkd.20.jpg,1,20,14,1,1
P2,Faces96,evaluation,several_enrollment_photographs,mkvwon,mkvwon/mkvwon.1.jpg,0,15,14,1,0
P2,Faces96,evaluation,several_enrollment_photographs,mkvwon,mkvwon/mkvwon.2.jpg,0,18,14,1,0
P2,Faces96,evaluation,several_enrollment_photographs,mkvwon,mkvwon/mkvwon.3.jpg,0,16,14,1,0
P2,Faces96,evaluation,several_enrollment_photographs,mkvwon,mkvwon/mkvwon.4.jpg,0,12,14,0,1
P2,Faces96,evaluation,several_enrollment_photographs,mkvwon,mkvwon/mkvwon.5.jpg,0,14,14,1,0
P2,Faces96,evaluation,several_enrollment_photographs,mkvwon,mkvwon/mkvwon.6.jpg,0,12,14,0,1
P2,Faces96,evaluation,several_enrollment_photographs,mkvwon,mkvwon/mkvwon.7.jpg,0,17,14,1,0
P2,Faces96,evaluation,several_enrollment_photographs,mkvwon,mkvwon/mkvwon.8.jpg,0,13,14,0,1
P2,Faces96,evaluation,several_enrollment_photographs,mkvwon,mkvwon/mkvwon.9.jpg,0,12,14,0,1
P2,Faces96,evaluation,several_enrollment_photographs,mkvwon,mkvwon/mkvwon.10.jpg,0,12,14,0,1
P2,Faces96,evaluation,several_enrollment_photographs,mkvwon,mkvwon/mkvwon.11.jpg,0,14,14,1,0
P2,Faces96,evaluation,several_enrollment_photographs,mkvwon,mkvwon/mkvwon.12.jpg,0,16,14,1,0
P2,Faces96,evaluation,several_enrollment_photographs,mkvwon,mkvwon/mkvwon.13.jpg,0,15,14,1,0
P2,Faces96,evaluation,several_enrollment_photographs,mkvwon,mkvwon/mkvwon.14.jpg,0,13,14,0,1
P2,Faces96,evaluation,several_enrollment_photographs,mkvwon,mkvwon/mkvwon.15.jpg,0,11,14,0,1
P2,Faces96,evaluation,several_enrollment_photographs,mkvwon,mkvwon/mkvwon.16.jpg,0,11,14,0,1
P2,Faces96,evaluation,several_enrollment_photographs,mkvwon,mkvwon/mkvwon.17.jpg,0,13,14,0,1
P2,Faces96,evaluation,several_enrollment_photographs,mkvwon,mkvwon/mkvwon.18.jpg,0,13,14,0,1
P2,Faces96,evaluation,several_enrollment_photographs,mkvwon,mkvwon/mkvwon.19.jpg,0,15,14,1,0
P2,Faces96,evaluation,several_enrollment_photographs,mkvwon,mkvwon/mkvwon.20.jpg,0,14,14,1,0
P2,Faces96,evaluation,several_enrollment_photographs,moshep,moshep/moshep.1.jpg,0,11,14,0,1
P2,Faces96,evaluation,several_enrollment_photographs,moshep,moshep/moshep.2.jpg,0,14,14,1,0
P2,Faces96,evaluation,several_enrollment_photographs,moshep,moshep/moshep.3.jpg,0,10,14,0,1
P2,Faces96,evaluation,several_enrollment_photographs,moshep,moshep/moshep.4.jpg,0,9,14,0,1
P2,Faces96,evaluation,several_enrollment_photographs,moshep,moshep/moshep.5.jpg,0,10,14,0,1
P2,Faces96,evaluation,several_enrollment_photographs,moshep,moshep/moshep.6.jpg,0,10,14,0,1
P2,Faces96,evaluation,several_enrollment_photographs,moshep,moshep/moshep.7.jpg,0,8,14,0,1
P2,Faces96,evaluation,several_enrollment_photographs,moshep,moshep/moshep.8.jpg,0,11,14,0,1
P2,Faces96,evaluation,several_enrollment_photographs,moshep,moshep/moshep.9.jpg,0,10,14,0,1
P2,Faces96,evaluation,several_enrollment_photographs,moshep,moshep/moshep.10.jpg,0,6,14,0,1
P2,Faces96,evaluation,several_enrollment_photographs,moshep,moshep/moshep.11.jpg,0,6,14,0,1
P2,Faces96,evaluation,several_enrollment_photographs,moshep,moshep/moshep.12.jpg,0,13,14,0,1
P2,Faces96,evaluation,several_enrollment_photographs,moshep,moshep/moshep.13.jpg,0,8,14,0,1
P2,Faces96,evaluation,several_enrollment_photographs,moshep,moshep/moshep.14.jpg,0,10,14,0,1
P2,Faces96,evaluation,several_enrollment_photographs,moshep,moshep/moshep.15.jpg,0,9,14,0,1
P2,Faces96,evaluation,several_enrollment_photographs,moshep,moshep/moshep.16.jpg,0,14,14,1,0
P2,Faces96,evaluation,several_enrollment_photographs,moshep,moshep/moshep.17.jpg,0,12,14,0,1
P2,Faces96,evaluation,several_enrollment_photographs,moshep,moshep/moshep.18.jpg,0,9,14,0,1
P2,Faces96,evaluation,several_enrollment_photographs,moshep,moshep/moshep.19.jpg,0,14,14,1,0
P2,Faces96,evaluation,several_enrollment_photographs,moshep,moshep/moshep.20.jpg,0,9,14,0,1
P2,Faces96,evaluation,several_enrollment_photographs,mpdavie,mpdavie/mpdavie.11.jpg,1,27,14,1,1
P2,Faces96,evaluation,several_enrollment_photographs,mpdavie,mpdavie/mpdavie.12.jpg,1,20,14,1,1
P2,Faces96,evaluation,several_enrollment_photographs,mpdavie,mpdavie/mpdavie.13.jpg,1,25,14,1,1
P2,Faces96,evaluation,several_enrollment_photographs,mpdavie,mpdavie/mpdavie.14.jpg,1,23,14,1,1
P2,Faces96,evaluation,several_enrollment_photographs,mpdavie,mpdavie/mpdavie.15.jpg,1,21,14,1,1
P2,Faces96,evaluation,several_enrollment_photographs,mpdavie,mpdavie/mpdavie.16.jpg,1,27,14,1,1
P2,Faces96,evaluation,several_enrollment_photographs,mpdavie,mpdavie/mpdavie.17.jpg,1,16,14,1,1
P2,Faces96,evaluation,several_enrollment_photographs,mpdavie,mpdavie/mpdavie.18.jpg,1,14,14,1,1
P2,Faces96,evaluation,several_enrollment_photographs,mpdavie,mpdavie/mpdavie.19.jpg,1,19,14,1,1
P2,Faces96,evaluation,several_enrollment_photographs,mpdavie,mpdavie/mpdavie.20.jpg,1,22,14,1,1
P2,Faces96,evaluation,several_enrollment_photographs,mwillc,mwillc/mwillc.11.jpg,1,20,14,1,1
P2,Faces96,evaluation,several_enrollment_photographs,mwillc,mwillc/mwillc.12.jpg,1,26,14,1,1
P2,Faces96,evaluation,several_enrollment_photographs,mwillc,mwillc/mwillc.13.jpg,1,21,14,1,1
P2,Faces96,evaluation,several_enrollment_photographs,mwillc,mwillc/mwillc.14.jpg,1,23,14,1,1
P2,Faces96,evaluation,several_enrollment_photographs,mwillc,mwillc/mwillc.15.jpg,1,21,14,1,1
P2,Faces96,evaluation,several_enrollment_photographs,mwillc,mwillc/mwillc.16.jpg,1,22,14,1,1
P2,Faces96,evaluation,several_enrollment_photographs,mwillc,mwillc/mwillc.17.jpg,1,19,14,1,1
P2,Faces96,evaluation,several_enrollment_photographs,mwillc,mwillc/mwillc.18.jpg,1,20,14,1,1
P2,Faces96,evaluation,several_enrollment_photographs,mwillc,mwillc/mwillc.19.jpg,1,22,14,1,1
P2,Faces96,evaluation,several_enrollment_photographs,mwillc,mwillc/mwillc.20.jpg,1,20,14,1,1
P2,Faces96,evaluation,several_enrollment_photographs,nandri,nandri/nandri.11.jpg,1,23,14,1,1
P2,Faces96,evaluation,several_enrollment_photographs,nandri,nandri/nandri.12.jpg,1,22,14,1,1
P2,Faces96,evaluation,several_enrollment_photographs,nandri,nandri/nandri.13.jpg,1,18,14,1,1
P2,Faces96,evaluation,several_enrollment_photographs,nandri,nandri/nandri.14.jpg,1,22,14,1,1
P2,Faces96,evaluation,several_enrollment_photographs,nandri,nandri/nandri.15.jpg,1,22,14,1,1
P2,Faces96,evaluation,several_enrollment_photographs,nandri,nandri/nandri.16.jpg,1,20,14,1,1
P2,Faces96,evaluation,several_enrollment_photographs,nandri,nandri/nandri.17.jpg,1,18,14,1,1
P2,Faces96,evaluation,several_enrollment_photographs,nandri,nandri/nandri.18.jpg,1,16,14,1,1
P2,Faces96,evaluation,several_enrollment_photographs,nandri,nandri/nandri.19.jpg,1,17,14,1,1
P2,Faces96,evaluation,several_enrollment_photographs,nandri,nandri/nandri.20.jpg,1,16,14,1,1
P2,Faces96,evaluation,several_enrollment_photographs,nhahme,nhahme/nhahme.14.jpg,1,27,14,1,1
P2,Faces96,evaluation,several_enrollment_photographs,nhahme,nhahme/nhahme.15.jpg,1,28,14,1,1
P2,Faces96,evaluation,several_enrollment_photographs,nhahme,nhahme/nhahme.16.jpg,1,23,14,1,1
P2,Faces96,evaluation,several_enrollment_photographs,nhahme,nhahme/nhahme.17.jpg,1,26,14,1,1
P2,Faces96,evaluation,several_enrollment_photographs,nhahme,nhahme/nhahme.18.jpg,1,16,14,1,1
P2,Faces96,evaluation,several_enrollment_photographs,nhahme,nhahme/nhahme.19.jpg,1,27,14,1,1
P2,Faces96,evaluation,several_enrollment_photographs,nhahme,nhahme/nhahme.20.jpg,1,33,14,1,1
P2,Faces96,evaluation,several_enrollment_photographs,nhotoo,nhotoo/nhotoo.1.jpg,0,17,14,1,0
P2,Faces96,evaluation,several_enrollment_photographs,nhotoo,nhotoo/nhotoo.2.jpg,0,18,14,1,0
P2,Faces96,evaluation,several_enrollment_photographs,nhotoo,nhotoo/nhotoo.3.jpg,0,18,14,1,0
P2,Faces96,evaluation,several_enrollment_photographs,nhotoo,nhotoo/nhotoo.4.jpg,0,13,14,0,1
P2,Faces96,evaluation,several_enrollment_photographs,nhotoo,nhotoo/nhotoo.5.jpg,0,14,14,1,0
P2,Faces96,evaluation,several_enrollment_photographs,nhotoo,nhotoo/nhotoo.6.jpg,0,15,14,1,0
P2,Faces96,evaluation,several_enrollment_photographs,nhotoo,nhotoo/nhotoo.7.jpg,0,17,14,1,0
P2,Faces96,evaluation,several_enrollment_photographs,nhotoo,nhotoo/nhotoo.8.jpg,0,19,14,1,0
P2,Faces96,evaluation,several_enrollment_photographs,nhotoo,nhotoo/nhotoo.9.jpg,0,17,14,1,0
P2,Faces96,evaluation,several_enrollment_photographs,nhotoo,nhotoo/nhotoo.10.jpg,0,16,14,1,0
P2,Faces96,evaluation,several_enrollment_photographs,nhotoo,nhotoo/nhotoo.11.jpg,0,13,14,0,1
P2,Faces96,evaluation,several_enrollment_photographs,nhotoo,nhotoo/nhotoo.12.jpg,0,14,14,1,0
P2,Faces96,evaluation,several_enrollment_photographs,nhotoo,nhotoo/nhotoo.13.jpg,0,17,14,1,0
P2,Faces96,evaluation,several_enrollment_photographs,nhotoo,nhotoo/nhotoo.14.jpg,0,15,14,1,0
P2,Faces96,evaluation,several_enrollment_photographs,nhotoo,nhotoo/nhotoo.15.jpg,0,16,14,1,0
P2,Faces96,evaluation,several_enrollment_photographs,nhotoo,nhotoo/nhotoo.16.jpg,0,12,14,0,1
P2,Faces96,evaluation,several_enrollment_photographs,nhotoo,nhotoo/nhotoo.17.jpg,0,10,14,0,1
P2,Faces96,evaluation,several_enrollment_photographs,nhotoo,nhotoo/nhotoo.18.jpg,0,17,14,1,0
P2,Faces96,evaluation,several_enrollment_photographs,nhotoo,nhotoo/nhotoo.19.jpg,0,16,14,1,0
P2,Faces96,evaluation,several_enrollment_photographs,nhotoo,nhotoo/nhotoo.20.jpg,0,15,14,1,0
P2,Faces96,evaluation,several_enrollment_photographs,nmakri,nmakri/nmakri.11.jpg,1,33,14,1,1
P2,Faces96,evaluation,several_enrollment_photographs,nmakri,nmakri/nmakri.12.jpg,1,32,14,1,1
P2,Faces96,evaluation,several_enrollment_photographs,nmakri,nmakri/nmakri.13.jpg,1,33,14,1,1
P2,Faces96,evaluation,several_enrollment_photographs,nmakri,nmakri/nmakri.14.jpg,1,28,14,1,1
P2,Faces96,evaluation,several_enrollment_photographs,nmakri,nmakri/nmakri.15.jpg,1,24,14,1,1
P2,Faces96,evaluation,several_enrollment_photographs,nmakri,nmakri/nmakri.16.jpg,1,28,14,1,1
P2,Faces96,evaluation,several_enrollment_photographs,nmakri,nmakri/nmakri.17.jpg,1,22,14,1,1
P2,Faces96,evaluation,several_enrollment_photographs,nmakri,nmakri/nmakri.18.jpg,1,31,14,1,1
P2,Faces96,evaluation,several_enrollment_photographs,nmakri,nmakri/nmakri.19.jpg,1,32,14,1,1
P2,Faces96,evaluation,several_enrollment_photographs,nmakri,nmakri/nmakri.20.jpg,1,28,14,1,1
P2,Faces96,evaluation,several_enrollment_photographs,oegill,oegill/oegill.11.jpg,1,18,14,1,1
P2,Faces96,evaluation,several_enrollment_photographs,oegill,oegill/oegill.12.jpg,1,18,14,1,1
P2,Faces96,evaluation,several_enrollment_photographs,oegill,oegill/oegill.13.jpg,1,17,14,1,1
P2,Faces96,evaluation,several_enrollment_photographs,oegill,oegill/oegill.14.jpg,1,15,14,1,1
P2,Faces96,evaluation,several_enrollment_photographs,oegill,oegill/oegill.15.jpg,1,15,14,1,1
P2,Faces96,evaluation,several_enrollment_photographs,oegill,oegill/oegill.16.jpg,1,20,14,1,1
P2,Faces96,evaluation,several_enrollment_photographs,oegill,oegill/oegill.17.jpg,1,19,14,1,1
P2,Faces96,evaluation,several_enrollment_photographs,oegill,oegill/oegill.18.jpg,1,21,14,1,1
P2,Faces96,evaluation,several_enrollment_photographs,oegill,oegill/oegill.19.jpg,1,16,14,1,1
P2,Faces96,evaluation,several_enrollment_photographs,oegill,oegill/oegill.20.jpg,1,17,14,1,1
P2,Faces96,evaluation,several_enrollment_photographs,pgolds,pgolds/pgolds.11.jpg,1,38,14,1,1
P2,Faces96,evaluation,several_enrollment_photographs,pgolds,pgolds/pgolds.12.jpg,1,26,14,1,1
P2,Faces96,evaluation,several_enrollment_photographs,pgolds,pgolds/pgolds.13.jpg,1,27,14,1,1
P2,Faces96,evaluation,several_enrollment_photographs,pgolds,pgolds/pgolds.14.jpg,1,23,14,1,1
P2,Faces96,evaluation,several_enrollment_photographs,pgolds,pgolds/pgolds.15.jpg,1,29,14,1,1
P2,Faces96,evaluation,several_enrollment_photographs,pgolds,pgolds/pgolds.16.jpg,1,20,14,1,1
P2,Faces96,evaluation,several_enrollment_photographs,pgolds,pgolds/pgolds.17.jpg,1,26,14,1,1
P2,Faces96,evaluation,several_enrollment_photographs,pgolds,pgolds/pgolds.18.jpg,1,22,14,1,1
P2,Faces96,evaluation,several_enrollment_photographs,pgolds,pgolds/pgolds.19.jpg,1,29,14,1,1
P2,Faces96,evaluation,several_enrollment_photographs,pgolds,pgolds/pgolds.20.jpg,1,25,14,1,1
P2,Faces96,evaluation,several_enrollment_photographs,pguan,pguan/pguan.11.jpg,1,25,14,1,1
P2,Faces96,evaluation,several_enrollment_photographs,pguan,pguan/pguan.12.jpg,1,14,14,1,1
P2,Faces96,evaluation,several_enrollment_photographs,pguan,pguan/pguan.13.jpg,1,21,14,1,1
P2,Faces96,evaluation,several_enrollment_photographs,pguan,pguan/pguan.14.jpg,1,15,14,1,1
P2,Faces96,evaluation,several_enrollment_photographs,pguan,pguan/pguan.15.jpg,1,8,14,0,0
P2,Faces96,evaluation,several_enrollment_photographs,pguan,pguan/pguan.16.jpg,1,15,14,1,1
P2,Faces96,evaluation,several_enrollment_photographs,pguan,pguan/pguan.17.jpg,1,9,14,0,0
P2,Faces96,evaluation,several_enrollment_photographs,pguan,pguan/pguan.18.jpg,1,9,14,0,0
P2,Faces96,evaluation,several_enrollment_photographs,pguan,pguan/pguan.19.jpg,1,14,14,1,1
P2,Faces96,evaluation,several_enrollment_photographs,pguan,pguan/pguan.20.jpg,1,11,14,0,0
P2,Faces96,evaluation,several_enrollment_photographs,pmbtin,pmbtin/pmbtin.11.jpg,1,25,14,1,1
P2,Faces96,evaluation,several_enrollment_photographs,pmbtin,pmbtin/pmbtin.12.jpg,1,20,14,1,1
P2,Faces96,evaluation,several_enrollment_photographs,pmbtin,pmbtin/pmbtin.13.jpg,1,13,14,0,0
P2,Faces96,evaluation,several_enrollment_photographs,pmbtin,pmbtin/pmbtin.14.jpg,1,20,14,1,1
P2,Faces96,evaluation,several_enrollment_photographs,pmbtin,pmbtin/pmbtin.15.jpg,1,22,14,1,1
P2,Faces96,evaluation,several_enrollment_photographs,pmbtin,pmbtin/pmbtin.16.jpg,1,16,14,1,1
P2,Faces96,evaluation,several_enrollment_photographs,pmbtin,pmbtin/pmbtin.17.jpg,1,12,14,0,0
P2,Faces96,evaluation,several_enrollment_photographs,pmbtin,pmbtin/pmbtin.18.jpg,1,10,14,0,0
P2,Faces96,evaluation,several_enrollment_photographs,pmbtin,pmbtin/pmbtin.19.jpg,1,19,14,1,1
P2,Faces96,evaluation,several_enrollment_photographs,pmbtin,pmbtin/pmbtin.20.jpg,1,17,14,1,1
P2,Faces96,evaluation,several_enrollment_photographs,pmspry,pmspry/pmspry.11.jpg,1,24,14,1,1
P2,Faces96,evaluation,several_enrollment_photographs,pmspry,pmspry/pmspry.12.jpg,1,19,14,1,1
P2,Faces96,evaluation,several_enrollment_photographs,pmspry,pmspry/pmspry.13.jpg,1,20,14,1,1
P2,Faces96,evaluation,several_enrollment_photographs,pmspry,pmspry/pmspry.14.jpg,1,16,14,1,1
P2,Faces96,evaluation,several_enrollment_photographs,pmspry,pmspry/pmspry.15.jpg,1,12,14,0,0
P2,Faces96,evaluation,several_enrollment_photographs,pmspry,pmspry/pmspry.16.jpg,1,23,14,1,1
P2,Faces96,evaluation,several_enrollment_photographs,pmspry,pmspry/pmspry.17.jpg,1,17,14,1,1
P2,Faces96,evaluation,several_enrollment_photographs,pmspry,pmspry/pmspry.18.jpg,1,22,14,1,1
P2,Faces96,evaluation,several_enrollment_photographs,pmspry,pmspry/pmspry.19.jpg,1,18,14,1,1
P2,Faces96,evaluation,several_enrollment_photographs,pmspry,pmspry/pmspry.20.jpg,1,19,14,1,1
P2,Faces96,evaluation,several_enrollment_photographs,pwest,pwest/pwest.11.jpg,1,23,14,1,1
P2,Faces96,evaluation,several_enrollment_photographs,pwest,pwest/pwest.12.jpg,1,18,14,1,1
P2,Faces96,evaluation,several_enrollment_photographs,pwest,pwest/pwest.13.jpg,1,18,14,1,1
P2,Faces96,evaluation,several_enrollment_photographs,pwest,pwest/pwest.14.jpg,1,18,14,1,1
P2,Faces96,evaluation,several_enrollment_photographs,pwest,pwest/pwest.15.jpg,1,17,14,1,1
P2,Faces96,evaluation,several_enrollment_photographs,pwest,pwest/pwest.16.jpg,1,15,14,1,1
P2,Faces96,evaluation,several_enrollment_photographs,pwest,pwest/pwest.17.jpg,1,20,14,1,1
P2,Faces96,evaluation,several_enrollment_photographs,pwest,pwest/pwest.18.jpg,1,21,14,1,1
P2,Faces96,evaluation,several_enrollment_photographs,pwest,pwest/pwest.19.jpg,1,19,14,1,1
P2,Faces96,evaluation,several_enrollment_photographs,pwest,pwest/pwest.20.jpg,1,17,14,1,1
P2,Faces96,evaluation,several_enrollment_photographs,rjobyr,rjobyr/rjobyr.11.jpg,1,17,14,1,1
P2,Faces96,evaluation,several_enrollment_photographs,rjobyr,rjobyr/rjobyr.12.jpg,1,15,14,1,1
P2,Faces96,evaluation,several_enrollment_photographs,rjobyr,rjobyr/rjobyr.13.jpg,1,12,14,0,0
P2,Faces96,evaluation,several_enrollment_photographs,rjobyr,rjobyr/rjobyr.14.jpg,1,13,14,0,0
P2,Faces96,evaluation,several_enrollment_photographs,rjobyr,rjobyr/rjobyr.15.jpg,1,18,14,1,1
P2,Faces96,evaluation,several_enrollment_photographs,rjobyr,rjobyr/rjobyr.16.jpg,1,16,14,1,1
P2,Faces96,evaluation,several_enrollment_photographs,rjobyr,rjobyr/rjobyr.17.jpg,1,16,14,1,1
P2,Faces96,evaluation,several_enrollment_photographs,rjobyr,rjobyr/rjobyr.18.jpg,1,10,14,0,0
P2,Faces96,evaluation,several_enrollment_photographs,rjobyr,rjobyr/rjobyr.19.jpg,1,14,14,1,1
P2,Faces96,evaluation,several_enrollment_photographs,rjobyr,rjobyr/rjobyr.20.jpg,1,14,14,1,1
P2,Faces96,evaluation,several_enrollment_photographs,rscoop,rscoop/rscoop.1.jpg,0,5,14,0,1
P2,Faces96,evaluation,several_enrollment_photographs,rscoop,rscoop/rscoop.2.jpg,0,9,14,0,1
P2,Faces96,evaluation,several_enrollment_photographs,rscoop,rscoop/rscoop.3.jpg,0,10,14,0,1
P2,Faces96,evaluation,several_enrollment_photographs,rscoop,rscoop/rscoop.4.jpg,0,10,14,0,1
P2,Faces96,evaluation,several_enrollment_photographs,rscoop,rscoop/rscoop.5.jpg,0,10,14,0,1
P2,Faces96,evaluation,several_enrollment_photographs,rscoop,rscoop/rscoop.6.jpg,0,12,14,0,1
P2,Faces96,evaluation,several_enrollment_photographs,rscoop,rscoop/rscoop.7.jpg,0,12,14,0,1
P2,Faces96,evaluation,several_enrollment_photographs,rscoop,rscoop/rscoop.8.jpg,0,15,14,1,0
P2,Faces96,evaluation,several_enrollment_photographs,rscoop,rscoop/rscoop.9.jpg,0,10,14,0,1
P2,Faces96,evaluation,several_enrollment_photographs,rscoop,rscoop/rscoop.10.jpg,0,11,14,0,1
P2,Faces96,evaluation,several_enrollment_photographs,rscoop,rscoop/rscoop.11.jpg,0,16,14,1,0
P2,Faces96,evaluation,several_enrollment_photographs,rscoop,rscoop/rscoop.12.jpg,0,13,14,0,1
P2,Faces96,evaluation,several_enrollment_photographs,rscoop,rscoop/rscoop.13.jpg,0,11,14,0,1
P2,Faces96,evaluation,several_enrollment_photographs,rscoop,rscoop/rscoop.14.jpg,0,14,14,1,0
P2,Faces96,evaluation,several_enrollment_photographs,rscoop,rscoop/rscoop.15.jpg,0,11,14,0,1
P2,Faces96,evaluation,several_enrollment_photographs,rscoop,rscoop/rscoop.16.jpg,0,12,14,0,1
P2,Faces96,evaluation,several_enrollment_photographs,rscoop,rscoop/rscoop.17.jpg,0,8,14,0,1
P2,Faces96,evaluation,several_enrollment_photographs,rscoop,rscoop/rscoop.18.jpg,0,9,14,0,1
P2,Faces96,evaluation,several_enrollment_photographs,rscoop,rscoop/rscoop.19.jpg,0,10,14,0,1
P2,Faces96,evaluation,several_enrollment_photographs,rscoop,rscoop/rscoop.20.jpg,0,11,14,0,1
P2,Faces96,evaluation,several_enrollment_photographs,rwsick,rwsick/rwsick.11.jpg,1,20,14,1,1
P2,Faces96,evaluation,several_enrollment_photographs,rwsick,rwsick/rwsick.12.jpg,1,28,14,1,1
P2,Faces96,evaluation,several_enrollment_photographs,rwsick,rwsick/rwsick.13.jpg,1,26,14,1,1
P2,Faces96,evaluation,several_enrollment_photographs,rwsick,rwsick/rwsick.14.jpg,1,29,14,1,1
P2,Faces96,evaluation,several_enrollment_photographs,rwsick,rwsick/rwsick.15.jpg,1,27,14,1,1
P2,Faces96,evaluation,several_enrollment_photographs,rwsick,rwsick/rwsick.16.jpg,1,23,14,1,1
P2,Faces96,evaluation,several_enrollment_photographs,rwsick,rwsick/rwsick.17.jpg,1,28,14,1,1
P2,Faces96,evaluation,several_enrollment_photographs,rwsick,rwsick/rwsick.18.jpg,1,26,14,1,1
P2,Faces96,evaluation,several_enrollment_photographs,rwsick,rwsick/rwsick.19.jpg,1,23,14,1,1
P2,Faces96,evaluation,several_enrollment_photographs,rwsick,rwsick/rwsick.20.jpg,1,27,14,1,1
P2,Faces96,evaluation,several_enrollment_photographs,shamilc,shamilc/shamilc.11.jpg,1,26,14,1,1
P2,Faces96,evaluation,several_enrollment_photographs,shamilc,shamilc/shamilc.12.jpg,1,23,14,1,1
P2,Faces96,evaluation,several_enrollment_photographs,shamilc,shamilc/shamilc.13.jpg,1,27,14,1,1
P2,Faces96,evaluation,several_enrollment_photographs,shamilc,shamilc/shamilc.14.jpg,1,19,14,1,1
P2,Faces96,evaluation,several_enrollment_photographs,shamilc,shamilc/shamilc.15.jpg,1,19,14,1,1
P2,Faces96,evaluation,several_enrollment_photographs,shamilc,shamilc/shamilc.16.jpg,1,23,14,1,1
P2,Faces96,evaluation,several_enrollment_photographs,shamilc,shamilc/shamilc.17.jpg,1,24,14,1,1
P2,Faces96,evaluation,several_enrollment_photographs,shamilc,shamilc/shamilc.18.jpg,1,25,14,1,1
P2,Faces96,evaluation,several_enrollment_photographs,shamilc,shamilc/shamilc.19.jpg,1,23,14,1,1
P2,Faces96,evaluation,several_enrollment_photographs,shamilc,shamilc/shamilc.20.jpg,1,24,14,1,1
P2,Faces96,evaluation,several_enrollment_photographs,snhopp,snhopp/snhopp.7.jpg,0,16,14,1,0
P2,Faces96,evaluation,several_enrollment_photographs,snhopp,snhopp/snhopp.9.jpg,0,19,14,1,0
P2,Faces96,evaluation,several_enrollment_photographs,snhopp,snhopp/snhopp.12.jpg,0,8,14,0,1
P2,Faces96,evaluation,several_enrollment_photographs,snhopp,snhopp/snhopp.13.jpg,0,8,14,0,1
P2,Faces96,evaluation,several_enrollment_photographs,snhopp,snhopp/snhopp.14.jpg,0,8,14,0,1
P2,Faces96,evaluation,several_enrollment_photographs,snhopp,snhopp/snhopp.15.jpg,0,8,14,0,1
P2,Faces96,evaluation,several_enrollment_photographs,todris,todris/todris.11.jpg,1,35,14,1,1
P2,Faces96,evaluation,several_enrollment_photographs,todris,todris/todris.12.jpg,1,24,14,1,1
P2,Faces96,evaluation,several_enrollment_photographs,todris,todris/todris.13.jpg,1,25,14,1,1
P2,Faces96,evaluation,several_enrollment_photographs,todris,todris/todris.14.jpg,1,15,14,1,1
P2,Faces96,evaluation,several_enrollment_photographs,todris,todris/todris.15.jpg,1,21,14,1,1
P2,Faces96,evaluation,several_enrollment_photographs,todris,todris/todris.16.jpg,1,20,14,1,1
P2,Faces96,evaluation,several_enrollment_photographs,todris,todris/todris.17.jpg,1,14,14,1,1
P2,Faces96,evaluation,several_enrollment_photographs,todris,todris/todris.18.jpg,1,11,14,0,0
P2,Faces96,evaluation,several_enrollment_photographs,todris,todris/todris.19.jpg,1,18,14,1,1
P2,Faces96,evaluation,several_enrollment_photographs,todris,todris/todris.20.jpg,1,16,14,1,1
P2,Faces96,evaluation,several_enrollment_photographs,wardcy,wardcy/wardcy.11.jpg,1,36,14,1,1
P2,Faces96,evaluation,several_enrollment_photographs,wardcy,wardcy/wardcy.12.jpg,1,34,14,1,1
P2,Faces96,evaluation,several_enrollment_photographs,wardcy,wardcy/wardcy.13.jpg,1,38,14,1,1
P2,Faces96,evaluation,several_enrollment_photographs,wardcy,wardcy/wardcy.14.jpg,1,38,14,1,1
P2,Faces96,evaluation,several_enrollment_photographs,wardcy,wardcy/wardcy.15.jpg,1,34,14,1,1
P2,Faces96,evaluation,several_enrollment_photographs,wardcy,wardcy/wardcy.16.jpg,1,43,14,1,1
P2,Faces96,evaluation,several_enrollment_photographs,wardcy,wardcy/wardcy.17.jpg,1,25,14,1,1
P2,Faces96,evaluation,several_enrollment_photographs,wardcy,wardcy/wardcy.18.jpg,1,30,14,1,1
P2,Faces96,evaluation,several_enrollment_photographs,wardcy,wardcy/wardcy.19.jpg,1,31,14,1,1
P2,Faces96,evaluation,several_enrollment_photographs,wardcy,wardcy/wardcy.20.jpg,1,16,14,1,1
P3,Faces96,evaluation,several_enrollment_photographs,9540563,9540563/9540563.1.jpg,0,12,14,0,1
P3,Faces96,evaluation,several_enrollment_photographs,9540563,9540563/9540563.2.jpg,0,10,14,0,1
P3,Faces96,evaluation,several_enrollment_photographs,9540563,9540563/9540563.3.jpg,0,19,14,1,0
P3,Faces96,evaluation,several_enrollment_photographs,9540563,9540563/9540563.4.jpg,0,14,14,1,0
P3,Faces96,evaluation,several_enrollment_photographs,9540563,9540563/9540563.6.jpg,0,17,14,1,0
P3,Faces96,evaluation,several_enrollment_photographs,9540563,9540563/9540563.7.jpg,0,13,14,0,1
P3,Faces96,evaluation,several_enrollment_photographs,9540563,9540563/9540563.8.jpg,0,9,14,0,1
P3,Faces96,evaluation,several_enrollment_photographs,9540563,9540563/9540563.9.jpg,0,10,14,0,1
P3,Faces96,evaluation,several_enrollment_photographs,9540563,9540563/9540563.10.jpg,0,16,14,1,0
P3,Faces96,evaluation,several_enrollment_photographs,9540563,9540563/9540563.11.jpg,0,14,14,1,0
P3,Faces96,evaluation,several_enrollment_photographs,9540563,9540563/9540563.12.jpg,0,11,14,0,1
P3,Faces96,evaluation,several_enrollment_photographs,9540563,9540563/9540563.13.jpg,0,10,14,0,1
P3,Faces96,evaluation,several_enrollment_photographs,9540563,9540563/9540563.14.jpg,0,14,14,1,0
P3,Faces96,evaluation,several_enrollment_photographs,9540563,9540563/9540563.15.jpg,0,13,14,0,1
P3,Faces96,evaluation,several_enrollment_photographs,9540563,9540563/9540563.16.jpg,0,9,14,0,1
P3,Faces96,evaluation,several_enrollment_photographs,9540563,9540563/9540563.17.jpg,0,14,14,1,0
P3,Faces96,evaluation,several_enrollment_photographs,9540563,9540563/9540563.18.jpg,0,14,14,1,0
P3,Faces96,evaluation,several_enrollment_photographs,9540563,9540563/9540563.20.jpg,0,7,14,0,1
P3,Faces96,evaluation,several_enrollment_photographs,9540601,9540601/9540601.11.jpg,1,32,14,1,1
P3,Faces96,evaluation,several_enrollment_photographs,9540601,9540601/9540601.12.jpg,1,27,14,1,1
P3,Faces96,evaluation,several_enrollment_photographs,9540601,9540601/9540601.13.jpg,1,21,14,1,1
P3,Faces96,evaluation,several_enrollment_photographs,9540601,9540601/9540601.14.jpg,1,23,14,1,1
P3,Faces96,evaluation,several_enrollment_photographs,9540601,9540601/9540601.15.jpg,1,22,14,1,1
P3,Faces96,evaluation,several_enrollment_photographs,9540601,9540601/9540601.16.jpg,1,24,14,1,1
P3,Faces96,evaluation,several_enrollment_photographs,9540601,9540601/9540601.17.jpg,1,19,14,1,1
P3,Faces96,evaluation,several_enrollment_photographs,9540601,9540601/9540601.18.jpg,1,21,14,1,1
P3,Faces96,evaluation,several_enrollment_photographs,9540601,9540601/9540601.19.jpg,1,22,14,1,1
P3,Faces96,evaluation,several_enrollment_photographs,9540601,9540601/9540601.20.jpg,1,26,14,1,1
P3,Faces96,evaluation,several_enrollment_photographs,9540636,9540636/9540636.11.jpg,1,26,14,1,1
P3,Faces96,evaluation,several_enrollment_photographs,9540636,9540636/9540636.12.jpg,1,27,14,1,1
P3,Faces96,evaluation,several_enrollment_photographs,9540636,9540636/9540636.13.jpg,1,21,14,1,1
P3,Faces96,evaluation,several_enrollment_photographs,9540636,9540636/9540636.14.jpg,1,24,14,1,1
P3,Faces96,evaluation,several_enrollment_photographs,9540636,9540636/9540636.15.jpg,1,24,14,1,1
P3,Faces96,evaluation,several_enrollment_photographs,9540636,9540636/9540636.16.jpg,1,24,14,1,1
P3,Faces96,evaluation,several_enrollment_photographs,9540636,9540636/9540636.17.jpg,1,18,14,1,1
P3,Faces96,evaluation,several_enrollment_photographs,9540636,9540636/9540636.18.jpg,1,24,14,1,1
P3,Faces96,evaluation,several_enrollment_photographs,9540636,9540636/9540636.19.jpg,1,22,14,1,1
P3,Faces96,evaluation,several_enrollment_photographs,9540636,9540636/9540636.20.jpg,1,18,14,1,1
P3,Faces96,evaluation,several_enrollment_photographs,9540644,9540644/9540644.1.jpg,0,17,14,1,0
P3,Faces96,evaluation,several_enrollment_photographs,9540644,9540644/9540644.2.jpg,0,13,14,0,1
P3,Faces96,evaluation,several_enrollment_photographs,9540644,9540644/9540644.3.jpg,0,14,14,1,0
P3,Faces96,evaluation,several_enrollment_photographs,9540644,9540644/9540644.4.jpg,0,15,14,1,0
P3,Faces96,evaluation,several_enrollment_photographs,9540644,9540644/9540644.5.jpg,0,12,14,0,1
P3,Faces96,evaluation,several_enrollment_photographs,9540644,9540644/9540644.6.jpg,0,11,14,0,1
P3,Faces96,evaluation,several_enrollment_photographs,9540644,9540644/9540644.7.jpg,0,20,14,1,0
P3,Faces96,evaluation,several_enrollment_photographs,9540644,9540644/9540644.8.jpg,0,17,14,1,0
P3,Faces96,evaluation,several_enrollment_photographs,9540644,9540644/9540644.9.jpg,0,16,14,1,0
P3,Faces96,evaluation,several_enrollment_photographs,9540644,9540644/9540644.10.jpg,0,12,14,0,1
P3,Faces96,evaluation,several_enrollment_photographs,9540644,9540644/9540644.11.jpg,0,12,14,0,1
P3,Faces96,evaluation,several_enrollment_photographs,9540644,9540644/9540644.12.jpg,0,19,14,1,0
P3,Faces96,evaluation,several_enrollment_photographs,9540644,9540644/9540644.13.jpg,0,14,14,1,0
P3,Faces96,evaluation,several_enrollment_photographs,9540644,9540644/9540644.14.jpg,0,17,14,1,0
P3,Faces96,evaluation,several_enrollment_photographs,9540644,9540644/9540644.15.jpg,0,20,14,1,0
P3,Faces96,evaluation,several_enrollment_photographs,9540644,9540644/9540644.16.jpg,0,16,14,1,0
P3,Faces96,evaluation,several_enrollment_photographs,9540644,9540644/9540644.17.jpg,0,20,14,1,0
P3,Faces96,evaluation,several_enrollment_photographs,9540644,9540644/9540644.18.jpg,0,15,14,1,0
P3,Faces96,evaluation,several_enrollment_photographs,9540644,9540644/9540644.19.jpg,0,14,14,1,0
P3,Faces96,evaluation,several_enrollment_photographs,9540644,9540644/9540644.20.jpg,0,15,14,1,0
P3,Faces96,evaluation,several_enrollment_photographs,9540652,9540652/9540652.11.jpg,1,35,14,1,1
P3,Faces96,evaluation,several_enrollment_photographs,9540652,9540652/9540652.12.jpg,1,32,14,1,1
P3,Faces96,evaluation,several_enrollment_photographs,9540652,9540652/9540652.13.jpg,1,25,14,1,1
P3,Faces96,evaluation,several_enrollment_photographs,9540652,9540652/9540652.14.jpg,1,25,14,1,1
P3,Faces96,evaluation,several_enrollment_photographs,9540652,9540652/9540652.15.jpg,1,26,14,1,1
P3,Faces96,evaluation,several_enrollment_photographs,9540652,9540652/9540652.16.jpg,1,20,14,1,1
P3,Faces96,evaluation,several_enrollment_photographs,9540652,9540652/9540652.17.jpg,1,28,14,1,1
P3,Faces96,evaluation,several_enrollment_photographs,9540652,9540652/9540652.18.jpg,1,16,14,1,1
P3,Faces96,evaluation,several_enrollment_photographs,9540652,9540652/9540652.19.jpg,1,22,14,1,1
P3,Faces96,evaluation,several_enrollment_photographs,9540652,9540652/9540652.20.jpg,1,16,14,1,1
P3,Faces96,evaluation,several_enrollment_photographs,9540695,9540695/9540695.11.jpg,1,27,14,1,1
P3,Faces96,evaluation,several_enrollment_photographs,9540695,9540695/9540695.12.jpg,1,20,14,1,1
P3,Faces96,evaluation,several_enrollment_photographs,9540695,9540695/9540695.13.jpg,1,16,14,1,1
P3,Faces96,evaluation,several_enrollment_photographs,9540695,9540695/9540695.14.jpg,1,22,14,1,1
P3,Faces96,evaluation,several_enrollment_photographs,9540695,9540695/9540695.15.jpg,1,24,14,1,1
P3,Faces96,evaluation,several_enrollment_photographs,9540695,9540695/9540695.16.jpg,1,22,14,1,1
P3,Faces96,evaluation,several_enrollment_photographs,9540695,9540695/9540695.17.jpg,1,21,14,1,1
P3,Faces96,evaluation,several_enrollment_photographs,9540695,9540695/9540695.18.jpg,1,23,14,1,1
P3,Faces96,evaluation,several_enrollment_photographs,9540695,9540695/9540695.19.jpg,1,20,14,1,1
P3,Faces96,evaluation,several_enrollment_photographs,9540695,9540695/9540695.20.jpg,1,24,14,1,1
P3,Faces96,evaluation,several_enrollment_photographs,9540717,9540717/9540717.11.jpg,1,30,14,1,1
P3,Faces96,evaluation,several_enrollment_photographs,9540717,9540717/9540717.12.jpg,1,25,14,1,1
P3,Faces96,evaluation,several_enrollment_photographs,9540717,9540717/9540717.13.jpg,1,30,14,1,1
P3,Faces96,evaluation,several_enrollment_photographs,9540717,9540717/9540717.14.jpg,1,36,14,1,1
P3,Faces96,evaluation,several_enrollment_photographs,9540717,9540717/9540717.15.jpg,1,31,14,1,1
P3,Faces96,evaluation,several_enrollment_photographs,9540717,9540717/9540717.16.jpg,1,29,14,1,1
P3,Faces96,evaluation,several_enrollment_photographs,9540717,9540717/9540717.17.jpg,1,30,14,1,1
P3,Faces96,evaluation,several_enrollment_photographs,9540717,9540717/9540717.18.jpg,1,27,14,1,1
P3,Faces96,evaluation,several_enrollment_photographs,9540717,9540717/9540717.19.jpg,1,28,14,1,1
P3,Faces96,evaluation,several_enrollment_photographs,9540717,9540717/9540717.20.jpg,1,21,14,1,1
P3,Faces96,evaluation,several_enrollment_photographs,9540725,9540725/9540725.11.jpg,1,24,14,1,1
P3,Faces96,evaluation,several_enrollment_photographs,9540725,9540725/9540725.12.jpg,1,16,14,1,1
P3,Faces96,evaluation,several_enrollment_photographs,9540725,9540725/9540725.13.jpg,1,25,14,1,1
P3,Faces96,evaluation,several_enrollment_photographs,9540725,9540725/9540725.14.jpg,1,21,14,1,1
P3,Faces96,evaluation,several_enrollment_photographs,9540725,9540725/9540725.15.jpg,1,22,14,1,1
P3,Faces96,evaluation,several_enrollment_photographs,9540725,9540725/9540725.16.jpg,1,24,14,1,1
P3,Faces96,evaluation,several_enrollment_photographs,9540725,9540725/9540725.17.jpg,1,27,14,1,1
P3,Faces96,evaluation,several_enrollment_photographs,9540725,9540725/9540725.18.jpg,1,27,14,1,1
P3,Faces96,evaluation,several_enrollment_photographs,9540725,9540725/9540725.19.jpg,1,23,14,1,1
P3,Faces96,evaluation,several_enrollment_photographs,9540725,9540725/9540725.20.jpg,1,22,14,1,1
P3,Faces96,evaluation,several_enrollment_photographs,9540733,9540733/9540733.1.jpg,0,10,14,0,1
P3,Faces96,evaluation,several_enrollment_photographs,9540733,9540733/9540733.2.jpg,0,14,14,1,0
P3,Faces96,evaluation,several_enrollment_photographs,9540733,9540733/9540733.3.jpg,0,10,14,0,1
P3,Faces96,evaluation,several_enrollment_photographs,9540733,9540733/9540733.4.jpg,0,12,14,0,1
P3,Faces96,evaluation,several_enrollment_photographs,9540733,9540733/9540733.5.jpg,0,16,14,1,0
P3,Faces96,evaluation,several_enrollment_photographs,9540733,9540733/9540733.6.jpg,0,17,14,1,0
P3,Faces96,evaluation,several_enrollment_photographs,9540733,9540733/9540733.7.jpg,0,13,14,0,1
P3,Faces96,evaluation,several_enrollment_photographs,9540733,9540733/9540733.8.jpg,0,11,14,0,1
P3,Faces96,evaluation,several_enrollment_photographs,9540733,9540733/9540733.9.jpg,0,11,14,0,1
P3,Faces96,evaluation,several_enrollment_photographs,9540733,9540733/9540733.10.jpg,0,9,14,0,1
P3,Faces96,evaluation,several_enrollment_photographs,9540733,9540733/9540733.11.jpg,0,10,14,0,1
P3,Faces96,evaluation,several_enrollment_photographs,9540733,9540733/9540733.12.jpg,0,11,14,0,1
P3,Faces96,evaluation,several_enrollment_photographs,9540733,9540733/9540733.13.jpg,0,16,14,1,0
P3,Faces96,evaluation,several_enrollment_photographs,9540733,9540733/9540733.14.jpg,0,13,14,0,1
P3,Faces96,evaluation,several_enrollment_photographs,9540733,9540733/9540733.15.jpg,0,13,14,0,1
P3,Faces96,evaluation,several_enrollment_photographs,9540733,9540733/9540733.16.jpg,0,21,14,1,0
P3,Faces96,evaluation,several_enrollment_photographs,9540733,9540733/9540733.17.jpg,0,11,14,0,1
P3,Faces96,evaluation,several_enrollment_photographs,9540733,9540733/9540733.18.jpg,0,17,14,1,0
P3,Faces96,evaluation,several_enrollment_photographs,9540733,9540733/9540733.19.jpg,0,14,14,1,0
P3,Faces96,evaluation,several_enrollment_photographs,9540733,9540733/9540733.20.jpg,0,11,14,0,1
P3,Faces96,evaluation,several_enrollment_photographs,9540741,9540741/9540741.11.jpg,1,24,14,1,1
P3,Faces96,evaluation,several_enrollment_photographs,9540741,9540741/9540741.12.jpg,1,27,14,1,1
P3,Faces96,evaluation,several_enrollment_photographs,9540741,9540741/9540741.13.jpg,1,18,14,1,1
P3,Faces96,evaluation,several_enrollment_photographs,9540741,9540741/9540741.14.jpg,1,23,14,1,1
P3,Faces96,evaluation,several_enrollment_photographs,9540741,9540741/9540741.15.jpg,1,21,14,1,1
P3,Faces96,evaluation,several_enrollment_photographs,9540741,9540741/9540741.16.jpg,1,22,14,1,1
P3,Faces96,evaluation,several_enrollment_photographs,9540741,9540741/9540741.17.jpg,1,26,14,1,1
P3,Faces96,evaluation,several_enrollment_photographs,9540741,9540741/9540741.18.jpg,1,20,14,1,1
P3,Faces96,evaluation,several_enrollment_photographs,9540741,9540741/9540741.19.jpg,1,15,14,1,1
P3,Faces96,evaluation,several_enrollment_photographs,9540741,9540741/9540741.20.jpg,1,23,14,1,1
P3,Faces96,evaluation,several_enrollment_photographs,9540792,9540792/9540792.11.jpg,1,23,14,1,1
P3,Faces96,evaluation,several_enrollment_photographs,9540792,9540792/9540792.12.jpg,1,25,14,1,1
P3,Faces96,evaluation,several_enrollment_photographs,9540792,9540792/9540792.13.jpg,1,25,14,1,1
P3,Faces96,evaluation,several_enrollment_photographs,9540792,9540792/9540792.14.jpg,1,19,14,1,1
P3,Faces96,evaluation,several_enrollment_photographs,9540792,9540792/9540792.15.jpg,1,14,14,1,1
P3,Faces96,evaluation,several_enrollment_photographs,9540792,9540792/9540792.16.jpg,1,14,14,1,1
P3,Faces96,evaluation,several_enrollment_photographs,9540792,9540792/9540792.17.jpg,1,9,14,0,0
P3,Faces96,evaluation,several_enrollment_photographs,9540792,9540792/9540792.18.jpg,1,17,14,1,1
P3,Faces96,evaluation,several_enrollment_photographs,9540792,9540792/9540792.19.jpg,1,17,14,1,1
P3,Faces96,evaluation,several_enrollment_photographs,9540792,9540792/9540792.20.jpg,1,15,14,1,1
P3,Faces96,evaluation,several_enrollment_photographs,9540822,9540822/9540822.1.jpg,0,19,14,1,0
P3,Faces96,evaluation,several_enrollment_photographs,9540822,9540822/9540822.2.jpg,0,21,14,1,0
P3,Faces96,evaluation,several_enrollment_photographs,9540822,9540822/9540822.3.jpg,0,21,14,1,0
P3,Faces96,evaluation,several_enrollment_photographs,9540822,9540822/9540822.4.jpg,0,25,14,1,0
P3,Faces96,evaluation,several_enrollment_photographs,9540822,9540822/9540822.5.jpg,0,19,14,1,0
P3,Faces96,evaluation,several_enrollment_photographs,9540822,9540822/9540822.6.jpg,0,21,14,1,0
P3,Faces96,evaluation,several_enrollment_photographs,9540822,9540822/9540822.7.jpg,0,19,14,1,0
P3,Faces96,evaluation,several_enrollment_photographs,9540822,9540822/9540822.8.jpg,0,21,14,1,0
P3,Faces96,evaluation,several_enrollment_photographs,9540822,9540822/9540822.9.jpg,0,18,14,1,0
P3,Faces96,evaluation,several_enrollment_photographs,9540822,9540822/9540822.10.jpg,0,23,14,1,0
P3,Faces96,evaluation,several_enrollment_photographs,9540822,9540822/9540822.11.jpg,0,21,14,1,0
P3,Faces96,evaluation,several_enrollment_photographs,9540822,9540822/9540822.12.jpg,0,18,14,1,0
P3,Faces96,evaluation,several_enrollment_photographs,9540822,9540822/9540822.13.jpg,0,18,14,1,0
P3,Faces96,evaluation,several_enrollment_photographs,9540822,9540822/9540822.14.jpg,0,20,14,1,0
P3,Faces96,evaluation,several_enrollment_photographs,9540822,9540822/9540822.15.jpg,0,20,14,1,0
P3,Faces96,evaluation,several_enrollment_photographs,9540822,9540822/9540822.16.jpg,0,25,14,1,0
P3,Faces96,evaluation,several_enrollment_photographs,9540822,9540822/9540822.17.jpg,0,20,14,1,0
P3,Faces96,evaluation,several_enrollment_photographs,9540822,9540822/9540822.18.jpg,0,15,14,1,0
P3,Faces96,evaluation,several_enrollment_photographs,9540822,9540822/9540822.19.jpg,0,15,14,1,0
P3,Faces96,evaluation,several_enrollment_photographs,9540822,9540822/9540822.20.jpg,0,19,14,1,0
P3,Faces96,evaluation,several_enrollment_photographs,9540849,9540849/9540849.1.jpg,0,11,14,0,1
P3,Faces96,evaluation,several_enrollment_photographs,9540849,9540849/9540849.2.jpg,0,7,14,0,1
P3,Faces96,evaluation,several_enrollment_photographs,9540849,9540849/9540849.3.jpg,0,13,14,0,1
P3,Faces96,evaluation,several_enrollment_photographs,9540849,9540849/9540849.4.jpg,0,12,14,0,1
P3,Faces96,evaluation,several_enrollment_photographs,9540849,9540849/9540849.5.jpg,0,11,14,0,1
P3,Faces96,evaluation,several_enrollment_photographs,9540849,9540849/9540849.6.jpg,0,13,14,0,1
P3,Faces96,evaluation,several_enrollment_photographs,9540849,9540849/9540849.7.jpg,0,15,14,1,0
P3,Faces96,evaluation,several_enrollment_photographs,9540849,9540849/9540849.8.jpg,0,12,14,0,1
P3,Faces96,evaluation,several_enrollment_photographs,9540849,9540849/9540849.9.jpg,0,12,14,0,1
P3,Faces96,evaluation,several_enrollment_photographs,9540849,9540849/9540849.10.jpg,0,12,14,0,1
P3,Faces96,evaluation,several_enrollment_photographs,9540849,9540849/9540849.11.jpg,0,12,14,0,1
P3,Faces96,evaluation,several_enrollment_photographs,9540849,9540849/9540849.12.jpg,0,10,14,0,1
P3,Faces96,evaluation,several_enrollment_photographs,9540849,9540849/9540849.13.jpg,0,10,14,0,1
P3,Faces96,evaluation,several_enrollment_photographs,9540849,9540849/9540849.14.jpg,0,16,14,1,0
P3,Faces96,evaluation,several_enrollment_photographs,9540849,9540849/9540849.15.jpg,0,12,14,0,1
P3,Faces96,evaluation,several_enrollment_photographs,9540849,9540849/9540849.16.jpg,0,12,14,0,1
P3,Faces96,evaluation,several_enrollment_photographs,9540849,9540849/9540849.17.jpg,0,13,14,0,1
P3,Faces96,evaluation,several_enrollment_photographs,9540849,9540849/9540849.18.jpg,0,11,14,0,1
P3,Faces96,evaluation,several_enrollment_photographs,9540849,9540849/9540849.19.jpg,0,12,14,0,1
P3,Faces96,evaluation,several_enrollment_photographs,9540849,9540849/9540849.20.jpg,0,13,14,0,1
P3,Faces96,evaluation,several_enrollment_photographs,9602283,9602283/9602283.11.jpg,1,35,14,1,1
P3,Faces96,evaluation,several_enrollment_photographs,9602283,9602283/9602283.12.jpg,1,35,14,1,1
P3,Faces96,evaluation,several_enrollment_photographs,9602283,9602283/9602283.13.jpg,1,33,14,1,1
P3,Faces96,evaluation,several_enrollment_photographs,9602283,9602283/9602283.14.jpg,1,29,14,1,1
P3,Faces96,evaluation,several_enrollment_photographs,9602283,9602283/9602283.15.jpg,1,33,14,1,1
P3,Faces96,evaluation,several_enrollment_photographs,9602283,9602283/9602283.16.jpg,1,32,14,1,1
P3,Faces96,evaluation,several_enrollment_photographs,9602283,9602283/9602283.17.jpg,1,33,14,1,1
P3,Faces96,evaluation,several_enrollment_photographs,9602283,9602283/9602283.18.jpg,1,24,14,1,1
P3,Faces96,evaluation,several_enrollment_photographs,9602283,9602283/9602283.19.jpg,1,35,14,1,1
P3,Faces96,evaluation,several_enrollment_photographs,9602283,9602283/9602283.20.jpg,1,30,14,1,1
P3,Faces96,evaluation,several_enrollment_photographs,9630643,9630643/9630643.11.jpg,1,41,14,1,1
P3,Faces96,evaluation,several_enrollment_photographs,9630643,9630643/9630643.12.jpg,1,31,14,1,1
P3,Faces96,evaluation,several_enrollment_photographs,9630643,9630643/9630643.13.jpg,1,30,14,1,1
P3,Faces96,evaluation,several_enrollment_photographs,9630643,9630643/9630643.14.jpg,1,33,14,1,1
P3,Faces96,evaluation,several_enrollment_photographs,9630643,9630643/9630643.15.jpg,1,30,14,1,1
P3,Faces96,evaluation,several_enrollment_photographs,9630643,9630643/9630643.16.jpg,1,28,14,1,1
P3,Faces96,evaluation,several_enrollment_photographs,9630643,9630643/9630643.17.jpg,1,23,14,1,1
P3,Faces96,evaluation,several_enrollment_photographs,9630643,9630643/9630643.18.jpg,1,28,14,1,1
P3,Faces96,evaluation,several_enrollment_photographs,9630643,9630643/9630643.19.jpg,1,25,14,1,1
P3,Faces96,evaluation,several_enrollment_photographs,9630643,9630643/9630643.20.jpg,1,24,14,1,1
P3,Faces96,evaluation,several_enrollment_photographs,adpoun,adpoun/adpoun.11.jpg,1,29,14,1,1
P3,Faces96,evaluation,several_enrollment_photographs,adpoun,adpoun/adpoun.12.jpg,1,25,14,1,1
P3,Faces96,evaluation,several_enrollment_photographs,adpoun,adpoun/adpoun.13.jpg,1,27,14,1,1
P3,Faces96,evaluation,several_enrollment_photographs,adpoun,adpoun/adpoun.14.jpg,1,27,14,1,1
P3,Faces96,evaluation,several_enrollment_photographs,adpoun,adpoun/adpoun.15.jpg,1,27,14,1,1
P3,Faces96,evaluation,several_enrollment_photographs,adpoun,adpoun/adpoun.16.jpg,1,23,14,1,1
P3,Faces96,evaluation,several_enrollment_photographs,adpoun,adpoun/adpoun.17.jpg,1,29,14,1,1
P3,Faces96,evaluation,several_enrollment_photographs,adpoun,adpoun/adpoun.18.jpg,1,22,14,1,1
P3,Faces96,evaluation,several_enrollment_photographs,adpoun,adpoun/adpoun.19.jpg,1,16,14,1,1
P3,Faces96,evaluation,several_enrollment_photographs,adpoun,adpoun/adpoun.20.jpg,1,26,14,1,1
P3,Faces96,evaluation,several_enrollment_photographs,akopci,akopci/akopci.11.jpg,1,39,14,1,1
P3,Faces96,evaluation,several_enrollment_photographs,akopci,akopci/akopci.12.jpg,1,38,14,1,1
P3,Faces96,evaluation,several_enrollment_photographs,akopci,akopci/akopci.13.jpg,1,32,14,1,1
P3,Faces96,evaluation,several_enrollment_photographs,akopci,akopci/akopci.14.jpg,1,26,14,1,1
P3,Faces96,evaluation,several_enrollment_photographs,akopci,akopci/akopci.15.jpg,1,21,14,1,1
P3,Faces96,evaluation,several_enrollment_photographs,akopci,akopci/akopci.16.jpg,1,27,14,1,1
P3,Faces96,evaluation,several_enrollment_photographs,akopci,akopci/akopci.17.jpg,1,24,14,1,1
P3,Faces96,evaluation,several_enrollment_photographs,akopci,akopci/akopci.18.jpg,1,25,14,1,1
P3,Faces96,evaluation,several_enrollment_photographs,akopci,akopci/akopci.19.jpg,1,30,14,1,1
P3,Faces96,evaluation,several_enrollment_photographs,akopci,akopci/akopci.20.jpg,1,23,14,1,1
P3,Faces96,evaluation,several_enrollment_photographs,amflem,amflem/amflem.11.jpg,1,21,14,1,1
P3,Faces96,evaluation,several_enrollment_photographs,amflem,amflem/amflem.12.jpg,1,21,14,1,1
P3,Faces96,evaluation,several_enrollment_photographs,amflem,amflem/amflem.13.jpg,1,20,14,1,1
P3,Faces96,evaluation,several_enrollment_photographs,amflem,amflem/amflem.14.jpg,1,24,14,1,1
P3,Faces96,evaluation,several_enrollment_photographs,amflem,amflem/amflem.15.jpg,1,21,14,1,1
P3,Faces96,evaluation,several_enrollment_photographs,amflem,amflem/amflem.16.jpg,1,26,14,1,1
P3,Faces96,evaluation,several_enrollment_photographs,amflem,amflem/amflem.17.jpg,1,20,14,1,1
P3,Faces96,evaluation,several_enrollment_photographs,amflem,amflem/amflem.18.jpg,1,19,14,1,1
P3,Faces96,evaluation,several_enrollment_photographs,amflem,amflem/amflem.19.jpg,1,21,14,1,1
P3,Faces96,evaluation,several_enrollment_photographs,amflem,amflem/amflem.20.jpg,1,17,14,1,1
P3,Faces96,evaluation,several_enrollment_photographs,amtalb,amtalb/amtalb.11.jpg,1,25,14,1,1
P3,Faces96,evaluation,several_enrollment_photographs,amtalb,amtalb/amtalb.12.jpg,1,26,14,1,1
P3,Faces96,evaluation,several_enrollment_photographs,amtalb,amtalb/amtalb.13.jpg,1,22,14,1,1
P3,Faces96,evaluation,several_enrollment_photographs,amtalb,amtalb/amtalb.14.jpg,1,23,14,1,1
P3,Faces96,evaluation,several_enrollment_photographs,amtalb,amtalb/amtalb.15.jpg,1,20,14,1,1
P3,Faces96,evaluation,several_enrollment_photographs,amtalb,amtalb/amtalb.16.jpg,1,26,14,1,1
P3,Faces96,evaluation,several_enrollment_photographs,amtalb,amtalb/amtalb.17.jpg,1,22,14,1,1
P3,Faces96,evaluation,several_enrollment_photographs,amtalb,amtalb/amtalb.18.jpg,1,23,14,1,1
P3,Faces96,evaluation,several_enrollment_photographs,amtalb,amtalb/amtalb.19.jpg,1,17,14,1,1
P3,Faces96,evaluation,several_enrollment_photographs,amtalb,amtalb/amtalb.20.jpg,1,19,14,1,1
P3,Faces96,evaluation,several_enrollment_photographs,arwebb,arwebb/arwebb.1.jpg,0,14,14,1,0
P3,Faces96,evaluation,several_enrollment_photographs,arwebb,arwebb/arwebb.2.jpg,0,17,14,1,0
P3,Faces96,evaluation,several_enrollment_photographs,arwebb,arwebb/arwebb.3.jpg,0,14,14,1,0
P3,Faces96,evaluation,several_enrollment_photographs,arwebb,arwebb/arwebb.4.jpg,0,8,14,0,1
P3,Faces96,evaluation,several_enrollment_photographs,arwebb,arwebb/arwebb.5.jpg,0,16,14,1,0
P3,Faces96,evaluation,several_enrollment_photographs,arwebb,arwebb/arwebb.6.jpg,0,15,14,1,0
P3,Faces96,evaluation,several_enrollment_photographs,arwebb,arwebb/arwebb.7.jpg,0,15,14,1,0
P3,Faces96,evaluation,several_enrollment_photographs,arwebb,arwebb/arwebb.8.jpg,0,16,14,1,0
P3,Faces96,evaluation,several_enrollment_photographs,arwebb,arwebb/arwebb.9.jpg,0,13,14,0,1
P3,Faces96,evaluation,several_enrollment_photographs,arwebb,arwebb/arwebb.10.jpg,0,7,14,0,1
P3,Faces96,evaluation,several_enrollment_photographs,arwebb,arwebb/arwebb.11.jpg,0,13,14,0,1
P3,Faces96,evaluation,several_enrollment_photographs,arwebb,arwebb/arwebb.12.jpg,0,12,14,0,1
P3,Faces96,evaluation,several_enrollment_photographs,arwebb,arwebb/arwebb.13.jpg,0,13,14,0,1
P3,Faces96,evaluation,several_enrollment_photographs,arwebb,arwebb/arwebb.14.jpg,0,15,14,1,0
P3,Faces96,evaluation,several_enrollment_photographs,arwebb,arwebb/arwebb.15.jpg,0,16,14,1,0
P3,Faces96,evaluation,several_enrollment_photographs,arwebb,arwebb/arwebb.16.jpg,0,11,14,0,1
P3,Faces96,evaluation,several_enrollment_photographs,arwebb,arwebb/arwebb.17.jpg,0,17,14,1,0
P3,Faces96,evaluation,several_enrollment_photographs,arwebb,arwebb/arwebb.18.jpg,0,13,14,0,1
P3,Faces96,evaluation,several_enrollment_photographs,arwebb,arwebb/arwebb.19.jpg,0,13,14,0,1
P3,Faces96,evaluation,several_enrollment_photographs,arwebb,arwebb/arwebb.20.jpg,0,13,14,0,1
P3,Faces96,evaluation,several_enrollment_photographs,atfpou,atfpou/atfpou.11.jpg,1,29,14,1,1
P3,Faces96,evaluation,several_enrollment_photographs,atfpou,atfpou/atfpou.12.jpg,1,24,14,1,1
P3,Faces96,evaluation,several_enrollment_photographs,atfpou,atfpou/atfpou.13.jpg,1,30,14,1,1
P3,Faces96,evaluation,several_enrollment_photographs,atfpou,atfpou/atfpou.14.jpg,1,25,14,1,1
P3,Faces96,evaluation,several_enrollment_photographs,atfpou,atfpou/atfpou.15.jpg,1,20,14,1,1
P3,Faces96,evaluation,several_enrollment_photographs,atfpou,atfpou/atfpou.16.jpg,1,19,14,1,1
P3,Faces96,evaluation,several_enrollment_photographs,atfpou,atfpou/atfpou.17.jpg,1,37,14,1,1
P3,Faces96,evaluation,several_enrollment_photographs,atfpou,atfpou/atfpou.18.jpg,1,31,14,1,1
P3,Faces96,evaluation,several_enrollment_photographs,atfpou,atfpou/atfpou.19.jpg,1,24,14,1,1
P3,Faces96,evaluation,several_enrollment_photographs,atfpou,atfpou/atfpou.20.jpg,1,32,14,1,1
P3,Faces96,evaluation,several_enrollment_photographs,cowie,cowie/cowie.11.jpg,1,30,14,1,1
P3,Faces96,evaluation,several_enrollment_photographs,cowie,cowie/cowie.12.jpg,1,27,14,1,1
P3,Faces96,evaluation,several_enrollment_photographs,cowie,cowie/cowie.13.jpg,1,29,14,1,1
P3,Faces96,evaluation,several_enrollment_photographs,cowie,cowie/cowie.14.jpg,1,29,14,1,1
P3,Faces96,evaluation,several_enrollment_photographs,cowie,cowie/cowie.15.jpg,1,27,14,1,1
P3,Faces96,evaluation,several_enrollment_photographs,cowie,cowie/cowie.16.jpg,1,28,14,1,1
P3,Faces96,evaluation,several_enrollment_photographs,cowie,cowie/cowie.17.jpg,1,27,14,1,1
P3,Faces96,evaluation,several_enrollment_photographs,cowie,cowie/cowie.18.jpg,1,29,14,1,1
P3,Faces96,evaluation,several_enrollment_photographs,cowie,cowie/cowie.19.jpg,1,31,14,1,1
P3,Faces96,evaluation,several_enrollment_photographs,cowie,cowie/cowie.20.jpg,1,26,14,1,1
P3,Faces96,evaluation,several_enrollment_photographs,cpatki,cpatki/cpatki.11.jpg,1,23,14,1,1
P3,Faces96,evaluation,several_enrollment_photographs,cpatki,cpatki/cpatki.12.jpg,1,24,14,1,1
P3,Faces96,evaluation,several_enrollment_photographs,cpatki,cpatki/cpatki.13.jpg,1,20,14,1,1
P3,Faces96,evaluation,several_enrollment_photographs,cpatki,cpatki/cpatki.14.jpg,1,30,14,1,1
P3,Faces96,evaluation,several_enrollment_photographs,cpatki,cpatki/cpatki.15.jpg,1,23,14,1,1
P3,Faces96,evaluation,several_enrollment_photographs,cpatki,cpatki/cpatki.16.jpg,1,17,14,1,1
P3,Faces96,evaluation,several_enrollment_photographs,cpatki,cpatki/cpatki.17.jpg,1,20,14,1,1
P3,Faces96,evaluation,several_enrollment_photographs,cpatki,cpatki/cpatki.18.jpg,1,15,14,1,1
P3,Faces96,evaluation,several_enrollment_photographs,cpatki,cpatki/cpatki.19.jpg,1,31,14,1,1
P3,Faces96,evaluation,several_enrollment_photographs,cpatki,cpatki/cpatki.20.jpg,1,19,14,1,1
P3,Faces96,evaluation,several_enrollment_photographs,cprice,cprice/cprice.11.jpg,1,32,14,1,1
P3,Faces96,evaluation,several_enrollment_photographs,cprice,cprice/cprice.12.jpg,1,31,14,1,1
P3,Faces96,evaluation,several_enrollment_photographs,cprice,cprice/cprice.13.jpg,1,26,14,1,1
P3,Faces96,evaluation,several_enrollment_photographs,cprice,cprice/cprice.14.jpg,1,32,14,1,1
P3,Faces96,evaluation,several_enrollment_photographs,cprice,cprice/cprice.15.jpg,1,33,14,1,1
P3,Faces96,evaluation,several_enrollment_photographs,cprice,cprice/cprice.16.jpg,1,28,14,1,1
P3,Faces96,evaluation,several_enrollment_photographs,cprice,cprice/cprice.17.jpg,1,29,14,1,1
P3,Faces96,evaluation,several_enrollment_photographs,cprice,cprice/cprice.18.jpg,1,35,14,1,1
P3,Faces96,evaluation,several_enrollment_photographs,cprice,cprice/cprice.19.jpg,1,32,14,1,1
P3,Faces96,evaluation,several_enrollment_photographs,cprice,cprice/cprice.20.jpg,1,28,14,1,1
P3,Faces96,evaluation,several_enrollment_photographs,dhaydo,dhaydo/dhaydo.11.jpg,1,19,14,1,1
P3,Faces96,evaluation,several_enrollment_photographs,dhaydo,dhaydo/dhaydo.12.jpg,1,14,14,1,1
P3,Faces96,evaluation,several_enrollment_photographs,dhaydo,dhaydo/dhaydo.13.jpg,1,16,14,1,1
P3,Faces96,evaluation,several_enrollment_photographs,dhaydo,dhaydo/dhaydo.14.jpg,1,15,14,1,1
P3,Faces96,evaluation,several_enrollment_photographs,dhaydo,dhaydo/dhaydo.15.jpg,1,14,14,1,1
P3,Faces96,evaluation,several_enrollment_photographs,dhaydo,dhaydo/dhaydo.16.jpg,1,16,14,1,1
P3,Faces96,evaluation,several_enrollment_photographs,dhaydo,dhaydo/dhaydo.17.jpg,1,16,14,1,1
P3,Faces96,evaluation,several_enrollment_photographs,dhaydo,dhaydo/dhaydo.18.jpg,1,20,14,1,1
P3,Faces96,evaluation,several_enrollment_photographs,dhaydo,dhaydo/dhaydo.19.jpg,1,24,14,1,1
P3,Faces96,evaluation,several_enrollment_photographs,dhaydo,dhaydo/dhaydo.20.jpg,1,16,14,1,1
P3,Faces96,evaluation,several_enrollment_photographs,djpben,djpben/djpben.11.jpg,1,24,14,1,1
P3,Faces96,evaluation,several_enrollment_photographs,djpben,djpben/djpben.12.jpg,1,24,14,1,1
P3,Faces96,evaluation,several_enrollment_photographs,djpben,djpben/djpben.13.jpg,1,18,14,1,1
P3,Faces96,evaluation,several_enrollment_photographs,djpben,djpben/djpben.14.jpg,1,25,14,1,1
P3,Faces96,evaluation,several_enrollment_photographs,djpben,djpben/djpben.15.jpg,1,17,14,1,1
P3,Faces96,evaluation,several_enrollment_photographs,djpben,djpben/djpben.16.jpg,1,23,14,1,1
P3,Faces96,evaluation,several_enrollment_photographs,djpben,djpben/djpben.17.jpg,1,23,14,1,1
P3,Faces96,evaluation,several_enrollment_photographs,djpben,djpben/djpben.18.jpg,1,25,14,1,1
P3,Faces96,evaluation,several_enrollment_photographs,djpben,djpben/djpben.19.jpg,1,21,14,1,1
P3,Faces96,evaluation,several_enrollment_photographs,djpben,djpben/djpben.20.jpg,1,23,14,1,1
P3,Faces96,evaluation,several_enrollment_photographs,djtye,djtye/djtye.1.jpg,0,7,14,0,1
P3,Faces96,evaluation,several_enrollment_photographs,djtye,djtye/djtye.2.jpg,0,7,14,0,1
P3,Faces96,evaluation,several_enrollment_photographs,djtye,djtye/djtye.3.jpg,0,6,14,0,1
P3,Faces96,evaluation,several_enrollment_photographs,djtye,djtye/djtye.4.jpg,0,10,14,0,1
P3,Faces96,evaluation,several_enrollment_photographs,djtye,djtye/djtye.5.jpg,0,11,14,0,1
P3,Faces96,evaluation,several_enrollment_photographs,djtye,djtye/djtye.6.jpg,0,4,14,0,1
P3,Faces96,evaluation,several_enrollment_photographs,djtye,djtye/djtye.7.jpg,0,7,14,0,1
P3,Faces96,evaluation,several_enrollment_photographs,djtye,djtye/djtye.8.jpg,0,11,14,0,1
P3,Faces96,evaluation,several_enrollment_photographs,djtye,djtye/djtye.9.jpg,0,7,14,0,1
P3,Faces96,evaluation,several_enrollment_photographs,djtye,djtye/djtye.10.jpg,0,12,14,0,1
P3,Faces96,evaluation,several_enrollment_photographs,djtye,djtye/djtye.11.jpg,0,9,14,0,1
P3,Faces96,evaluation,several_enrollment_photographs,djtye,djtye/djtye.12.jpg,0,12,14,0,1
P3,Faces96,evaluation,several_enrollment_photographs,djtye,djtye/djtye.13.jpg,0,16,14,1,0
P3,Faces96,evaluation,several_enrollment_photographs,djtye,djtye/djtye.14.jpg,0,10,14,0,1
P3,Faces96,evaluation,several_enrollment_photographs,djtye,djtye/djtye.15.jpg,0,14,14,1,0
P3,Faces96,evaluation,several_enrollment_photographs,djtye,djtye/djtye.16.jpg,0,9,14,0,1
P3,Faces96,evaluation,several_enrollment_photographs,djtye,djtye/djtye.17.jpg,0,8,14,0,1
P3,Faces96,evaluation,several_enrollment_photographs,djtye,djtye/djtye.18.jpg,0,9,14,0,1
P3,Faces96,evaluation,several_enrollment_photographs,djtye,djtye/djtye.19.jpg,0,12,14,0,1
P3,Faces96,evaluation,several_enrollment_photographs,djtye,djtye/djtye.20.jpg,0,14,14,1,0
P3,Faces96,evaluation,several_enrollment_photographs,dkourkf,dkourkf/dkourkf.1.jpg,0,15,14,1,0
P3,Faces96,evaluation,several_enrollment_photographs,dkourkf,dkourkf/dkourkf.2.jpg,0,17,14,1,0
P3,Faces96,evaluation,several_enrollment_photographs,dkourkf,dkourkf/dkourkf.3.jpg,0,18,14,1,0
P3,Faces96,evaluation,several_enrollment_photographs,dkourkf,dkourkf/dkourkf.4.jpg,0,16,14,1,0
P3,Faces96,evaluation,several_enrollment_photographs,dkourkf,dkourkf/dkourkf.5.jpg,0,10,14,0,1
P3,Faces96,evaluation,several_enrollment_photographs,dkourkf,dkourkf/dkourkf.6.jpg,0,19,14,1,0
P3,Faces96,evaluation,several_enrollment_photographs,dkourkf,dkourkf/dkourkf.7.jpg,0,14,14,1,0
P3,Faces96,evaluation,several_enrollment_photographs,dkourkf,dkourkf/dkourkf.8.jpg,0,13,14,0,1
P3,Faces96,evaluation,several_enrollment_photographs,dkourkf,dkourkf/dkourkf.9.jpg,0,15,14,1,0
P3,Faces96,evaluation,several_enrollment_photographs,dkourkf,dkourkf/dkourkf.10.jpg,0,6,14,0,1
P3,Faces96,evaluation,several_enrollment_photographs,dkourkf,dkourkf/dkourkf.11.jpg,0,15,14,1,0
P3,Faces96,evaluation,several_enrollment_photographs,dkourkf,dkourkf/dkourkf.12.jpg,0,15,14,1,0
P3,Faces96,evaluation,several_enrollment_photographs,dkourkf,dkourkf/dkourkf.13.jpg,0,12,14,0,1
P3,Faces96,evaluation,several_enrollment_photographs,dkourkf,dkourkf/dkourkf.14.jpg,0,12,14,0,1
P3,Faces96,evaluation,several_enrollment_photographs,dkourkf,dkourkf/dkourkf.15.jpg,0,16,14,1,0
P3,Faces96,evaluation,several_enrollment_photographs,dkourkf,dkourkf/dkourkf.16.jpg,0,19,14,1,0
P3,Faces96,evaluation,several_enrollment_photographs,dkourkf,dkourkf/dkourkf.17.jpg,0,15,14,1,0
P3,Faces96,evaluation,several_enrollment_photographs,dkourkf,dkourkf/dkourkf.18.jpg,0,20,14,1,0
P3,Faces96,evaluation,several_enrollment_photographs,dkourkf,dkourkf/dkourkf.19.jpg,0,15,14,1,0
P3,Faces96,evaluation,several_enrollment_photographs,dkourkf,dkourkf/dkourkf.20.jpg,0,17,14,1,0
P3,Faces96,evaluation,several_enrollment_photographs,dlwise,dlwise/dlwise.11.jpg,1,33,14,1,1
P3,Faces96,evaluation,several_enrollment_photographs,dlwise,dlwise/dlwise.12.jpg,1,30,14,1,1
P3,Faces96,evaluation,several_enrollment_photographs,dlwise,dlwise/dlwise.13.jpg,1,29,14,1,1
P3,Faces96,evaluation,several_enrollment_photographs,dlwise,dlwise/dlwise.14.jpg,1,21,14,1,1
P3,Faces96,evaluation,several_enrollment_photographs,dlwise,dlwise/dlwise.15.jpg,1,28,14,1,1
P3,Faces96,evaluation,several_enrollment_photographs,dlwise,dlwise/dlwise.16.jpg,1,34,14,1,1
P3,Faces96,evaluation,several_enrollment_photographs,dlwise,dlwise/dlwise.17.jpg,1,24,14,1,1
P3,Faces96,evaluation,several_enrollment_photographs,dlwise,dlwise/dlwise.18.jpg,1,24,14,1,1
P3,Faces96,evaluation,several_enrollment_photographs,dlwise,dlwise/dlwise.19.jpg,1,21,14,1,1
P3,Faces96,evaluation,several_enrollment_photographs,dlwise,dlwise/dlwise.20.jpg,1,24,14,1,1
P3,Faces96,evaluation,several_enrollment_photographs,dnoguy,dnoguy/dnoguy.11.jpg,1,30,14,1,1
P3,Faces96,evaluation,several_enrollment_photographs,dnoguy,dnoguy/dnoguy.12.jpg,1,27,14,1,1
P3,Faces96,evaluation,several_enrollment_photographs,dnoguy,dnoguy/dnoguy.13.jpg,1,27,14,1,1
P3,Faces96,evaluation,several_enrollment_photographs,dnoguy,dnoguy/dnoguy.14.jpg,1,23,14,1,1
P3,Faces96,evaluation,several_enrollment_photographs,dnoguy,dnoguy/dnoguy.15.jpg,1,24,14,1,1
P3,Faces96,evaluation,several_enrollment_photographs,dnoguy,dnoguy/dnoguy.16.jpg,1,22,14,1,1
P3,Faces96,evaluation,several_enrollment_photographs,dnoguy,dnoguy/dnoguy.17.jpg,1,16,14,1,1
P3,Faces96,evaluation,several_enrollment_photographs,dnoguy,dnoguy/dnoguy.18.jpg,1,20,14,1,1
P3,Faces96,evaluation,several_enrollment_photographs,dnoguy,dnoguy/dnoguy.19.jpg,1,28,14,1,1
P3,Faces96,evaluation,several_enrollment_photographs,dnoguy,dnoguy/dnoguy.20.jpg,1,26,14,1,1
P3,Faces96,evaluation,several_enrollment_photographs,elalio,elalio/elalio.1.jpg,0,21,14,1,0
P3,Faces96,evaluation,several_enrollment_photographs,elalio,elalio/elalio.2.jpg,0,19,14,1,0
P3,Faces96,evaluation,several_enrollment_photographs,elalio,elalio/elalio.3.jpg,0,16,14,1,0
P3,Faces96,evaluation,several_enrollment_photographs,elalio,elalio/elalio.4.jpg,0,15,14,1,0
P3,Faces96,evaluation,several_enrollment_photographs,elalio,elalio/elalio.5.jpg,0,19,14,1,0
P3,Faces96,evaluation,several_enrollment_photographs,elalio,elalio/elalio.6.jpg,0,19,14,1,0
P3,Faces96,evaluation,several_enrollment_photographs,elalio,elalio/elalio.7.jpg,0,20,14,1,0
P3,Faces96,evaluation,several_enrollment_photographs,elalio,elalio/elalio.8.jpg,0,23,14,1,0
P3,Faces96,evaluation,several_enrollment_photographs,elalio,elalio/elalio.9.jpg,0,22,14,1,0
P3,Faces96,evaluation,several_enrollment_photographs,elalio,elalio/elalio.10.jpg,0,19,14,1,0
P3,Faces96,evaluation,several_enrollment_photographs,elalio,elalio/elalio.11.jpg,0,16,14,1,0
P3,Faces96,evaluation,several_enrollment_photographs,elalio,elalio/elalio.12.jpg,0,24,14,1,0
P3,Faces96,evaluation,several_enrollment_photographs,elalio,elalio/elalio.13.jpg,0,22,14,1,0
P3,Faces96,evaluation,several_enrollment_photographs,elalio,elalio/elalio.14.jpg,0,19,14,1,0
P3,Faces96,evaluation,several_enrollment_photographs,elalio,elalio/elalio.15.jpg,0,24,14,1,0
P3,Faces96,evaluation,several_enrollment_photographs,elalio,elalio/elalio.16.jpg,0,17,14,1,0
P3,Faces96,evaluation,several_enrollment_photographs,elalio,elalio/elalio.17.jpg,0,15,14,1,0
P3,Faces96,evaluation,several_enrollment_photographs,elalio,elalio/elalio.18.jpg,0,16,14,1,0
P3,Faces96,evaluation,several_enrollment_photographs,elalio,elalio/elalio.19.jpg,0,18,14,1,0
P3,Faces96,evaluation,several_enrollment_photographs,elalio,elalio/elalio.20.jpg,0,12,14,0,1
P3,Faces96,evaluation,several_enrollment_photographs,fmquaz,fmquaz/fmquaz.1.jpg,0,12,14,0,1
P3,Faces96,evaluation,several_enrollment_photographs,fmquaz,fmquaz/fmquaz.2.jpg,0,4,14,0,1
P3,Faces96,evaluation,several_enrollment_photographs,fmquaz,fmquaz/fmquaz.3.jpg,0,8,14,0,1
P3,Faces96,evaluation,several_enrollment_photographs,fmquaz,fmquaz/fmquaz.4.jpg,0,5,14,0,1
P3,Faces96,evaluation,several_enrollment_photographs,fmquaz,fmquaz/fmquaz.5.jpg,0,8,14,0,1
P3,Faces96,evaluation,several_enrollment_photographs,fmquaz,fmquaz/fmquaz.6.jpg,0,11,14,0,1
P3,Faces96,evaluation,several_enrollment_photographs,fmquaz,fmquaz/fmquaz.7.jpg,0,12,14,0,1
P3,Faces96,evaluation,several_enrollment_photographs,fmquaz,fmquaz/fmquaz.8.jpg,0,16,14,1,0
P3,Faces96,evaluation,several_enrollment_photographs,fmquaz,fmquaz/fmquaz.9.jpg,0,14,14,1,0
P3,Faces96,evaluation,several_enrollment_photographs,fmquaz,fmquaz/fmquaz.10.jpg,0,6,14,0,1
P3,Faces96,evaluation,several_enrollment_photographs,fmquaz,fmquaz/fmquaz.11.jpg,0,4,14,0,1
P3,Faces96,evaluation,several_enrollment_photographs,fmquaz,fmquaz/fmquaz.12.jpg,0,9,14,0,1
P3,Faces96,evaluation,several_enrollment_photographs,fmquaz,fmquaz/fmquaz.13.jpg,0,8,14,0,1
P3,Faces96,evaluation,several_enrollment_photographs,fmquaz,fmquaz/fmquaz.14.jpg,0,7,14,0,1
P3,Faces96,evaluation,several_enrollment_photographs,fmquaz,fmquaz/fmquaz.15.jpg,0,10,14,0,1
P3,Faces96,evaluation,several_enrollment_photographs,fmquaz,fmquaz/fmquaz.16.jpg,0,10,14,0,1
P3,Faces96,evaluation,several_enrollment_photographs,fmquaz,fmquaz/fmquaz.17.jpg,0,5,14,0,1
P3,Faces96,evaluation,several_enrollment_photographs,fmquaz,fmquaz/fmquaz.18.jpg,0,11,14,0,1
P3,Faces96,evaluation,several_enrollment_photographs,fmquaz,fmquaz/fmquaz.19.jpg,0,5,14,0,1
P3,Faces96,evaluation,several_enrollment_photographs,fmquaz,fmquaz/fmquaz.20.jpg,0,10,14,0,1
P3,Faces96,evaluation,several_enrollment_photographs,gdsamp,gdsamp/gdsamp.11.jpg,1,30,14,1,1
P3,Faces96,evaluation,several_enrollment_photographs,gdsamp,gdsamp/gdsamp.12.jpg,1,30,14,1,1
P3,Faces96,evaluation,several_enrollment_photographs,gdsamp,gdsamp/gdsamp.13.jpg,1,28,14,1,1
P3,Faces96,evaluation,several_enrollment_photographs,gdsamp,gdsamp/gdsamp.14.jpg,1,26,14,1,1
P3,Faces96,evaluation,several_enrollment_photographs,gdsamp,gdsamp/gdsamp.15.jpg,1,30,14,1,1
P3,Faces96,evaluation,several_enrollment_photographs,gdsamp,gdsamp/gdsamp.16.jpg,1,27,14,1,1
P3,Faces96,evaluation,several_enrollment_photographs,gdsamp,gdsamp/gdsamp.17.jpg,1,19,14,1,1
P3,Faces96,evaluation,several_enrollment_photographs,gdsamp,gdsamp/gdsamp.18.jpg,1,18,14,1,1
P3,Faces96,evaluation,several_enrollment_photographs,gdsamp,gdsamp/gdsamp.19.jpg,1,22,14,1,1
P3,Faces96,evaluation,several_enrollment_photographs,gdsamp,gdsamp/gdsamp.20.jpg,1,26,14,1,1
P3,Faces96,evaluation,several_enrollment_photographs,gghazv,gghazv/gghazv.1.jpg,0,10,14,0,1
P3,Faces96,evaluation,several_enrollment_photographs,gghazv,gghazv/gghazv.2.jpg,0,9,14,0,1
P3,Faces96,evaluation,several_enrollment_photographs,gghazv,gghazv/gghazv.3.jpg,0,11,14,0,1
P3,Faces96,evaluation,several_enrollment_photographs,gghazv,gghazv/gghazv.4.jpg,0,7,14,0,1
P3,Faces96,evaluation,several_enrollment_photographs,gghazv,gghazv/gghazv.5.jpg,0,12,14,0,1
P3,Faces96,evaluation,several_enrollment_photographs,gghazv,gghazv/gghazv.6.jpg,0,14,14,1,0
P3,Faces96,evaluation,several_enrollment_photographs,gghazv,gghazv/gghazv.7.jpg,0,9,14,0,1
P3,Faces96,evaluation,several_enrollment_photographs,gghazv,gghazv/gghazv.8.jpg,0,14,14,1,0
P3,Faces96,evaluation,several_enrollment_photographs,gghazv,gghazv/gghazv.9.jpg,0,13,14,0,1
P3,Faces96,evaluation,several_enrollment_photographs,gghazv,gghazv/gghazv.10.jpg,0,11,14,0,1
P3,Faces96,evaluation,several_enrollment_photographs,gghazv,gghazv/gghazv.11.jpg,0,11,14,0,1
P3,Faces96,evaluation,several_enrollment_photographs,gghazv,gghazv/gghazv.12.jpg,0,9,14,0,1
P3,Faces96,evaluation,several_enrollment_photographs,gghazv,gghazv/gghazv.13.jpg,0,13,14,0,1
P3,Faces96,evaluation,several_enrollment_photographs,gghazv,gghazv/gghazv.14.jpg,0,14,14,1,0
P3,Faces96,evaluation,several_enrollment_photographs,gghazv,gghazv/gghazv.15.jpg,0,13,14,0,1
P3,Faces96,evaluation,several_enrollment_photographs,gghazv,gghazv/gghazv.16.jpg,0,11,14,0,1
P3,Faces96,evaluation,several_enrollment_photographs,gghazv,gghazv/gghazv.17.jpg,0,10,14,0,1
P3,Faces96,evaluation,several_enrollment_photographs,gghazv,gghazv/gghazv.18.jpg,0,9,14,0,1
P3,Faces96,evaluation,several_enrollment_photographs,gghazv,gghazv/gghazv.19.jpg,0,8,14,0,1
P3,Faces96,evaluation,several_enrollment_photographs,gghazv,gghazv/gghazv.20.jpg,0,13,14,0,1
P3,Faces96,evaluation,several_enrollment_photographs,gjbods,gjbods/gjbods.11.jpg,1,23,14,1,1
P3,Faces96,evaluation,several_enrollment_photographs,gjbods,gjbods/gjbods.12.jpg,1,18,14,1,1
P3,Faces96,evaluation,several_enrollment_photographs,gjbods,gjbods/gjbods.13.jpg,1,18,14,1,1
P3,Faces96,evaluation,several_enrollment_photographs,gjbods,gjbods/gjbods.14.jpg,1,20,14,1,1
P3,Faces96,evaluation,several_enrollment_photographs,gjbods,gjbods/gjbods.15.jpg,1,18,14,1,1
P3,Faces96,evaluation,several_enrollment_photographs,gjbods,gjbods/gjbods.16.jpg,1,17,14,1,1
P3,Faces96,evaluation,several_enrollment_photographs,gjbods,gjbods/gjbods.17.jpg,1,14,14,1,1
P3,Faces96,evaluation,several_enrollment_photographs,gjbods,gjbods/gjbods.18.jpg,1,17,14,1,1
P3,Faces96,evaluation,several_enrollment_photographs,gjbods,gjbods/gjbods.19.jpg,1,14,14,1,1
P3,Faces96,evaluation,several_enrollment_photographs,gjbods,gjbods/gjbods.20.jpg,1,16,14,1,1
P3,Faces96,evaluation,several_enrollment_photographs,gllong,gllong/gllong.11.jpg,1,31,14,1,1
P3,Faces96,evaluation,several_enrollment_photographs,gllong,gllong/gllong.12.jpg,1,17,14,1,1
P3,Faces96,evaluation,several_enrollment_photographs,gllong,gllong/gllong.13.jpg,1,25,14,1,1
P3,Faces96,evaluation,several_enrollment_photographs,gllong,gllong/gllong.14.jpg,1,26,14,1,1
P3,Faces96,evaluation,several_enrollment_photographs,gllong,gllong/gllong.15.jpg,1,24,14,1,1
P3,Faces96,evaluation,several_enrollment_photographs,gllong,gllong/gllong.16.jpg,1,21,14,1,1
P3,Faces96,evaluation,several_enrollment_photographs,gllong,gllong/gllong.17.jpg,1,20,14,1,1
P3,Faces96,evaluation,several_enrollment_photographs,gllong,gllong/gllong.18.jpg,1,21,14,1,1
P3,Faces96,evaluation,several_enrollment_photographs,gllong,gllong/gllong.19.jpg,1,19,14,1,1
P3,Faces96,evaluation,several_enrollment_photographs,gllong,gllong/gllong.20.jpg,1,22,14,1,1
P3,Faces96,evaluation,several_enrollment_photographs,gmagul,gmagul/gmagul.11.jpg,1,28,14,1,1
P3,Faces96,evaluation,several_enrollment_photographs,gmagul,gmagul/gmagul.12.jpg,1,32,14,1,1
P3,Faces96,evaluation,several_enrollment_photographs,gmagul,gmagul/gmagul.13.jpg,1,28,14,1,1
P3,Faces96,evaluation,several_enrollment_photographs,gmagul,gmagul/gmagul.14.jpg,1,24,14,1,1
P3,Faces96,evaluation,several_enrollment_photographs,gmagul,gmagul/gmagul.15.jpg,1,27,14,1,1
P3,Faces96,evaluation,several_enrollment_photographs,gmagul,gmagul/gmagul.16.jpg,1,28,14,1,1
P3,Faces96,evaluation,several_enrollment_photographs,gmagul,gmagul/gmagul.17.jpg,1,27,14,1,1
P3,Faces96,evaluation,several_enrollment_photographs,gmagul,gmagul/gmagul.18.jpg,1,28,14,1,1
P3,Faces96,evaluation,several_enrollment_photographs,gmagul,gmagul/gmagul.19.jpg,1,31,14,1,1
P3,Faces96,evaluation,several_enrollment_photographs,gmagul,gmagul/gmagul.20.jpg,1,29,14,1,1
P3,Faces96,evaluation,several_enrollment_photographs,gmidgl,gmidgl/gmidgl.11.jpg,1,27,14,1,1
P3,Faces96,evaluation,several_enrollment_photographs,gmidgl,gmidgl/gmidgl.12.jpg,1,25,14,1,1
P3,Faces96,evaluation,several_enrollment_photographs,gmidgl,gmidgl/gmidgl.13.jpg,1,21,14,1,1
P3,Faces96,evaluation,several_enrollment_photographs,gmidgl,gmidgl/gmidgl.14.jpg,1,26,14,1,1
P3,Faces96,evaluation,several_enrollment_photographs,gmidgl,gmidgl/gmidgl.15.jpg,1,17,14,1,1
P3,Faces96,evaluation,several_enrollment_photographs,gmidgl,gmidgl/gmidgl.16.jpg,1,21,14,1,1
P3,Faces96,evaluation,several_enrollment_photographs,gmidgl,gmidgl/gmidgl.17.jpg,1,12,14,0,0
P3,Faces96,evaluation,several_enrollment_photographs,gmidgl,gmidgl/gmidgl.18.jpg,1,17,14,1,1
P3,Faces96,evaluation,several_enrollment_photographs,gmidgl,gmidgl/gmidgl.19.jpg,1,17,14,1,1
P3,Faces96,evaluation,several_enrollment_photographs,gmidgl,gmidgl/gmidgl.20.jpg,1,21,14,1,1
P3,Faces96,evaluation,several_enrollment_photographs,idsizm,idsizm/idsizm.11.jpg,1,25,14,1,1
P3,Faces96,evaluation,several_enrollment_photographs,idsizm,idsizm/idsizm.12.jpg,1,18,14,1,1
P3,Faces96,evaluation,several_enrollment_photographs,idsizm,idsizm/idsizm.13.jpg,1,21,14,1,1
P3,Faces96,evaluation,several_enrollment_photographs,idsizm,idsizm/idsizm.14.jpg,1,23,14,1,1
P3,Faces96,evaluation,several_enrollment_photographs,idsizm,idsizm/idsizm.15.jpg,1,16,14,1,1
P3,Faces96,evaluation,several_enrollment_photographs,idsizm,idsizm/idsizm.16.jpg,1,19,14,1,1
P3,Faces96,evaluation,several_enrollment_photographs,idsizm,idsizm/idsizm.17.jpg,1,17,14,1,1
P3,Faces96,evaluation,several_enrollment_photographs,idsizm,idsizm/idsizm.18.jpg,1,14,14,1,1
P3,Faces96,evaluation,several_enrollment_photographs,idsizm,idsizm/idsizm.19.jpg,1,12,14,0,0
P3,Faces96,evaluation,several_enrollment_photographs,idsizm,idsizm/idsizm.20.jpg,1,14,14,1,1
P3,Faces96,evaluation,several_enrollment_photographs,jbgood,jbgood/jbgood.11.jpg,1,23,14,1,1
P3,Faces96,evaluation,several_enrollment_photographs,jbgood,jbgood/jbgood.12.jpg,1,27,14,1,1
P3,Faces96,evaluation,several_enrollment_photographs,jbgood,jbgood/jbgood.13.jpg,1,24,14,1,1
P3,Faces96,evaluation,several_enrollment_photographs,jbgood,jbgood/jbgood.14.jpg,1,15,14,1,1
P3,Faces96,evaluation,several_enrollment_photographs,jbgood,jbgood/jbgood.15.jpg,1,23,14,1,1
P3,Faces96,evaluation,several_enrollment_photographs,jbgood,jbgood/jbgood.16.jpg,1,24,14,1,1
P3,Faces96,evaluation,several_enrollment_photographs,jbgood,jbgood/jbgood.17.jpg,1,24,14,1,1
P3,Faces96,evaluation,several_enrollment_photographs,jbgood,jbgood/jbgood.18.jpg,1,18,14,1,1
P3,Faces96,evaluation,several_enrollment_photographs,jbgood,jbgood/jbgood.19.jpg,1,21,14,1,1
P3,Faces96,evaluation,several_enrollment_photographs,jbgood,jbgood/jbgood.20.jpg,1,17,14,1,1
P3,Faces96,evaluation,several_enrollment_photographs,jjdacl,jjdacl/jjdacl.1.jpg,0,11,14,0,1
P3,Faces96,evaluation,several_enrollment_photographs,jjdacl,jjdacl/jjdacl.2.jpg,0,20,14,1,0
P3,Faces96,evaluation,several_enrollment_photographs,jjdacl,jjdacl/jjdacl.3.jpg,0,18,14,1,0
P3,Faces96,evaluation,several_enrollment_photographs,jjdacl,jjdacl/jjdacl.4.jpg,0,14,14,1,0
P3,Faces96,evaluation,several_enrollment_photographs,jjdacl,jjdacl/jjdacl.5.jpg,0,13,14,0,1
P3,Faces96,evaluation,several_enrollment_photographs,jjdacl,jjdacl/jjdacl.6.jpg,0,18,14,1,0
P3,Faces96,evaluation,several_enrollment_photographs,jjdacl,jjdacl/jjdacl.7.jpg,0,17,14,1,0
P3,Faces96,evaluation,several_enrollment_photographs,jjdacl,jjdacl/jjdacl.8.jpg,0,13,14,0,1
P3,Faces96,evaluation,several_enrollment_photographs,jjdacl,jjdacl/jjdacl.9.jpg,0,13,14,0,1
P3,Faces96,evaluation,several_enrollment_photographs,jjdacl,jjdacl/jjdacl.10.jpg,0,15,14,1,0
P3,Faces96,evaluation,several_enrollment_photographs,jjdacl,jjdacl/jjdacl.11.jpg,0,15,14,1,0
P3,Faces96,evaluation,several_enrollment_photographs,jjdacl,jjdacl/jjdacl.12.jpg,0,14,14,1,0
P3,Faces96,evaluation,several_enrollment_photographs,jjdacl,jjdacl/jjdacl.13.jpg,0,15,14,1,0
P3,Faces96,evaluation,several_enrollment_photographs,jjdacl,jjdacl/jjdacl.14.jpg,0,11,14,0,1
P3,Faces96,evaluation,several_enrollment_photographs,jjdacl,jjdacl/jjdacl.15.jpg,0,13,14,0,1
P3,Faces96,evaluation,several_enrollment_photographs,jjdacl,jjdacl/jjdacl.16.jpg,0,21,14,1,0
P3,Faces96,evaluation,several_enrollment_photographs,jjdacl,jjdacl/jjdacl.17.jpg,0,15,14,1,0
P3,Faces96,evaluation,several_enrollment_photographs,jjdacl,jjdacl/jjdacl.18.jpg,0,14,14,1,0
P3,Faces96,evaluation,several_enrollment_photographs,jjdacl,jjdacl/jjdacl.19.jpg,0,15,14,1,0
P3,Faces96,evaluation,several_enrollment_photographs,jjdacl,jjdacl/jjdacl.20.jpg,0,14,14,1,0
P3,Faces96,evaluation,several_enrollment_photographs,jjohns,jjohns/jjohns.11.jpg,1,16,14,1,1
P3,Faces96,evaluation,several_enrollment_photographs,jjohns,jjohns/jjohns.12.jpg,1,20,14,1,1
P3,Faces96,evaluation,several_enrollment_photographs,jjohns,jjohns/jjohns.13.jpg,1,18,14,1,1
P3,Faces96,evaluation,several_enrollment_photographs,jjohns,jjohns/jjohns.14.jpg,1,20,14,1,1
P3,Faces96,evaluation,several_enrollment_photographs,jjohns,jjohns/jjohns.15.jpg,1,21,14,1,1
P3,Faces96,evaluation,several_enrollment_photographs,jjohns,jjohns/jjohns.16.jpg,1,25,14,1,1
P3,Faces96,evaluation,several_enrollment_photographs,jjohns,jjohns/jjohns.17.jpg,1,13,14,0,0
P3,Faces96,evaluation,several_enrollment_photographs,jjohns,jjohns/jjohns.18.jpg,1,21,14,1,1
P3,Faces96,evaluation,several_enrollment_photographs,jjohns,jjohns/jjohns.19.jpg,1,12,14,0,0
P3,Faces96,evaluation,several_enrollment_photographs,jjohns,jjohns/jjohns.20.jpg,1,11,14,0,0
P3,Faces96,evaluation,several_enrollment_photographs,jphoor,jphoor/jphoor.11.jpg,1,27,14,1,1
P3,Faces96,evaluation,several_enrollment_photographs,jphoor,jphoor/jphoor.12.jpg,1,23,14,1,1
P3,Faces96,evaluation,several_enrollment_photographs,jphoor,jphoor/jphoor.13.jpg,1,19,14,1,1
P3,Faces96,evaluation,several_enrollment_photographs,jphoor,jphoor/jphoor.14.jpg,1,27,14,1,1
P3,Faces96,evaluation,several_enrollment_photographs,jphoor,jphoor/jphoor.15.jpg,1,20,14,1,1
P3,Faces96,evaluation,several_enrollment_photographs,jphoor,jphoor/jphoor.16.jpg,1,20,14,1,1
P3,Faces96,evaluation,several_enrollment_photographs,jphoor,jphoor/jphoor.17.jpg,1,24,14,1,1
P3,Faces96,evaluation,several_enrollment_photographs,jphoor,jphoor/jphoor.18.jpg,1,25,14,1,1
P3,Faces96,evaluation,several_enrollment_photographs,jphoor,jphoor/jphoor.19.jpg,1,21,14,1,1
P3,Faces96,evaluation,several_enrollment_photographs,jphoor,jphoor/jphoor.20.jpg,1,28,14,1,1
P3,Faces96,evaluation,several_enrollment_photographs,jwdpag,jwdpag/jwdpag.11.jpg,1,29,14,1,1
P3,Faces96,evaluation,several_enrollment_photographs,jwdpag,jwdpag/jwdpag.12.jpg,1,21,14,1,1
P3,Faces96,evaluation,several_enrollment_photographs,jwdpag,jwdpag/jwdpag.13.jpg,1,27,14,1,1
P3,Faces96,evaluation,several_enrollment_photographs,jwdpag,jwdpag/jwdpag.14.jpg,1,29,14,1,1
P3,Faces96,evaluation,several_enrollment_photographs,jwdpag,jwdpag/jwdpag.15.jpg,1,25,14,1,1
P3,Faces96,evaluation,several_enrollment_photographs,jwdpag,jwdpag/jwdpag.16.jpg,1,24,14,1,1
P3,Faces96,evaluation,several_enrollment_photographs,jwdpag,jwdpag/jwdpag.17.jpg,1,17,14,1,1
P3,Faces96,evaluation,several_enrollment_photographs,jwdpag,jwdpag/jwdpag.18.jpg,1,23,14,1,1
P3,Faces96,evaluation,several_enrollment_photographs,jwdpag,jwdpag/jwdpag.19.jpg,1,28,14,1,1
P3,Faces96,evaluation,several_enrollment_photographs,jwdpag,jwdpag/jwdpag.20.jpg,1,25,14,1,1
P3,Faces96,evaluation,several_enrollment_photographs,kphans,kphans/kphans.11.jpg,1,22,14,1,1
P3,Faces96,evaluation,several_enrollment_photographs,kphans,kphans/kphans.12.jpg,1,32,14,1,1
P3,Faces96,evaluation,several_enrollment_photographs,kphans,kphans/kphans.13.jpg,1,27,14,1,1
P3,Faces96,evaluation,several_enrollment_photographs,kphans,kphans/kphans.14.jpg,1,28,14,1,1
P3,Faces96,evaluation,several_enrollment_photographs,kphans,kphans/kphans.15.jpg,1,29,14,1,1
P3,Faces96,evaluation,several_enrollment_photographs,kphans,kphans/kphans.16.jpg,1,33,14,1,1
P3,Faces96,evaluation,several_enrollment_photographs,kphans,kphans/kphans.17.jpg,1,26,14,1,1
P3,Faces96,evaluation,several_enrollment_photographs,kphans,kphans/kphans.18.jpg,1,28,14,1,1
P3,Faces96,evaluation,several_enrollment_photographs,kphans,kphans/kphans.19.jpg,1,28,14,1,1
P3,Faces96,evaluation,several_enrollment_photographs,kphans,kphans/kphans.20.jpg,1,21,14,1,1
P3,Faces96,evaluation,several_enrollment_photographs,llevet,llevet/llevet.11.jpg,1,27,14,1,1
P3,Faces96,evaluation,several_enrollment_photographs,llevet,llevet/llevet.12.jpg,1,14,14,1,1
P3,Faces96,evaluation,several_enrollment_photographs,llevet,llevet/llevet.13.jpg,1,20,14,1,1
P3,Faces96,evaluation,several_enrollment_photographs,llevet,llevet/llevet.14.jpg,1,18,14,1,1
P3,Faces96,evaluation,several_enrollment_photographs,llevet,llevet/llevet.15.jpg,1,20,14,1,1
P3,Faces96,evaluation,several_enrollment_photographs,llevet,llevet/llevet.16.jpg,1,13,14,0,0
P3,Faces96,evaluation,several_enrollment_photographs,llevet,llevet/llevet.17.jpg,1,20,14,1,1
P3,Faces96,evaluation,several_enrollment_photographs,llevet,llevet/llevet.18.jpg,1,19,14,1,1
P3,Faces96,evaluation,several_enrollment_photographs,llevet,llevet/llevet.19.jpg,1,21,14,1,1
P3,Faces96,evaluation,several_enrollment_photographs,llevet,llevet/llevet.20.jpg,1,20,14,1,1
P3,Faces96,evaluation,several_enrollment_photographs,mclarkd,mclarkd/mclarkd.11.jpg,1,23,14,1,1
P3,Faces96,evaluation,several_enrollment_photographs,mclarkd,mclarkd/mclarkd.12.jpg,1,21,14,1,1
P3,Faces96,evaluation,several_enrollment_photographs,mclarkd,mclarkd/mclarkd.13.jpg,1,17,14,1,1
P3,Faces96,evaluation,several_enrollment_photographs,mclarkd,mclarkd/mclarkd.14.jpg,1,20,14,1,1
P3,Faces96,evaluation,several_enrollment_photographs,mclarkd,mclarkd/mclarkd.15.jpg,1,20,14,1,1
P3,Faces96,evaluation,several_enrollment_photographs,mclarkd,mclarkd/mclarkd.16.jpg,1,20,14,1,1
P3,Faces96,evaluation,several_enrollment_photographs,mclarkd,mclarkd/mclarkd.17.jpg,1,16,14,1,1
P3,Faces96,evaluation,several_enrollment_photographs,mclarkd,mclarkd/mclarkd.18.jpg,1,19,14,1,1
P3,Faces96,evaluation,several_enrollment_photographs,mclarkd,mclarkd/mclarkd.19.jpg,1,16,14,1,1
P3,Faces96,evaluation,several_enrollment_photographs,mclarkd,mclarkd/mclarkd.20.jpg,1,19,14,1,1
P3,Faces96,evaluation,several_enrollment_photographs,mkvwon,mkvwon/mkvwon.1.jpg,0,14,14,1,0
P3,Faces96,evaluation,several_enrollment_photographs,mkvwon,mkvwon/mkvwon.2.jpg,0,13,14,0,1
P3,Faces96,evaluation,several_enrollment_photographs,mkvwon,mkvwon/mkvwon.3.jpg,0,12,14,0,1
P3,Faces96,evaluation,several_enrollment_photographs,mkvwon,mkvwon/mkvwon.4.jpg,0,10,14,0,1
P3,Faces96,evaluation,several_enrollment_photographs,mkvwon,mkvwon/mkvwon.5.jpg,0,11,14,0,1
P3,Faces96,evaluation,several_enrollment_photographs,mkvwon,mkvwon/mkvwon.6.jpg,0,11,14,0,1
P3,Faces96,evaluation,several_enrollment_photographs,mkvwon,mkvwon/mkvwon.7.jpg,0,15,14,1,0
P3,Faces96,evaluation,several_enrollment_photographs,mkvwon,mkvwon/mkvwon.8.jpg,0,13,14,0,1
P3,Faces96,evaluation,several_enrollment_photographs,mkvwon,mkvwon/mkvwon.9.jpg,0,18,14,1,0
P3,Faces96,evaluation,several_enrollment_photographs,mkvwon,mkvwon/mkvwon.10.jpg,0,8,14,0,1
P3,Faces96,evaluation,several_enrollment_photographs,mkvwon,mkvwon/mkvwon.11.jpg,0,15,14,1,0
P3,Faces96,evaluation,several_enrollment_photographs,mkvwon,mkvwon/mkvwon.12.jpg,0,14,14,1,0
P3,Faces96,evaluation,several_enrollment_photographs,mkvwon,mkvwon/mkvwon.13.jpg,0,4,14,0,1
P3,Faces96,evaluation,several_enrollment_photographs,mkvwon,mkvwon/mkvwon.14.jpg,0,9,14,0,1
P3,Faces96,evaluation,several_enrollment_photographs,mkvwon,mkvwon/mkvwon.15.jpg,0,15,14,1,0
P3,Faces96,evaluation,several_enrollment_photographs,mkvwon,mkvwon/mkvwon.16.jpg,0,10,14,0,1
P3,Faces96,evaluation,several_enrollment_photographs,mkvwon,mkvwon/mkvwon.17.jpg,0,12,14,0,1
P3,Faces96,evaluation,several_enrollment_photographs,mkvwon,mkvwon/mkvwon.18.jpg,0,12,14,0,1
P3,Faces96,evaluation,several_enrollment_photographs,mkvwon,mkvwon/mkvwon.19.jpg,0,8,14,0,1
P3,Faces96,evaluation,several_enrollment_photographs,mkvwon,mkvwon/mkvwon.20.jpg,0,14,14,1,0
P3,Faces96,evaluation,several_enrollment_photographs,moshep,moshep/moshep.1.jpg,0,18,14,1,0
P3,Faces96,evaluation,several_enrollment_photographs,moshep,moshep/moshep.2.jpg,0,21,14,1,0
P3,Faces96,evaluation,several_enrollment_photographs,moshep,moshep/moshep.3.jpg,0,17,14,1,0
P3,Faces96,evaluation,several_enrollment_photographs,moshep,moshep/moshep.4.jpg,0,18,14,1,0
P3,Faces96,evaluation,several_enrollment_photographs,moshep,moshep/moshep.5.jpg,0,15,14,1,0
P3,Faces96,evaluation,several_enrollment_photographs,moshep,moshep/moshep.6.jpg,0,8,14,0,1
P3,Faces96,evaluation,several_enrollment_photographs,moshep,moshep/moshep.7.jpg,0,13,14,0,1
P3,Faces96,evaluation,several_enrollment_photographs,moshep,moshep/moshep.8.jpg,0,16,14,1,0
P3,Faces96,evaluation,several_enrollment_photographs,moshep,moshep/moshep.9.jpg,0,16,14,1,0
P3,Faces96,evaluation,several_enrollment_photographs,moshep,moshep/moshep.10.jpg,0,13,14,0,1
P3,Faces96,evaluation,several_enrollment_photographs,moshep,moshep/moshep.11.jpg,0,15,14,1,0
P3,Faces96,evaluation,several_enrollment_photographs,moshep,moshep/moshep.12.jpg,0,14,14,1,0
P3,Faces96,evaluation,several_enrollment_photographs,moshep,moshep/moshep.13.jpg,0,20,14,1,0
P3,Faces96,evaluation,several_enrollment_photographs,moshep,moshep/moshep.14.jpg,0,10,14,0,1
P3,Faces96,evaluation,several_enrollment_photographs,moshep,moshep/moshep.15.jpg,0,10,14,0,1
P3,Faces96,evaluation,several_enrollment_photographs,moshep,moshep/moshep.16.jpg,0,16,14,1,0
P3,Faces96,evaluation,several_enrollment_photographs,moshep,moshep/moshep.17.jpg,0,13,14,0,1
P3,Faces96,evaluation,several_enrollment_photographs,moshep,moshep/moshep.18.jpg,0,12,14,0,1
P3,Faces96,evaluation,several_enrollment_photographs,moshep,moshep/moshep.19.jpg,0,10,14,0,1
P3,Faces96,evaluation,several_enrollment_photographs,moshep,moshep/moshep.20.jpg,0,8,14,0,1
P3,Faces96,evaluation,several_enrollment_photographs,mpdavie,mpdavie/mpdavie.11.jpg,1,28,14,1,1
P3,Faces96,evaluation,several_enrollment_photographs,mpdavie,mpdavie/mpdavie.12.jpg,1,30,14,1,1
P3,Faces96,evaluation,several_enrollment_photographs,mpdavie,mpdavie/mpdavie.13.jpg,1,22,14,1,1
P3,Faces96,evaluation,several_enrollment_photographs,mpdavie,mpdavie/mpdavie.14.jpg,1,28,14,1,1
P3,Faces96,evaluation,several_enrollment_photographs,mpdavie,mpdavie/mpdavie.15.jpg,1,31,14,1,1
P3,Faces96,evaluation,several_enrollment_photographs,mpdavie,mpdavie/mpdavie.16.jpg,1,28,14,1,1
P3,Faces96,evaluation,several_enrollment_photographs,mpdavie,mpdavie/mpdavie.17.jpg,1,23,14,1,1
P3,Faces96,evaluation,several_enrollment_photographs,mpdavie,mpdavie/mpdavie.18.jpg,1,18,14,1,1
P3,Faces96,evaluation,several_enrollment_photographs,mpdavie,mpdavie/mpdavie.19.jpg,1,21,14,1,1
P3,Faces96,evaluation,several_enrollment_photographs,mpdavie,mpdavie/mpdavie.20.jpg,1,11,14,0,0
P3,Faces96,evaluation,several_enrollment_photographs,mwillc,mwillc/mwillc.11.jpg,1,31,14,1,1
P3,Faces96,evaluation,several_enrollment_photographs,mwillc,mwillc/mwillc.12.jpg,1,26,14,1,1
P3,Faces96,evaluation,several_enrollment_photographs,mwillc,mwillc/mwillc.13.jpg,1,28,14,1,1
P3,Faces96,evaluation,several_enrollment_photographs,mwillc,mwillc/mwillc.14.jpg,1,21,14,1,1
P3,Faces96,evaluation,several_enrollment_photographs,mwillc,mwillc/mwillc.15.jpg,1,24,14,1,1
P3,Faces96,evaluation,several_enrollment_photographs,mwillc,mwillc/mwillc.16.jpg,1,22,14,1,1
P3,Faces96,evaluation,several_enrollment_photographs,mwillc,mwillc/mwillc.17.jpg,1,26,14,1,1
P3,Faces96,evaluation,several_enrollment_photographs,mwillc,mwillc/mwillc.18.jpg,1,25,14,1,1
P3,Faces96,evaluation,several_enrollment_photographs,mwillc,mwillc/mwillc.19.jpg,1,25,14,1,1
P3,Faces96,evaluation,several_enrollment_photographs,mwillc,mwillc/mwillc.20.jpg,1,22,14,1,1
P3,Faces96,evaluation,several_enrollment_photographs,nandri,nandri/nandri.11.jpg,1,32,14,1,1
P3,Faces96,evaluation,several_enrollment_photographs,nandri,nandri/nandri.12.jpg,1,37,14,1,1
P3,Faces96,evaluation,several_enrollment_photographs,nandri,nandri/nandri.13.jpg,1,30,14,1,1
P3,Faces96,evaluation,several_enrollment_photographs,nandri,nandri/nandri.14.jpg,1,34,14,1,1
P3,Faces96,evaluation,several_enrollment_photographs,nandri,nandri/nandri.15.jpg,1,29,14,1,1
P3,Faces96,evaluation,several_enrollment_photographs,nandri,nandri/nandri.16.jpg,1,31,14,1,1
P3,Faces96,evaluation,several_enrollment_photographs,nandri,nandri/nandri.17.jpg,1,25,14,1,1
P3,Faces96,evaluation,several_enrollment_photographs,nandri,nandri/nandri.18.jpg,1,17,14,1,1
P3,Faces96,evaluation,several_enrollment_photographs,nandri,nandri/nandri.19.jpg,1,28,14,1,1
P3,Faces96,evaluation,several_enrollment_photographs,nandri,nandri/nandri.20.jpg,1,22,14,1,1
P3,Faces96,evaluation,several_enrollment_photographs,nhahme,nhahme/nhahme.14.jpg,1,24,14,1,1
P3,Faces96,evaluation,several_enrollment_photographs,nhahme,nhahme/nhahme.15.jpg,1,20,14,1,1
P3,Faces96,evaluation,several_enrollment_photographs,nhahme,nhahme/nhahme.16.jpg,1,26,14,1,1
P3,Faces96,evaluation,several_enrollment_photographs,nhahme,nhahme/nhahme.17.jpg,1,21,14,1,1
P3,Faces96,evaluation,several_enrollment_photographs,nhahme,nhahme/nhahme.18.jpg,1,21,14,1,1
P3,Faces96,evaluation,several_enrollment_photographs,nhahme,nhahme/nhahme.19.jpg,1,26,14,1,1
P3,Faces96,evaluation,several_enrollment_photographs,nhahme,nhahme/nhahme.20.jpg,1,31,14,1,1
P3,Faces96,evaluation,several_enrollment_photographs,nhotoo,nhotoo/nhotoo.1.jpg,0,15,14,1,0
P3,Faces96,evaluation,several_enrollment_photographs,nhotoo,nhotoo/nhotoo.2.jpg,0,15,14,1,0
P3,Faces96,evaluation,several_enrollment_photographs,nhotoo,nhotoo/nhotoo.3.jpg,0,19,14,1,0
P3,Faces96,evaluation,several_enrollment_photographs,nhotoo,nhotoo/nhotoo.4.jpg,0,11,14,0,1
P3,Faces96,evaluation,several_enrollment_photographs,nhotoo,nhotoo/nhotoo.5.jpg,0,16,14,1,0
P3,Faces96,evaluation,several_enrollment_photographs,nhotoo,nhotoo/nhotoo.6.jpg,0,13,14,0,1
P3,Faces96,evaluation,several_enrollment_photographs,nhotoo,nhotoo/nhotoo.7.jpg,0,17,14,1,0
P3,Faces96,evaluation,several_enrollment_photographs,nhotoo,nhotoo/nhotoo.8.jpg,0,9,14,0,1
P3,Faces96,evaluation,several_enrollment_photographs,nhotoo,nhotoo/nhotoo.9.jpg,0,12,14,0,1
P3,Faces96,evaluation,several_enrollment_photographs,nhotoo,nhotoo/nhotoo.10.jpg,0,14,14,1,0
P3,Faces96,evaluation,several_enrollment_photographs,nhotoo,nhotoo/nhotoo.11.jpg,0,14,14,1,0
P3,Faces96,evaluation,several_enrollment_photographs,nhotoo,nhotoo/nhotoo.12.jpg,0,10,14,0,1
P3,Faces96,evaluation,several_enrollment_photographs,nhotoo,nhotoo/nhotoo.13.jpg,0,12,14,0,1
P3,Faces96,evaluation,several_enrollment_photographs,nhotoo,nhotoo/nhotoo.14.jpg,0,16,14,1,0
P3,Faces96,evaluation,several_enrollment_photographs,nhotoo,nhotoo/nhotoo.15.jpg,0,16,14,1,0
P3,Faces96,evaluation,several_enrollment_photographs,nhotoo,nhotoo/nhotoo.16.jpg,0,8,14,0,1
P3,Faces96,evaluation,several_enrollment_photographs,nhotoo,nhotoo/nhotoo.17.jpg,0,13,14,0,1
P3,Faces96,evaluation,several_enrollment_photographs,nhotoo,nhotoo/nhotoo.18.jpg,0,11,14,0,1
P3,Faces96,evaluation,several_enrollment_photographs,nhotoo,nhotoo/nhotoo.19.jpg,0,10,14,0,1
P3,Faces96,evaluation,several_enrollment_photographs,nhotoo,nhotoo/nhotoo.20.jpg,0,12,14,0,1
P3,Faces96,evaluation,several_enrollment_photographs,nmakri,nmakri/nmakri.11.jpg,1,30,14,1,1
P3,Faces96,evaluation,several_enrollment_photographs,nmakri,nmakri/nmakri.12.jpg,1,37,14,1,1
P3,Faces96,evaluation,several_enrollment_photographs,nmakri,nmakri/nmakri.13.jpg,1,24,14,1,1
P3,Faces96,evaluation,several_enrollment_photographs,nmakri,nmakri/nmakri.14.jpg,1,25,14,1,1
P3,Faces96,evaluation,several_enrollment_photographs,nmakri,nmakri/nmakri.15.jpg,1,31,14,1,1
P3,Faces96,evaluation,several_enrollment_photographs,nmakri,nmakri/nmakri.16.jpg,1,32,14,1,1
P3,Faces96,evaluation,several_enrollment_photographs,nmakri,nmakri/nmakri.17.jpg,1,31,14,1,1
P3,Faces96,evaluation,several_enrollment_photographs,nmakri,nmakri/nmakri.18.jpg,1,30,14,1,1
P3,Faces96,evaluation,several_enrollment_photographs,nmakri,nmakri/nmakri.19.jpg,1,30,14,1,1
P3,Faces96,evaluation,several_enrollment_photographs,nmakri,nmakri/nmakri.20.jpg,1,29,14,1,1
P3,Faces96,evaluation,several_enrollment_photographs,oegill,oegill/oegill.11.jpg,1,23,14,1,1
P3,Faces96,evaluation,several_enrollment_photographs,oegill,oegill/oegill.12.jpg,1,21,14,1,1
P3,Faces96,evaluation,several_enrollment_photographs,oegill,oegill/oegill.13.jpg,1,21,14,1,1
P3,Faces96,evaluation,several_enrollment_photographs,oegill,oegill/oegill.14.jpg,1,20,14,1,1
P3,Faces96,evaluation,several_enrollment_photographs,oegill,oegill/oegill.15.jpg,1,27,14,1,1
P3,Faces96,evaluation,several_enrollment_photographs,oegill,oegill/oegill.16.jpg,1,22,14,1,1
P3,Faces96,evaluation,several_enrollment_photographs,oegill,oegill/oegill.17.jpg,1,25,14,1,1
P3,Faces96,evaluation,several_enrollment_photographs,oegill,oegill/oegill.18.jpg,1,24,14,1,1
P3,Faces96,evaluation,several_enrollment_photographs,oegill,oegill/oegill.19.jpg,1,19,14,1,1
P3,Faces96,evaluation,several_enrollment_photographs,oegill,oegill/oegill.20.jpg,1,24,14,1,1
P3,Faces96,evaluation,several_enrollment_photographs,pgolds,pgolds/pgolds.11.jpg,1,23,14,1,1
P3,Faces96,evaluation,several_enrollment_photographs,pgolds,pgolds/pgolds.12.jpg,1,31,14,1,1
P3,Faces96,evaluation,several_enrollment_photographs,pgolds,pgolds/pgolds.13.jpg,1,33,14,1,1
P3,Faces96,evaluation,several_enrollment_photographs,pgolds,pgolds/pgolds.14.jpg,1,34,14,1,1
P3,Faces96,evaluation,several_enrollment_photographs,pgolds,pgolds/pgolds.15.jpg,1,28,14,1,1
P3,Faces96,evaluation,several_enrollment_photographs,pgolds,pgolds/pgolds.16.jpg,1,29,14,1,1
P3,Faces96,evaluation,several_enrollment_photographs,pgolds,pgolds/pgolds.17.jpg,1,23,14,1,1
P3,Faces96,evaluation,several_enrollment_photographs,pgolds,pgolds/pgolds.18.jpg,1,24,14,1,1
P3,Faces96,evaluation,several_enrollment_photographs,pgolds,pgolds/pgolds.19.jpg,1,21,14,1,1
P3,Faces96,evaluation,several_enrollment_photographs,pgolds,pgolds/pgolds.20.jpg,1,26,14,1,1
P3,Faces96,evaluation,several_enrollment_photographs,pguan,pguan/pguan.11.jpg,1,13,14,0,0
P3,Faces96,evaluation,several_enrollment_photographs,pguan,pguan/pguan.12.jpg,1,26,14,1,1
P3,Faces96,evaluation,several_enrollment_photographs,pguan,pguan/pguan.13.jpg,1,17,14,1,1
P3,Faces96,evaluation,several_enrollment_photographs,pguan,pguan/pguan.14.jpg,1,23,14,1,1
P3,Faces96,evaluation,several_enrollment_photographs,pguan,pguan/pguan.15.jpg,1,12,14,0,0
P3,Faces96,evaluation,several_enrollment_photographs,pguan,pguan/pguan.16.jpg,1,9,14,0,0
P3,Faces96,evaluation,several_enrollment_photographs,pguan,pguan/pguan.17.jpg,1,10,14,0,0
P3,Faces96,evaluation,several_enrollment_photographs,pguan,pguan/pguan.18.jpg,1,15,14,1,1
P3,Faces96,evaluation,several_enrollment_photographs,pguan,pguan/pguan.19.jpg,1,13,14,0,0
P3,Faces96,evaluation,several_enrollment_photographs,pguan,pguan/pguan.20.jpg,1,17,14,1,1
P3,Faces96,evaluation,several_enrollment_photographs,pmbtin,pmbtin/pmbtin.11.jpg,1,32,14,1,1
P3,Faces96,evaluation,several_enrollment_photographs,pmbtin,pmbtin/pmbtin.12.jpg,1,30,14,1,1
P3,Faces96,evaluation,several_enrollment_photographs,pmbtin,pmbtin/pmbtin.13.jpg,1,25,14,1,1
P3,Faces96,evaluation,several_enrollment_photographs,pmbtin,pmbtin/pmbtin.14.jpg,1,29,14,1,1
P3,Faces96,evaluation,several_enrollment_photographs,pmbtin,pmbtin/pmbtin.15.jpg,1,25,14,1,1
P3,Faces96,evaluation,several_enrollment_photographs,pmbtin,pmbtin/pmbtin.16.jpg,1,22,14,1,1
P3,Faces96,evaluation,several_enrollment_photographs,pmbtin,pmbtin/pmbtin.17.jpg,1,25,14,1,1
P3,Faces96,evaluation,several_enrollment_photographs,pmbtin,pmbtin/pmbtin.18.jpg,1,28,14,1,1
P3,Faces96,evaluation,several_enrollment_photographs,pmbtin,pmbtin/pmbtin.19.jpg,1,24,14,1,1
P3,Faces96,evaluation,several_enrollment_photographs,pmbtin,pmbtin/pmbtin.20.jpg,1,32,14,1,1
P3,Faces96,evaluation,several_enrollment_photographs,pmspry,pmspry/pmspry.11.jpg,1,28,14,1,1
P3,Faces96,evaluation,several_enrollment_photographs,pmspry,pmspry/pmspry.12.jpg,1,26,14,1,1
P3,Faces96,evaluation,several_enrollment_photographs,pmspry,pmspry/pmspry.13.jpg,1,26,14,1,1
P3,Faces96,evaluation,several_enrollment_photographs,pmspry,pmspry/pmspry.14.jpg,1,27,14,1,1
P3,Faces96,evaluation,several_enrollment_photographs,pmspry,pmspry/pmspry.15.jpg,1,19,14,1,1
P3,Faces96,evaluation,several_enrollment_photographs,pmspry,pmspry/pmspry.16.jpg,1,22,14,1,1
P3,Faces96,evaluation,several_enrollment_photographs,pmspry,pmspry/pmspry.17.jpg,1,21,14,1,1
P3,Faces96,evaluation,several_enrollment_photographs,pmspry,pmspry/pmspry.18.jpg,1,19,14,1,1
P3,Faces96,evaluation,several_enrollment_photographs,pmspry,pmspry/pmspry.19.jpg,1,21,14,1,1
P3,Faces96,evaluation,several_enrollment_photographs,pmspry,pmspry/pmspry.20.jpg,1,23,14,1,1
P3,Faces96,evaluation,several_enrollment_photographs,pwest,pwest/pwest.11.jpg,1,22,14,1,1
P3,Faces96,evaluation,several_enrollment_photographs,pwest,pwest/pwest.12.jpg,1,26,14,1,1
P3,Faces96,evaluation,several_enrollment_photographs,pwest,pwest/pwest.13.jpg,1,18,14,1,1
P3,Faces96,evaluation,several_enrollment_photographs,pwest,pwest/pwest.14.jpg,1,11,14,0,0
P3,Faces96,evaluation,several_enrollment_photographs,pwest,pwest/pwest.15.jpg,1,19,14,1,1
P3,Faces96,evaluation,several_enrollment_photographs,pwest,pwest/pwest.16.jpg,1,20,14,1,1
P3,Faces96,evaluation,several_enrollment_photographs,pwest,pwest/pwest.17.jpg,1,17,14,1,1
P3,Faces96,evaluation,several_enrollment_photographs,pwest,pwest/pwest.18.jpg,1,21,14,1,1
P3,Faces96,evaluation,several_enrollment_photographs,pwest,pwest/pwest.19.jpg,1,18,14,1,1
P3,Faces96,evaluation,several_enrollment_photographs,pwest,pwest/pwest.20.jpg,1,16,14,1,1
P3,Faces96,evaluation,several_enrollment_photographs,rjobyr,rjobyr/rjobyr.11.jpg,1,26,14,1,1
P3,Faces96,evaluation,several_enrollment_photographs,rjobyr,rjobyr/rjobyr.12.jpg,1,24,14,1,1
P3,Faces96,evaluation,several_enrollment_photographs,rjobyr,rjobyr/rjobyr.13.jpg,1,23,14,1,1
P3,Faces96,evaluation,several_enrollment_photographs,rjobyr,rjobyr/rjobyr.14.jpg,1,26,14,1,1
P3,Faces96,evaluation,several_enrollment_photographs,rjobyr,rjobyr/rjobyr.15.jpg,1,30,14,1,1
P3,Faces96,evaluation,several_enrollment_photographs,rjobyr,rjobyr/rjobyr.16.jpg,1,21,14,1,1
P3,Faces96,evaluation,several_enrollment_photographs,rjobyr,rjobyr/rjobyr.17.jpg,1,22,14,1,1
P3,Faces96,evaluation,several_enrollment_photographs,rjobyr,rjobyr/rjobyr.18.jpg,1,16,14,1,1
P3,Faces96,evaluation,several_enrollment_photographs,rjobyr,rjobyr/rjobyr.19.jpg,1,21,14,1,1
P3,Faces96,evaluation,several_enrollment_photographs,rjobyr,rjobyr/rjobyr.20.jpg,1,25,14,1,1
P3,Faces96,evaluation,several_enrollment_photographs,rscoop,rscoop/rscoop.1.jpg,0,19,14,1,0
P3,Faces96,evaluation,several_enrollment_photographs,rscoop,rscoop/rscoop.2.jpg,0,18,14,1,0
P3,Faces96,evaluation,several_enrollment_photographs,rscoop,rscoop/rscoop.3.jpg,0,20,14,1,0
P3,Faces96,evaluation,several_enrollment_photographs,rscoop,rscoop/rscoop.4.jpg,0,20,14,1,0
P3,Faces96,evaluation,several_enrollment_photographs,rscoop,rscoop/rscoop.5.jpg,0,14,14,1,0
P3,Faces96,evaluation,several_enrollment_photographs,rscoop,rscoop/rscoop.6.jpg,0,13,14,0,1
P3,Faces96,evaluation,several_enrollment_photographs,rscoop,rscoop/rscoop.7.jpg,0,14,14,1,0
P3,Faces96,evaluation,several_enrollment_photographs,rscoop,rscoop/rscoop.8.jpg,0,14,14,1,0
P3,Faces96,evaluation,several_enrollment_photographs,rscoop,rscoop/rscoop.9.jpg,0,12,14,0,1
P3,Faces96,evaluation,several_enrollment_photographs,rscoop,rscoop/rscoop.10.jpg,0,10,14,0,1
P3,Faces96,evaluation,several_enrollment_photographs,rscoop,rscoop/rscoop.11.jpg,0,16,14,1,0
P3,Faces96,evaluation,several_enrollment_photographs,rscoop,rscoop/rscoop.12.jpg,0,17,14,1,0
P3,Faces96,evaluation,several_enrollment_photographs,rscoop,rscoop/rscoop.13.jpg,0,17,14,1,0
P3,Faces96,evaluation,several_enrollment_photographs,rscoop,rscoop/rscoop.14.jpg,0,14,14,1,0
P3,Faces96,evaluation,several_enrollment_photographs,rscoop,rscoop/rscoop.15.jpg,0,18,14,1,0
P3,Faces96,evaluation,several_enrollment_photographs,rscoop,rscoop/rscoop.16.jpg,0,18,14,1,0
P3,Faces96,evaluation,several_enrollment_photographs,rscoop,rscoop/rscoop.17.jpg,0,14,14,1,0
P3,Faces96,evaluation,several_enrollment_photographs,rscoop,rscoop/rscoop.18.jpg,0,19,14,1,0
P3,Faces96,evaluation,several_enrollment_photographs,rscoop,rscoop/rscoop.19.jpg,0,17,14,1,0
P3,Faces96,evaluation,several_enrollment_photographs,rscoop,rscoop/rscoop.20.jpg,0,13,14,0,1
P3,Faces96,evaluation,several_enrollment_photographs,rwsick,rwsick/rwsick.11.jpg,1,25,14,1,1
P3,Faces96,evaluation,several_enrollment_photographs,rwsick,rwsick/rwsick.12.jpg,1,23,14,1,1
P3,Faces96,evaluation,several_enrollment_photographs,rwsick,rwsick/rwsick.13.jpg,1,20,14,1,1
P3,Faces96,evaluation,several_enrollment_photographs,rwsick,rwsick/rwsick.14.jpg,1,19,14,1,1
P3,Faces96,evaluation,several_enrollment_photographs,rwsick,rwsick/rwsick.15.jpg,1,25,14,1,1
P3,Faces96,evaluation,several_enrollment_photographs,rwsick,rwsick/rwsick.16.jpg,1,29,14,1,1
P3,Faces96,evaluation,several_enrollment_photographs,rwsick,rwsick/rwsick.17.jpg,1,24,14,1,1
P3,Faces96,evaluation,several_enrollment_photographs,rwsick,rwsick/rwsick.18.jpg,1,27,14,1,1
P3,Faces96,evaluation,several_enrollment_photographs,rwsick,rwsick/rwsick.19.jpg,1,26,14,1,1
P3,Faces96,evaluation,several_enrollment_photographs,rwsick,rwsick/rwsick.20.jpg,1,25,14,1,1
P3,Faces96,evaluation,several_enrollment_photographs,shamilc,shamilc/shamilc.11.jpg,1,27,14,1,1
P3,Faces96,evaluation,several_enrollment_photographs,shamilc,shamilc/shamilc.12.jpg,1,27,14,1,1
P3,Faces96,evaluation,several_enrollment_photographs,shamilc,shamilc/shamilc.13.jpg,1,20,14,1,1
P3,Faces96,evaluation,several_enrollment_photographs,shamilc,shamilc/shamilc.14.jpg,1,21,14,1,1
P3,Faces96,evaluation,several_enrollment_photographs,shamilc,shamilc/shamilc.15.jpg,1,24,14,1,1
P3,Faces96,evaluation,several_enrollment_photographs,shamilc,shamilc/shamilc.16.jpg,1,23,14,1,1
P3,Faces96,evaluation,several_enrollment_photographs,shamilc,shamilc/shamilc.17.jpg,1,23,14,1,1
P3,Faces96,evaluation,several_enrollment_photographs,shamilc,shamilc/shamilc.18.jpg,1,22,14,1,1
P3,Faces96,evaluation,several_enrollment_photographs,shamilc,shamilc/shamilc.19.jpg,1,26,14,1,1
P3,Faces96,evaluation,several_enrollment_photographs,shamilc,shamilc/shamilc.20.jpg,1,22,14,1,1
P3,Faces96,evaluation,several_enrollment_photographs,snhopp,snhopp/snhopp.7.jpg,0,11,14,0,1
P3,Faces96,evaluation,several_enrollment_photographs,snhopp,snhopp/snhopp.9.jpg,0,17,14,1,0
P3,Faces96,evaluation,several_enrollment_photographs,snhopp,snhopp/snhopp.12.jpg,0,16,14,1,0
P3,Faces96,evaluation,several_enrollment_photographs,snhopp,snhopp/snhopp.13.jpg,0,15,14,1,0
P3,Faces96,evaluation,several_enrollment_photographs,snhopp,snhopp/snhopp.14.jpg,0,9,14,0,1
P3,Faces96,evaluation,several_enrollment_photographs,snhopp,snhopp/snhopp.15.jpg,0,14,14,1,0
P3,Faces96,evaluation,several_enrollment_photographs,todris,todris/todris.11.jpg,1,36,14,1,1
P3,Faces96,evaluation,several_enrollment_photographs,todris,todris/todris.12.jpg,1,32,14,1,1
P3,Faces96,evaluation,several_enrollment_photographs,todris,todris/todris.13.jpg,1,36,14,1,1
P3,Faces96,evaluation,several_enrollment_photographs,todris,todris/todris.14.jpg,1,28,14,1,1
P3,Faces96,evaluation,several_enrollment_photographs,todris,todris/todris.15.jpg,1,26,14,1,1
P3,Faces96,evaluation,several_enrollment_photographs,todris,todris/todris.16.jpg,1,27,14,1,1
P3,Faces96,evaluation,several_enrollment_photographs,todris,todris/todris.17.jpg,1,20,14,1,1
P3,Faces96,evaluation,several_enrollment_photographs,todris,todris/todris.18.jpg,1,26,14,1,1
P3,Faces96,evaluation,several_enrollment_photographs,todris,todris/todris.19.jpg,1,25,14,1,1
P3,Faces96,evaluation,several_enrollment_photographs,todris,todris/todris.20.jpg,1,28,14,1,1
P3,Faces96,evaluation,several_enrollment_photographs,wardcy,wardcy/wardcy.11.jpg,1,21,14,1,1
P3,Faces96,evaluation,several_enrollment_photographs,wardcy,wardcy/wardcy.12.jpg,1,28,14,1,1
P3,Faces96,evaluation,several_enrollment_photographs,wardcy,wardcy/wardcy.13.jpg,1,30,14,1,1
P3,Faces96,evaluation,several_enrollment_photographs,wardcy,wardcy/wardcy.14.jpg,1,31,14,1,1
P3,Faces96,evaluation,several_enrollment_photographs,wardcy,wardcy/wardcy.15.jpg,1,34,14,1,1
P3,Faces96,evaluation,several_enrollment_photographs,wardcy,wardcy/wardcy.16.jpg,1,29,14,1,1
P3,Faces96,evaluation,several_enrollment_photographs,wardcy,wardcy/wardcy.17.jpg,1,20,14,1,1
P3,Faces96,evaluation,several_enrollment_photographs,wardcy,wardcy/wardcy.18.jpg,1,26,14,1,1
P3,Faces96,evaluation,several_enrollment_photographs,wardcy,wardcy/wardcy.19.jpg,1,34,14,1,1
P3,Faces96,evaluation,several_enrollment_photographs,wardcy,wardcy/wardcy.20.jpg,1,13,14,0,0
P1,FEI,evaluation,one_enrollment_photograph,10,fei_10/10b.jpg,1,57,55,1,1
P1,FEI,evaluation,one_enrollment_photograph,100,fei_100/100b.jpg,1,67,55,1,1
P1,FEI,evaluation,one_enrollment_photograph,101,fei_101/101b.jpg,0,71,55,1,0
P1,FEI,evaluation,one_enrollment_photograph,104,fei_104/104b.jpg,1,71,55,1,1
P1,FEI,evaluation,one_enrollment_photograph,109,fei_109/109b.jpg,1,79,55,1,1
P1,FEI,evaluation,one_enrollment_photograph,110,fei_110/110b.jpg,1,54,55,0,0
P1,FEI,evaluation,one_enrollment_photograph,111,fei_111/111b.jpg,1,112,55,1,1
P1,FEI,evaluation,one_enrollment_photograph,112,fei_112/112b.jpg,1,67,55,1,1
P1,FEI,evaluation,one_enrollment_photograph,113,fei_113/113b.jpg,1,67,55,1,1
P1,FEI,evaluation,one_enrollment_photograph,117,fei_117/117b.jpg,0,73,55,1,0
P1,FEI,evaluation,one_enrollment_photograph,12,fei_12/12b.jpg,1,52,55,0,0
P1,FEI,evaluation,one_enrollment_photograph,120,fei_120/120b.jpg,0,65,55,1,0
P1,FEI,evaluation,one_enrollment_photograph,121,fei_121/121b.jpg,1,52,55,0,0
P1,FEI,evaluation,one_enrollment_photograph,122,fei_122/122b.jpg,1,48,55,0,0
P1,FEI,evaluation,one_enrollment_photograph,124,fei_124/124b.jpg,0,45,55,0,1
P1,FEI,evaluation,one_enrollment_photograph,125,fei_125/125b.jpg,1,64,55,1,1
P1,FEI,evaluation,one_enrollment_photograph,126,fei_126/126b.jpg,1,41,55,0,0
P1,FEI,evaluation,one_enrollment_photograph,13,fei_13/13b.jpg,1,67,55,1,1
P1,FEI,evaluation,one_enrollment_photograph,130,fei_130/130b.jpg,0,54,55,0,1
P1,FEI,evaluation,one_enrollment_photograph,133,fei_133/133b.jpg,1,64,55,1,1
P1,FEI,evaluation,one_enrollment_photograph,134,fei_134/134b.jpg,1,71,55,1,1
P1,FEI,evaluation,one_enrollment_photograph,135,fei_135/135b.jpg,1,74,55,1,1
P1,FEI,evaluation,one_enrollment_photograph,139,fei_139/139b.jpg,1,77,55,1,1
P1,FEI,evaluation,one_enrollment_photograph,141,fei_141/141b.jpg,1,49,55,0,0
P1,FEI,evaluation,one_enrollment_photograph,145,fei_145/145b.jpg,1,84,55,1,1
P1,FEI,evaluation,one_enrollment_photograph,146,fei_146/146b.jpg,1,64,55,1,1
P1,FEI,evaluation,one_enrollment_photograph,147,fei_147/147b.jpg,0,74,55,1,0
P1,FEI,evaluation,one_enrollment_photograph,149,fei_149/149b.jpg,0,75,55,1,0
P1,FEI,evaluation,one_enrollment_photograph,15,fei_15/15b.jpg,1,57,55,1,1
P1,FEI,evaluation,one_enrollment_photograph,150,fei_150/150b.jpg,1,59,55,1,1
P1,FEI,evaluation,one_enrollment_photograph,151,fei_151/151b.jpg,0,50,55,0,1
P1,FEI,evaluation,one_enrollment_photograph,154,fei_154/154b.jpg,1,56,55,1,1
P1,FEI,evaluation,one_enrollment_photograph,156,fei_156/156b.jpg,0,51,55,0,1
P1,FEI,evaluation,one_enrollment_photograph,157,fei_157/157b.jpg,1,54,55,0,0
P1,FEI,evaluation,one_enrollment_photograph,158,fei_158/158b.jpg,1,51,55,0,0
P1,FEI,evaluation,one_enrollment_photograph,16,fei_16/16b.jpg,1,58,55,1,1
P1,FEI,evaluation,one_enrollment_photograph,161,fei_161/161b.jpg,1,80,55,1,1
P1,FEI,evaluation,one_enrollment_photograph,167,fei_167/167b.jpg,0,79,55,1,0
P1,FEI,evaluation,one_enrollment_photograph,173,fei_173/173b.jpg,1,64,55,1,1
P1,FEI,evaluation,one_enrollment_photograph,174,fei_174/174b.jpg,1,53,55,0,0
P1,FEI,evaluation,one_enrollment_photograph,176,fei_176/176b.jpg,1,41,55,0,0
P1,FEI,evaluation,one_enrollment_photograph,177,fei_177/177b.jpg,1,76,55,1,1
P1,FEI,evaluation,one_enrollment_photograph,178,fei_178/178b.jpg,1,85,55,1,1
P1,FEI,evaluation,one_enrollment_photograph,179,fei_179/179b.jpg,0,69,55,1,0
P1,FEI,evaluation,one_enrollment_photograph,181,fei_181/181b.jpg,1,46,55,0,0
P1,FEI,evaluation,one_enrollment_photograph,190,fei_190/190b.jpg,0,62,55,1,0
P1,FEI,evaluation,one_enrollment_photograph,191,fei_191/191b.jpg,1,71,55,1,1
P1,FEI,evaluation,one_enrollment_photograph,192,fei_192/192b.jpg,1,78,55,1,1
P1,FEI,evaluation,one_enrollment_photograph,193,fei_193/193b.jpg,1,60,55,1,1
P1,FEI,evaluation,one_enrollment_photograph,196,fei_196/196b.jpg,1,51,55,0,0
P1,FEI,evaluation,one_enrollment_photograph,197,fei_197/197b.jpg,1,75,55,1,1
P1,FEI,evaluation,one_enrollment_photograph,199,fei_199/199b.jpg,1,56,55,1,1
P1,FEI,evaluation,one_enrollment_photograph,20,fei_20/20b.jpg,1,74,55,1,1
P1,FEI,evaluation,one_enrollment_photograph,22,fei_22/22b.jpg,1,63,55,1,1
P1,FEI,evaluation,one_enrollment_photograph,23,fei_23/23b.jpg,1,69,55,1,1
P1,FEI,evaluation,one_enrollment_photograph,28,fei_28/28b.jpg,1,91,55,1,1
P1,FEI,evaluation,one_enrollment_photograph,3,fei_3/3b.jpg,0,56,55,1,0
P1,FEI,evaluation,one_enrollment_photograph,32,fei_32/32b.jpg,1,61,55,1,1
P1,FEI,evaluation,one_enrollment_photograph,41,fei_41/41b.jpg,1,49,55,0,0
P1,FEI,evaluation,one_enrollment_photograph,46,fei_46/46b.jpg,1,68,55,1,1
P1,FEI,evaluation,one_enrollment_photograph,48,fei_48/48b.jpg,1,64,55,1,1
P1,FEI,evaluation,one_enrollment_photograph,51,fei_51/51b.jpg,1,78,55,1,1
P1,FEI,evaluation,one_enrollment_photograph,53,fei_53/53b.jpg,1,52,55,0,0
P1,FEI,evaluation,one_enrollment_photograph,54,fei_54/54b.jpg,0,57,55,1,0
P1,FEI,evaluation,one_enrollment_photograph,56,fei_56/56b.jpg,1,86,55,1,1
P1,FEI,evaluation,one_enrollment_photograph,59,fei_59/59b.jpg,0,47,55,0,1
P1,FEI,evaluation,one_enrollment_photograph,60,fei_60/60b.jpg,1,93,55,1,1
P1,FEI,evaluation,one_enrollment_photograph,61,fei_61/61b.jpg,0,42,55,0,1
P1,FEI,evaluation,one_enrollment_photograph,66,fei_66/66b.jpg,1,58,55,1,1
P1,FEI,evaluation,one_enrollment_photograph,68,fei_68/68b.jpg,1,76,55,1,1
P1,FEI,evaluation,one_enrollment_photograph,70,fei_70/70b.jpg,1,65,55,1,1
P1,FEI,evaluation,one_enrollment_photograph,71,fei_71/71b.jpg,1,71,55,1,1
P1,FEI,evaluation,one_enrollment_photograph,72,fei_72/72b.jpg,0,67,55,1,0
P1,FEI,evaluation,one_enrollment_photograph,74,fei_74/74b.jpg,1,62,55,1,1
P1,FEI,evaluation,one_enrollment_photograph,75,fei_75/75b.jpg,1,64,55,1,1
P1,FEI,evaluation,one_enrollment_photograph,77,fei_77/77b.jpg,0,68,55,1,0
P1,FEI,evaluation,one_enrollment_photograph,78,fei_78/78b.jpg,1,80,55,1,1
P1,FEI,evaluation,one_enrollment_photograph,80,fei_80/80b.jpg,1,59,55,1,1
P1,FEI,evaluation,one_enrollment_photograph,83,fei_83/83b.jpg,1,55,55,1,1
P1,FEI,evaluation,one_enrollment_photograph,85,fei_85/85b.jpg,1,56,55,1,1
P1,FEI,evaluation,one_enrollment_photograph,86,fei_86/86b.jpg,1,67,55,1,1
P1,FEI,evaluation,one_enrollment_photograph,87,fei_87/87b.jpg,1,64,55,1,1
P1,FEI,evaluation,one_enrollment_photograph,89,fei_89/89b.jpg,1,61,55,1,1
P1,FEI,evaluation,one_enrollment_photograph,9,fei_9/9b.jpg,1,72,55,1,1
P1,FEI,evaluation,one_enrollment_photograph,92,fei_92/92b.jpg,0,61,55,1,0
P1,FEI,evaluation,one_enrollment_photograph,93,fei_93/93b.jpg,1,64,55,1,1
P1,FEI,evaluation,one_enrollment_photograph,94,fei_94/94b.jpg,0,59,55,1,0
P1,FEI,evaluation,one_enrollment_photograph,97,fei_97/97b.jpg,0,64,55,1,0
P1,FEI,evaluation,one_enrollment_photograph,98,fei_98/98b.jpg,1,82,55,1,1
P1,FEI,evaluation,one_enrollment_photograph,99,fei_99/99b.jpg,0,69,55,1,0
P2,FEI,evaluation,one_enrollment_photograph,10,fei_10/10b.jpg,1,5,6,0,0
P2,FEI,evaluation,one_enrollment_photograph,100,fei_100/100b.jpg,1,6,6,1,1
P2,FEI,evaluation,one_enrollment_photograph,101,fei_101/101b.jpg,0,6,6,1,0
P2,FEI,evaluation,one_enrollment_photograph,104,fei_104/104b.jpg,1,9,6,1,1
P2,FEI,evaluation,one_enrollment_photograph,109,fei_109/109b.jpg,1,10,6,1,1
P2,FEI,evaluation,one_enrollment_photograph,110,fei_110/110b.jpg,1,10,6,1,1
P2,FEI,evaluation,one_enrollment_photograph,111,fei_111/111b.jpg,1,16,6,1,1
P2,FEI,evaluation,one_enrollment_photograph,112,fei_112/112b.jpg,1,9,6,1,1
P2,FEI,evaluation,one_enrollment_photograph,113,fei_113/113b.jpg,1,7,6,1,1
P2,FEI,evaluation,one_enrollment_photograph,117,fei_117/117b.jpg,0,7,6,1,0
P2,FEI,evaluation,one_enrollment_photograph,12,fei_12/12b.jpg,1,4,6,0,0
P2,FEI,evaluation,one_enrollment_photograph,120,fei_120/120b.jpg,0,3,6,0,1
P2,FEI,evaluation,one_enrollment_photograph,121,fei_121/121b.jpg,1,3,6,0,0
P2,FEI,evaluation,one_enrollment_photograph,122,fei_122/122b.jpg,1,6,6,1,1
P2,FEI,evaluation,one_enrollment_photograph,124,fei_124/124b.jpg,0,11,6,1,0
P2,FEI,evaluation,one_enrollment_photograph,125,fei_125/125b.jpg,1,4,6,0,0
P2,FEI,evaluation,one_enrollment_photograph,126,fei_126/126b.jpg,1,6,6,1,1
P2,FEI,evaluation,one_enrollment_photograph,13,fei_13/13b.jpg,1,12,6,1,1
P2,FEI,evaluation,one_enrollment_photograph,130,fei_130/130b.jpg,0,2,6,0,1
P2,FEI,evaluation,one_enrollment_photograph,133,fei_133/133b.jpg,1,2,6,0,0
P2,FEI,evaluation,one_enrollment_photograph,134,fei_134/134b.jpg,1,8,6,1,1
P2,FEI,evaluation,one_enrollment_photograph,135,fei_135/135b.jpg,1,7,6,1,1
P2,FEI,evaluation,one_enrollment_photograph,139,fei_139/139b.jpg,1,12,6,1,1
P2,FEI,evaluation,one_enrollment_photograph,141,fei_141/141b.jpg,1,5,6,0,0
P2,FEI,evaluation,one_enrollment_photograph,145,fei_145/145b.jpg,1,16,6,1,1
P2,FEI,evaluation,one_enrollment_photograph,146,fei_146/146b.jpg,1,15,6,1,1
P2,FEI,evaluation,one_enrollment_photograph,147,fei_147/147b.jpg,0,5,6,0,1
P2,FEI,evaluation,one_enrollment_photograph,149,fei_149/149b.jpg,0,3,6,0,1
P2,FEI,evaluation,one_enrollment_photograph,15,fei_15/15b.jpg,1,6,6,1,1
P2,FEI,evaluation,one_enrollment_photograph,150,fei_150/150b.jpg,1,9,6,1,1
P2,FEI,evaluation,one_enrollment_photograph,151,fei_151/151b.jpg,0,5,6,0,1
P2,FEI,evaluation,one_enrollment_photograph,154,fei_154/154b.jpg,1,15,6,1,1
P2,FEI,evaluation,one_enrollment_photograph,156,fei_156/156b.jpg,0,6,6,1,0
P2,FEI,evaluation,one_enrollment_photograph,157,fei_157/157b.jpg,1,4,6,0,0
P2,FEI,evaluation,one_enrollment_photograph,158,fei_158/158b.jpg,1,7,6,1,1
P2,FEI,evaluation,one_enrollment_photograph,16,fei_16/16b.jpg,1,12,6,1,1
P2,FEI,evaluation,one_enrollment_photograph,161,fei_161/161b.jpg,1,17,6,1,1
P2,FEI,evaluation,one_enrollment_photograph,167,fei_167/167b.jpg,0,7,6,1,0
P2,FEI,evaluation,one_enrollment_photograph,173,fei_173/173b.jpg,1,13,6,1,1
P2,FEI,evaluation,one_enrollment_photograph,174,fei_174/174b.jpg,1,6,6,1,1
P2,FEI,evaluation,one_enrollment_photograph,176,fei_176/176b.jpg,1,8,6,1,1
P2,FEI,evaluation,one_enrollment_photograph,177,fei_177/177b.jpg,1,14,6,1,1
P2,FEI,evaluation,one_enrollment_photograph,178,fei_178/178b.jpg,1,15,6,1,1
P2,FEI,evaluation,one_enrollment_photograph,179,fei_179/179b.jpg,0,7,6,1,0
P2,FEI,evaluation,one_enrollment_photograph,181,fei_181/181b.jpg,1,14,6,1,1
P2,FEI,evaluation,one_enrollment_photograph,190,fei_190/190b.jpg,0,2,6,0,1
P2,FEI,evaluation,one_enrollment_photograph,191,fei_191/191b.jpg,1,10,6,1,1
P2,FEI,evaluation,one_enrollment_photograph,192,fei_192/192b.jpg,1,13,6,1,1
P2,FEI,evaluation,one_enrollment_photograph,193,fei_193/193b.jpg,1,6,6,1,1
P2,FEI,evaluation,one_enrollment_photograph,196,fei_196/196b.jpg,1,14,6,1,1
P2,FEI,evaluation,one_enrollment_photograph,197,fei_197/197b.jpg,1,5,6,0,0
P2,FEI,evaluation,one_enrollment_photograph,199,fei_199/199b.jpg,1,4,6,0,0
P2,FEI,evaluation,one_enrollment_photograph,20,fei_20/20b.jpg,1,13,6,1,1
P2,FEI,evaluation,one_enrollment_photograph,22,fei_22/22b.jpg,1,3,6,0,0
P2,FEI,evaluation,one_enrollment_photograph,23,fei_23/23b.jpg,1,11,6,1,1
P2,FEI,evaluation,one_enrollment_photograph,28,fei_28/28b.jpg,1,19,6,1,1
P2,FEI,evaluation,one_enrollment_photograph,3,fei_3/3b.jpg,0,3,6,0,1
P2,FEI,evaluation,one_enrollment_photograph,32,fei_32/32b.jpg,1,5,6,0,0
P2,FEI,evaluation,one_enrollment_photograph,41,fei_41/41b.jpg,1,2,6,0,0
P2,FEI,evaluation,one_enrollment_photograph,46,fei_46/46b.jpg,1,6,6,1,1
P2,FEI,evaluation,one_enrollment_photograph,48,fei_48/48b.jpg,1,8,6,1,1
P2,FEI,evaluation,one_enrollment_photograph,51,fei_51/51b.jpg,1,6,6,1,1
P2,FEI,evaluation,one_enrollment_photograph,53,fei_53/53b.jpg,1,4,6,0,0
P2,FEI,evaluation,one_enrollment_photograph,54,fei_54/54b.jpg,0,3,6,0,1
P2,FEI,evaluation,one_enrollment_photograph,56,fei_56/56b.jpg,1,5,6,0,0
P2,FEI,evaluation,one_enrollment_photograph,59,fei_59/59b.jpg,0,1,6,0,1
P2,FEI,evaluation,one_enrollment_photograph,60,fei_60/60b.jpg,1,13,6,1,1
P2,FEI,evaluation,one_enrollment_photograph,61,fei_61/61b.jpg,0,2,6,0,1
P2,FEI,evaluation,one_enrollment_photograph,66,fei_66/66b.jpg,1,10,6,1,1
P2,FEI,evaluation,one_enrollment_photograph,68,fei_68/68b.jpg,1,13,6,1,1
P2,FEI,evaluation,one_enrollment_photograph,70,fei_70/70b.jpg,1,7,6,1,1
P2,FEI,evaluation,one_enrollment_photograph,71,fei_71/71b.jpg,1,11,6,1,1
P2,FEI,evaluation,one_enrollment_photograph,72,fei_72/72b.jpg,0,3,6,0,1
P2,FEI,evaluation,one_enrollment_photograph,74,fei_74/74b.jpg,1,6,6,1,1
P2,FEI,evaluation,one_enrollment_photograph,75,fei_75/75b.jpg,1,6,6,1,1
P2,FEI,evaluation,one_enrollment_photograph,77,fei_77/77b.jpg,0,1,6,0,1
P2,FEI,evaluation,one_enrollment_photograph,78,fei_78/78b.jpg,1,5,6,0,0
P2,FEI,evaluation,one_enrollment_photograph,80,fei_80/80b.jpg,1,10,6,1,1
P2,FEI,evaluation,one_enrollment_photograph,83,fei_83/83b.jpg,1,8,6,1,1
P2,FEI,evaluation,one_enrollment_photograph,85,fei_85/85b.jpg,1,3,6,0,0
P2,FEI,evaluation,one_enrollment_photograph,86,fei_86/86b.jpg,1,9,6,1,1
P2,FEI,evaluation,one_enrollment_photograph,87,fei_87/87b.jpg,1,14,6,1,1
P2,FEI,evaluation,one_enrollment_photograph,89,fei_89/89b.jpg,1,6,6,1,1
P2,FEI,evaluation,one_enrollment_photograph,9,fei_9/9b.jpg,1,11,6,1,1
P2,FEI,evaluation,one_enrollment_photograph,92,fei_92/92b.jpg,0,3,6,0,1
P2,FEI,evaluation,one_enrollment_photograph,93,fei_93/93b.jpg,1,4,6,0,0
P2,FEI,evaluation,one_enrollment_photograph,94,fei_94/94b.jpg,0,6,6,1,0
P2,FEI,evaluation,one_enrollment_photograph,97,fei_97/97b.jpg,0,4,6,0,1
P2,FEI,evaluation,one_enrollment_photograph,98,fei_98/98b.jpg,1,17,6,1,1
P2,FEI,evaluation,one_enrollment_photograph,99,fei_99/99b.jpg,0,9,6,1,0
P3,FEI,evaluation,one_enrollment_photograph,10,fei_10/10b.jpg,1,9,3,1,1
P3,FEI,evaluation,one_enrollment_photograph,100,fei_100/100b.jpg,1,8,3,1,1
P3,FEI,evaluation,one_enrollment_photograph,101,fei_101/101b.jpg,0,3,3,1,0
P3,FEI,evaluation,one_enrollment_photograph,104,fei_104/104b.jpg,1,7,3,1,1
P3,FEI,evaluation,one_enrollment_photograph,109,fei_109/109b.jpg,1,10,3,1,1
P3,FEI,evaluation,one_enrollment_photograph,110,fei_110/110b.jpg,1,11,3,1,1
P3,FEI,evaluation,one_enrollment_photograph,111,fei_111/111b.jpg,1,13,3,1,1
P3,FEI,evaluation,one_enrollment_photograph,112,fei_112/112b.jpg,1,7,3,1,1
P3,FEI,evaluation,one_enrollment_photograph,113,fei_113/113b.jpg,1,9,3,1,1
P3,FEI,evaluation,one_enrollment_photograph,117,fei_117/117b.jpg,0,5,3,1,0
P3,FEI,evaluation,one_enrollment_photograph,12,fei_12/12b.jpg,1,13,3,1,1
P3,FEI,evaluation,one_enrollment_photograph,120,fei_120/120b.jpg,0,2,3,0,1
P3,FEI,evaluation,one_enrollment_photograph,121,fei_121/121b.jpg,1,7,3,1,1
P3,FEI,evaluation,one_enrollment_photograph,122,fei_122/122b.jpg,1,8,3,1,1
P3,FEI,evaluation,one_enrollment_photograph,124,fei_124/124b.jpg,0,1,3,0,1
P3,FEI,evaluation,one_enrollment_photograph,125,fei_125/125b.jpg,1,11,3,1,1
P3,FEI,evaluation,one_enrollment_photograph,126,fei_126/126b.jpg,1,7,3,1,1
P3,FEI,evaluation,one_enrollment_photograph,13,fei_13/13b.jpg,1,12,3,1,1
P3,FEI,evaluation,one_enrollment_photograph,130,fei_130/130b.jpg,0,3,3,1,0
P3,FEI,evaluation,one_enrollment_photograph,133,fei_133/133b.jpg,1,13,3,1,1
P3,FEI,evaluation,one_enrollment_photograph,134,fei_134/134b.jpg,1,3,3,1,1
P3,FEI,evaluation,one_enrollment_photograph,135,fei_135/135b.jpg,1,8,3,1,1
P3,FEI,evaluation,one_enrollment_photograph,139,fei_139/139b.jpg,1,5,3,1,1
P3,FEI,evaluation,one_enrollment_photograph,141,fei_141/141b.jpg,1,4,3,1,1
P3,FEI,evaluation,one_enrollment_photograph,145,fei_145/145b.jpg,1,9,3,1,1
P3,FEI,evaluation,one_enrollment_photograph,146,fei_146/146b.jpg,1,9,3,1,1
P3,FEI,evaluation,one_enrollment_photograph,147,fei_147/147b.jpg,0,5,3,1,0
P3,FEI,evaluation,one_enrollment_photograph,149,fei_149/149b.jpg,0,6,3,1,0
P3,FEI,evaluation,one_enrollment_photograph,15,fei_15/15b.jpg,1,11,3,1,1
P3,FEI,evaluation,one_enrollment_photograph,150,fei_150/150b.jpg,1,3,3,1,1
P3,FEI,evaluation,one_enrollment_photograph,151,fei_151/151b.jpg,0,5,3,1,0
P3,FEI,evaluation,one_enrollment_photograph,154,fei_154/154b.jpg,1,5,3,1,1
P3,FEI,evaluation,one_enrollment_photograph,156,fei_156/156b.jpg,0,3,3,1,0
P3,FEI,evaluation,one_enrollment_photograph,157,fei_157/157b.jpg,1,8,3,1,1
P3,FEI,evaluation,one_enrollment_photograph,158,fei_158/158b.jpg,1,11,3,1,1
P3,FEI,evaluation,one_enrollment_photograph,16,fei_16/16b.jpg,1,15,3,1,1
P3,FEI,evaluation,one_enrollment_photograph,161,fei_161/161b.jpg,1,8,3,1,1
P3,FEI,evaluation,one_enrollment_photograph,167,fei_167/167b.jpg,0,4,3,1,0
P3,FEI,evaluation,one_enrollment_photograph,173,fei_173/173b.jpg,1,7,3,1,1
P3,FEI,evaluation,one_enrollment_photograph,174,fei_174/174b.jpg,1,7,3,1,1
P3,FEI,evaluation,one_enrollment_photograph,176,fei_176/176b.jpg,1,9,3,1,1
P3,FEI,evaluation,one_enrollment_photograph,177,fei_177/177b.jpg,1,9,3,1,1
P3,FEI,evaluation,one_enrollment_photograph,178,fei_178/178b.jpg,1,7,3,1,1
P3,FEI,evaluation,one_enrollment_photograph,179,fei_179/179b.jpg,0,5,3,1,0
P3,FEI,evaluation,one_enrollment_photograph,181,fei_181/181b.jpg,1,13,3,1,1
P3,FEI,evaluation,one_enrollment_photograph,190,fei_190/190b.jpg,0,1,3,0,1
P3,FEI,evaluation,one_enrollment_photograph,191,fei_191/191b.jpg,1,16,3,1,1
P3,FEI,evaluation,one_enrollment_photograph,192,fei_192/192b.jpg,1,17,3,1,1
P3,FEI,evaluation,one_enrollment_photograph,193,fei_193/193b.jpg,1,3,3,1,1
P3,FEI,evaluation,one_enrollment_photograph,196,fei_196/196b.jpg,1,5,3,1,1
P3,FEI,evaluation,one_enrollment_photograph,197,fei_197/197b.jpg,1,4,3,1,1
P3,FEI,evaluation,one_enrollment_photograph,199,fei_199/199b.jpg,1,9,3,1,1
P3,FEI,evaluation,one_enrollment_photograph,20,fei_20/20b.jpg,1,7,3,1,1
P3,FEI,evaluation,one_enrollment_photograph,22,fei_22/22b.jpg,1,8,3,1,1
P3,FEI,evaluation,one_enrollment_photograph,23,fei_23/23b.jpg,1,8,3,1,1
P3,FEI,evaluation,one_enrollment_photograph,28,fei_28/28b.jpg,1,10,3,1,1
P3,FEI,evaluation,one_enrollment_photograph,3,fei_3/3b.jpg,0,0,3,0,1
P3,FEI,evaluation,one_enrollment_photograph,32,fei_32/32b.jpg,1,13,3,1,1
P3,FEI,evaluation,one_enrollment_photograph,41,fei_41/41b.jpg,1,7,3,1,1
P3,FEI,evaluation,one_enrollment_photograph,46,fei_46/46b.jpg,1,8,3,1,1
P3,FEI,evaluation,one_enrollment_photograph,48,fei_48/48b.jpg,1,9,3,1,1
P3,FEI,evaluation,one_enrollment_photograph,51,fei_51/51b.jpg,1,6,3,1,1
P3,FEI,evaluation,one_enrollment_photograph,53,fei_53/53b.jpg,1,5,3,1,1
P3,FEI,evaluation,one_enrollment_photograph,54,fei_54/54b.jpg,0,3,3,1,0
P3,FEI,evaluation,one_enrollment_photograph,56,fei_56/56b.jpg,1,14,3,1,1
P3,FEI,evaluation,one_enrollment_photograph,59,fei_59/59b.jpg,0,3,3,1,0
P3,FEI,evaluation,one_enrollment_photograph,60,fei_60/60b.jpg,1,3,3,1,1
P3,FEI,evaluation,one_enrollment_photograph,61,fei_61/61b.jpg,0,2,3,0,1
P3,FEI,evaluation,one_enrollment_photograph,66,fei_66/66b.jpg,1,8,3,1,1
P3,FEI,evaluation,one_enrollment_photograph,68,fei_68/68b.jpg,1,10,3,1,1
P3,FEI,evaluation,one_enrollment_photograph,70,fei_70/70b.jpg,1,3,3,1,1
P3,FEI,evaluation,one_enrollment_photograph,71,fei_71/71b.jpg,1,4,3,1,1
P3,FEI,evaluation,one_enrollment_photograph,72,fei_72/72b.jpg,0,2,3,0,1
P3,FEI,evaluation,one_enrollment_photograph,74,fei_74/74b.jpg,1,10,3,1,1
P3,FEI,evaluation,one_enrollment_photograph,75,fei_75/75b.jpg,1,6,3,1,1
P3,FEI,evaluation,one_enrollment_photograph,77,fei_77/77b.jpg,0,5,3,1,0
P3,FEI,evaluation,one_enrollment_photograph,78,fei_78/78b.jpg,1,4,3,1,1
P3,FEI,evaluation,one_enrollment_photograph,80,fei_80/80b.jpg,1,4,3,1,1
P3,FEI,evaluation,one_enrollment_photograph,83,fei_83/83b.jpg,1,8,3,1,1
P3,FEI,evaluation,one_enrollment_photograph,85,fei_85/85b.jpg,1,13,3,1,1
P3,FEI,evaluation,one_enrollment_photograph,86,fei_86/86b.jpg,1,8,3,1,1
P3,FEI,evaluation,one_enrollment_photograph,87,fei_87/87b.jpg,1,5,3,1,1
P3,FEI,evaluation,one_enrollment_photograph,89,fei_89/89b.jpg,1,5,3,1,1
P3,FEI,evaluation,one_enrollment_photograph,9,fei_9/9b.jpg,1,13,3,1,1
P3,FEI,evaluation,one_enrollment_photograph,92,fei_92/92b.jpg,0,1,3,0,1
P3,FEI,evaluation,one_enrollment_photograph,93,fei_93/93b.jpg,1,11,3,1,1
P3,FEI,evaluation,one_enrollment_photograph,94,fei_94/94b.jpg,0,3,3,1,0
P3,FEI,evaluation,one_enrollment_photograph,97,fei_97/97b.jpg,0,5,3,1,0
P3,FEI,evaluation,one_enrollment_photograph,98,fei_98/98b.jpg,1,7,3,1,1
P3,FEI,evaluation,one_enrollment_photograph,99,fei_99/99b.jpg,0,3,3,1,0
P1,FERET,evaluation,one_enrollment_photograph,00002,00002/00002_930831_fb.ppm,1,74,78,0,0
P1,FERET,evaluation,one_enrollment_photograph,00006,00006/00006_931230_fb.ppm,1,65,78,0,0
P1,FERET,evaluation,one_enrollment_photograph,00010,00010/00010_930831_fb.ppm,1,89,78,1,1
P1,FERET,evaluation,one_enrollment_photograph,00012,00012/00012_930831_fb.ppm,1,80,78,1,1
P1,FERET,evaluation,one_enrollment_photograph,00013,00013/00013_930831_fb.ppm,1,79,78,1,1
P1,FERET,evaluation,one_enrollment_photograph,00014,00014/00014_930831_fb.ppm,1,68,78,0,0
P1,FERET,evaluation,one_enrollment_photograph,00015,00015/00015_930831_fb.ppm,1,75,78,0,0
P1,FERET,evaluation,one_enrollment_photograph,00016,00016/00016_930831_fb.ppm,1,74,78,0,0
P1,FERET,evaluation,one_enrollment_photograph,00017,00017/00017_930831_fb.ppm,1,61,78,0,0
P1,FERET,evaluation,one_enrollment_photograph,00021,00021/00021_930831_fb.ppm,1,76,78,0,0
P1,FERET,evaluation,one_enrollment_photograph,00022,00022/00022_930831_fb.ppm,0,73,78,0,1
P1,FERET,evaluation,one_enrollment_photograph,00023,00023/00023_930831_fb.ppm,1,89,78,1,1
P1,FERET,evaluation,one_enrollment_photograph,00026,00026/00026_930831_fb.ppm,0,86,78,1,0
P1,FERET,evaluation,one_enrollment_photograph,00028,00028/00028_930831_fb.ppm,1,65,78,0,0
P1,FERET,evaluation,one_enrollment_photograph,00033,00033/00033_930831_fb.ppm,1,76,78,0,0
P1,FERET,evaluation,one_enrollment_photograph,00038,00038/00038_930831_fb.ppm,1,73,78,0,0
P1,FERET,evaluation,one_enrollment_photograph,00040,00040/00040_930831_fb.ppm,1,102,78,1,1
P1,FERET,evaluation,one_enrollment_photograph,00041,00041/00041_930831_fb.ppm,1,89,78,1,1
P1,FERET,evaluation,one_enrollment_photograph,00051,00051/00051_931230_fb.ppm,0,71,78,0,1
P1,FERET,evaluation,one_enrollment_photograph,00053,00053/00053_931230_fb.ppm,1,103,78,1,1
P1,FERET,evaluation,one_enrollment_photograph,00056,00056/00056_931230_fb.ppm,1,82,78,1,1
P1,FERET,evaluation,one_enrollment_photograph,00059,00059/00059_931230_fb.ppm,1,81,78,1,1
P1,FERET,evaluation,one_enrollment_photograph,00060,00060/00060_931230_fb.ppm,1,62,78,0,0
P1,FERET,evaluation,one_enrollment_photograph,00061,00061/00061_931230_fb.ppm,1,97,78,1,1
P1,FERET,evaluation,one_enrollment_photograph,00063,00063/00063_931230_fb.ppm,1,78,78,1,1
P1,FERET,evaluation,one_enrollment_photograph,00065,00065/00065_931230_fb.ppm,1,85,78,1,1
P1,FERET,evaluation,one_enrollment_photograph,00068,00068/00068_931230_fb.ppm,1,91,78,1,1
P1,FERET,evaluation,one_enrollment_photograph,00070,00070/00070_931230_fb.ppm,1,60,78,0,0
P1,FERET,evaluation,one_enrollment_photograph,00072,00072/00072_931230_fb.ppm,0,76,78,0,1
P1,FERET,evaluation,one_enrollment_photograph,00073,00073/00073_931230_fb.ppm,1,84,78,1,1
P1,FERET,evaluation,one_enrollment_photograph,00076,00076/00076_931230_fb.ppm,1,77,78,0,0
P1,FERET,evaluation,one_enrollment_photograph,00077,00077/00077_931230_fb.ppm,1,90,78,1,1
P1,FERET,evaluation,one_enrollment_photograph,00081,00081/00081_931230_fb.ppm,0,63,78,0,1
P1,FERET,evaluation,one_enrollment_photograph,00092,00092/00092_931230_fb.ppm,0,75,78,0,1
P1,FERET,evaluation,one_enrollment_photograph,00093,00093/00093_931230_fb.ppm,1,87,78,1,1
P1,FERET,evaluation,one_enrollment_photograph,00102,00102/00102_931230_fb.ppm,0,99,78,1,0
P1,FERET,evaluation,one_enrollment_photograph,00105,00105/00105_931230_fb.ppm,1,94,78,1,1
P1,FERET,evaluation,one_enrollment_photograph,00107,00107/00107_931230_fb.ppm,1,83,78,1,1
P1,FERET,evaluation,one_enrollment_photograph,00108,00108/00108_931230_fb.ppm,1,62,78,0,0
P1,FERET,evaluation,one_enrollment_photograph,00109,00109/00109_931230_fb.ppm,1,97,78,1,1
P1,FERET,evaluation,one_enrollment_photograph,00111,00111/00111_931230_fb.ppm,0,106,78,1,0
P1,FERET,evaluation,one_enrollment_photograph,00112,00112/00112_931230_fb.ppm,1,75,78,0,0
P1,FERET,evaluation,one_enrollment_photograph,00115,00115/00115_931230_fb.ppm,0,86,78,1,0
P1,FERET,evaluation,one_enrollment_photograph,00116,00116/00116_931230_fb.ppm,1,85,78,1,1
P1,FERET,evaluation,one_enrollment_photograph,00119,00119/00119_931230_fb.ppm,1,101,78,1,1
P1,FERET,evaluation,one_enrollment_photograph,00120,00120/00120_931230_fb.ppm,1,85,78,1,1
P1,FERET,evaluation,one_enrollment_photograph,00125,00125/00125_931230_fb.ppm,1,94,78,1,1
P1,FERET,evaluation,one_enrollment_photograph,00126,00126/00126_931230_fb.ppm,1,113,78,1,1
P1,FERET,evaluation,one_enrollment_photograph,00129,00129/00129_931230_fb.ppm,1,67,78,0,0
P1,FERET,evaluation,one_enrollment_photograph,00131,00131/00131_931230_fb.ppm,1,68,78,0,0
P1,FERET,evaluation,one_enrollment_photograph,00132,00132/00132_931230_fb.ppm,1,75,78,0,0
P1,FERET,evaluation,one_enrollment_photograph,00136,00136/00136_931230_fb.ppm,1,87,78,1,1
P1,FERET,evaluation,one_enrollment_photograph,00139,00139/00139_931230_fb.ppm,0,75,78,0,1
P1,FERET,evaluation,one_enrollment_photograph,00141,00141/00141_931230_fb.ppm,1,106,78,1,1
P1,FERET,evaluation,one_enrollment_photograph,00148,00148/00148_931230_fb.ppm,1,75,78,0,0
P1,FERET,evaluation,one_enrollment_photograph,00157,00157/00157_940928_fb.ppm,0,80,78,1,0
P1,FERET,evaluation,one_enrollment_photograph,00162,00162/00162_931230_fb.ppm,1,72,78,0,0
P1,FERET,evaluation,one_enrollment_photograph,00163,00163/00163_931230_fb.ppm,1,101,78,1,1
P1,FERET,evaluation,one_enrollment_photograph,00166,00166/00166_931230_fb.ppm,1,72,78,0,0
P1,FERET,evaluation,one_enrollment_photograph,00167,00167/00167_931230_fb.ppm,1,80,78,1,1
P1,FERET,evaluation,one_enrollment_photograph,00170,00170/00170_931230_fb.ppm,0,74,78,0,1
P1,FERET,evaluation,one_enrollment_photograph,00180,00180/00180_931230_fb.ppm,1,92,78,1,1
P1,FERET,evaluation,one_enrollment_photograph,00181,00181/00181_931230_fb.ppm,1,73,78,0,0
P1,FERET,evaluation,one_enrollment_photograph,00183,00183/00183_940128_fb.ppm,1,112,78,1,1
P1,FERET,evaluation,one_enrollment_photograph,00185,00185/00185_940128_fb.ppm,1,65,78,0,0
P1,FERET,evaluation,one_enrollment_photograph,00188,00188/00188_940128_fb.ppm,0,77,78,0,1
P1,FERET,evaluation,one_enrollment_photograph,00190,00190/00190_940128_fb.ppm,1,94,78,1,1
P1,FERET,evaluation,one_enrollment_photograph,00192,00192/00192_940128_fb.ppm,1,68,78,0,0
P1,FERET,evaluation,one_enrollment_photograph,00198,00198/00198_940128_fb.ppm,1,86,78,1,1
P1,FERET,evaluation,one_enrollment_photograph,00199,00199/00199_940128_fb.ppm,1,73,78,0,0
P1,FERET,evaluation,one_enrollment_photograph,00200,00200/00200_940128_fb.ppm,1,87,78,1,1
P1,FERET,evaluation,one_enrollment_photograph,00201,00201/00201_940128_fb.ppm,1,108,78,1,1
P1,FERET,evaluation,one_enrollment_photograph,00203,00203/00203_940128_fb.ppm,1,98,78,1,1
P1,FERET,evaluation,one_enrollment_photograph,00205,00205/00205_940128_fb.ppm,0,71,78,0,1
P1,FERET,evaluation,one_enrollment_photograph,00207,00207/00207_940128_fb.ppm,1,74,78,0,0
P1,FERET,evaluation,one_enrollment_photograph,00210,00210/00210_940128_fb.ppm,1,67,78,0,0
P1,FERET,evaluation,one_enrollment_photograph,00214,00214/00214_940128_fb.ppm,1,70,78,0,0
P1,FERET,evaluation,one_enrollment_photograph,00216,00216/00216_940128_fb.ppm,1,86,78,1,1
P1,FERET,evaluation,one_enrollment_photograph,00222,00222/00222_940128_fb.ppm,1,79,78,1,1
P1,FERET,evaluation,one_enrollment_photograph,00223,00223/00223_940128_fb.ppm,1,125,78,1,1
P1,FERET,evaluation,one_enrollment_photograph,00230,00230/00230_940128_fb.ppm,1,88,78,1,1
P1,FERET,evaluation,one_enrollment_photograph,00231,00231/00231_940128_fb.ppm,0,72,78,0,1
P1,FERET,evaluation,one_enrollment_photograph,00239,00239/00239_940128_fb.ppm,1,87,78,1,1
P1,FERET,evaluation,one_enrollment_photograph,00242,00242/00242_940128_fb.ppm,0,91,78,1,0
P1,FERET,evaluation,one_enrollment_photograph,00244,00244/00244_940128_fb.ppm,0,85,78,1,0
P1,FERET,evaluation,one_enrollment_photograph,00250,00250/00250_940128_fb.ppm,0,95,78,1,0
P1,FERET,evaluation,one_enrollment_photograph,00251,00251/00251_940128_fb.ppm,1,75,78,0,0
P1,FERET,evaluation,one_enrollment_photograph,00253,00253/00253_940128_fb.ppm,1,82,78,1,1
P1,FERET,evaluation,one_enrollment_photograph,00254,00254/00254_940128_fb.ppm,1,129,78,1,1
P1,FERET,evaluation,one_enrollment_photograph,00256,00256/00256_940128_fb.ppm,1,101,78,1,1
P1,FERET,evaluation,one_enrollment_photograph,00257,00257/00257_940128_fb.ppm,1,54,78,0,0
P1,FERET,evaluation,one_enrollment_photograph,00260,00260/00260_940128_fb.ppm,0,88,78,1,0
P1,FERET,evaluation,one_enrollment_photograph,00263,00263/00263_940128_fb.ppm,0,83,78,1,0
P1,FERET,evaluation,one_enrollment_photograph,00264,00264/00264_940128_fb.ppm,0,87,78,1,0
P1,FERET,evaluation,one_enrollment_photograph,00267,00267/00267_940128_fb.ppm,0,113,78,1,0
P1,FERET,evaluation,one_enrollment_photograph,00269,00269/00269_940422_fb.ppm,1,85,78,1,1
P1,FERET,evaluation,one_enrollment_photograph,00270,00270/00270_940422_fb.ppm,1,89,78,1,1
P1,FERET,evaluation,one_enrollment_photograph,00272,00272/00272_940422_fb.ppm,1,90,78,1,1
P1,FERET,evaluation,one_enrollment_photograph,00280,00280/00280_940422_fb.ppm,1,94,78,1,1
P1,FERET,evaluation,one_enrollment_photograph,00282,00282/00282_940422_fb.ppm,1,100,78,1,1
P1,FERET,evaluation,one_enrollment_photograph,00284,00284/00284_940422_fb.ppm,0,88,78,1,0
P1,FERET,evaluation,one_enrollment_photograph,00286,00286/00286_940422_fb.ppm,1,70,78,0,0
P1,FERET,evaluation,one_enrollment_photograph,00290,00290/00290_940422_fb.ppm,1,79,78,1,1
P1,FERET,evaluation,one_enrollment_photograph,00293,00293/00293_940422_fb.ppm,0,65,78,0,1
P1,FERET,evaluation,one_enrollment_photograph,00294,00294/00294_940422_fb.ppm,1,77,78,0,0
P1,FERET,evaluation,one_enrollment_photograph,00295,00295/00295_940422_fb.ppm,1,98,78,1,1
P1,FERET,evaluation,one_enrollment_photograph,00296,00296/00296_940422_fb.ppm,1,76,78,0,0
P1,FERET,evaluation,one_enrollment_photograph,00301,00301/00301_940422_fb.ppm,0,76,78,0,1
P1,FERET,evaluation,one_enrollment_photograph,00303,00303/00303_940422_fb.ppm,1,69,78,0,0
P1,FERET,evaluation,one_enrollment_photograph,00304,00304/00304_940422_fb.ppm,1,94,78,1,1
P1,FERET,evaluation,one_enrollment_photograph,00306,00306/00306_940422_fb.ppm,1,79,78,1,1
P1,FERET,evaluation,one_enrollment_photograph,00307,00307/00307_940422_fb.ppm,1,87,78,1,1
P1,FERET,evaluation,one_enrollment_photograph,00308,00308/00308_940422_fb.ppm,1,93,78,1,1
P1,FERET,evaluation,one_enrollment_photograph,00309,00309/00309_940422_fb.ppm,1,87,78,1,1
P1,FERET,evaluation,one_enrollment_photograph,00310,00310/00310_940422_fb.ppm,1,81,78,1,1
P1,FERET,evaluation,one_enrollment_photograph,00311,00311/00311_940422_fb.ppm,1,66,78,0,0
P1,FERET,evaluation,one_enrollment_photograph,00313,00313/00313_940422_fb.ppm,1,79,78,1,1
P1,FERET,evaluation,one_enrollment_photograph,00314,00314/00314_940422_fb.ppm,0,84,78,1,0
P1,FERET,evaluation,one_enrollment_photograph,00316,00316/00316_940422_fb.ppm,1,82,78,1,1
P1,FERET,evaluation,one_enrollment_photograph,00317,00317/00317_940422_fb.ppm,0,82,78,1,0
P1,FERET,evaluation,one_enrollment_photograph,00318,00318/00318_940422_fb.ppm,0,103,78,1,0
P1,FERET,evaluation,one_enrollment_photograph,00319,00319/00319_940422_fb.ppm,1,92,78,1,1
P1,FERET,evaluation,one_enrollment_photograph,00321,00321/00321_940422_fb.ppm,0,77,78,0,1
P1,FERET,evaluation,one_enrollment_photograph,00325,00325/00325_940422_fb.ppm,1,87,78,1,1
P1,FERET,evaluation,one_enrollment_photograph,00329,00329/00329_940422_fb.ppm,1,90,78,1,1
P1,FERET,evaluation,one_enrollment_photograph,00330,00330/00330_940422_fb.ppm,0,78,78,1,0
P1,FERET,evaluation,one_enrollment_photograph,00333,00333/00333_940422_fb.ppm,1,78,78,1,1
P1,FERET,evaluation,one_enrollment_photograph,00335,00335/00335_940422_fb.ppm,0,89,78,1,0
P1,FERET,evaluation,one_enrollment_photograph,00336,00336/00336_940422_fb.ppm,1,61,78,0,0
P1,FERET,evaluation,one_enrollment_photograph,00338,00338/00338_940422_fb.ppm,0,69,78,0,1
P1,FERET,evaluation,one_enrollment_photograph,00348,00348/00348_940422_fb.ppm,1,93,78,1,1
P1,FERET,evaluation,one_enrollment_photograph,00355,00355/00355_940422_fb.ppm,0,87,78,1,0
P1,FERET,evaluation,one_enrollment_photograph,00358,00358/00358_940422_fb.ppm,1,80,78,1,1
P1,FERET,evaluation,one_enrollment_photograph,00362,00362/00362_940422_fb.ppm,1,78,78,1,1
P1,FERET,evaluation,one_enrollment_photograph,00365,00365/00365_940422_fb.ppm,1,98,78,1,1
P1,FERET,evaluation,one_enrollment_photograph,00367,00367/00367_940422_fb.ppm,0,81,78,1,0
P1,FERET,evaluation,one_enrollment_photograph,00371,00371/00371_940422_fb.ppm,1,86,78,1,1
P1,FERET,evaluation,one_enrollment_photograph,00373,00373/00373_940422_fb.ppm,0,64,78,0,1
P1,FERET,evaluation,one_enrollment_photograph,00376,00376/00376_940422_fb.ppm,1,80,78,1,1
P1,FERET,evaluation,one_enrollment_photograph,00378,00378/00378_940422_fb.ppm,1,86,78,1,1
P1,FERET,evaluation,one_enrollment_photograph,00384,00384/00384_940422_fb.ppm,1,75,78,0,0
P1,FERET,evaluation,one_enrollment_photograph,00386,00386/00386_940422_fb.ppm,1,90,78,1,1
P1,FERET,evaluation,one_enrollment_photograph,00387,00387/00387_940422_fb.ppm,1,85,78,1,1
P1,FERET,evaluation,one_enrollment_photograph,00389,00389/00389_940422_fb.ppm,1,70,78,0,0
P1,FERET,evaluation,one_enrollment_photograph,00395,00395/00395_940422_fb.ppm,0,74,78,0,1
P1,FERET,evaluation,one_enrollment_photograph,00397,00397/00397_940422_fb.ppm,1,100,78,1,1
P1,FERET,evaluation,one_enrollment_photograph,00398,00398/00398_940422_fb.ppm,1,97,78,1,1
P1,FERET,evaluation,one_enrollment_photograph,00399,00399/00399_940422_fb.ppm,1,89,78,1,1
P1,FERET,evaluation,one_enrollment_photograph,00400,00400/00400_940422_fb.ppm,0,86,78,1,0
P1,FERET,evaluation,one_enrollment_photograph,00401,00401/00401_940422_fb.ppm,1,65,78,0,0
P1,FERET,evaluation,one_enrollment_photograph,00405,00405/00405_940422_fb.ppm,1,78,78,1,1
P1,FERET,evaluation,one_enrollment_photograph,00407,00407/00407_940422_fb.ppm,1,89,78,1,1
P1,FERET,evaluation,one_enrollment_photograph,00408,00408/00408_940422_fb.ppm,1,92,78,1,1
P1,FERET,evaluation,one_enrollment_photograph,00409,00409/00409_940422_fb.ppm,1,83,78,1,1
P1,FERET,evaluation,one_enrollment_photograph,00410,00410/00410_940422_fb.ppm,0,81,78,1,0
P1,FERET,evaluation,one_enrollment_photograph,00413,00413/00413_940422_fb.ppm,1,85,78,1,1
P1,FERET,evaluation,one_enrollment_photograph,00414,00414/00414_940422_fb.ppm,1,64,78,0,0
P1,FERET,evaluation,one_enrollment_photograph,00415,00415/00415_940422_fb.ppm,1,63,78,0,0
P1,FERET,evaluation,one_enrollment_photograph,00422,00422/00422_940422_fb.ppm,0,74,78,0,1
P1,FERET,evaluation,one_enrollment_photograph,00423,00423/00423_940422_fb.ppm,1,66,78,0,0
P1,FERET,evaluation,one_enrollment_photograph,00426,00426/00426_940422_fb.ppm,1,78,78,1,1
P1,FERET,evaluation,one_enrollment_photograph,00427,00427/00427_940422_fb.ppm,1,59,78,0,0
P1,FERET,evaluation,one_enrollment_photograph,00430,00430/00430_940422_fb.ppm,1,100,78,1,1
P1,FERET,evaluation,one_enrollment_photograph,00431,00431/00431_940422_fb.ppm,1,84,78,1,1
P1,FERET,evaluation,one_enrollment_photograph,00432,00432/00432_940422_fb.ppm,1,65,78,0,0
P1,FERET,evaluation,one_enrollment_photograph,00434,00434/00434_940422_fb.ppm,1,77,78,0,0
P1,FERET,evaluation,one_enrollment_photograph,00435,00435/00435_940422_fb.ppm,1,81,78,1,1
P1,FERET,evaluation,one_enrollment_photograph,00438,00438/00438_940422_fb.ppm,1,73,78,0,0
P1,FERET,evaluation,one_enrollment_photograph,00440,00440/00440_940422_fb.ppm,0,76,78,0,1
P1,FERET,evaluation,one_enrollment_photograph,00442,00442/00442_940422_fb.ppm,1,73,78,0,0
P1,FERET,evaluation,one_enrollment_photograph,00444,00444/00444_940422_fb.ppm,0,77,78,0,1
P1,FERET,evaluation,one_enrollment_photograph,00448,00448/00448_940422_fb.ppm,0,68,78,0,1
P1,FERET,evaluation,one_enrollment_photograph,00450,00450/00450_940422_fb.ppm,1,69,78,0,0
P1,FERET,evaluation,one_enrollment_photograph,00452,00452/00452_940422_fb.ppm,1,89,78,1,1
P1,FERET,evaluation,one_enrollment_photograph,00454,00454/00454_940422_fb.ppm,1,81,78,1,1
P1,FERET,evaluation,one_enrollment_photograph,00456,00456/00456_940422_fb.ppm,1,73,78,0,0
P1,FERET,evaluation,one_enrollment_photograph,00460,00460/00460_940422_fb.ppm,1,81,78,1,1
P1,FERET,evaluation,one_enrollment_photograph,00465,00465/00465_940519_fb.ppm,1,78,78,1,1
P1,FERET,evaluation,one_enrollment_photograph,00466,00466/00466_940519_fb.ppm,1,75,78,0,0
P1,FERET,evaluation,one_enrollment_photograph,00473,00473/00473_940519_fb.ppm,1,70,78,0,0
P1,FERET,evaluation,one_enrollment_photograph,00477,00477/00477_940519_fb.ppm,1,76,78,0,0
P1,FERET,evaluation,one_enrollment_photograph,00478,00478/00478_940519_fb.ppm,1,94,78,1,1
P1,FERET,evaluation,one_enrollment_photograph,00480,00480/00480_940519_fb.ppm,1,71,78,0,0
P1,FERET,evaluation,one_enrollment_photograph,00481,00481/00481_940519_fb.ppm,1,90,78,1,1
P1,FERET,evaluation,one_enrollment_photograph,00482,00482/00482_940519_fb.ppm,1,96,78,1,1
P1,FERET,evaluation,one_enrollment_photograph,00483,00483/00483_940519_fb.ppm,0,65,78,0,1
P1,FERET,evaluation,one_enrollment_photograph,00484,00484/00484_940519_fb.ppm,0,95,78,1,0
P1,FERET,evaluation,one_enrollment_photograph,00486,00486/00486_940519_fb.ppm,0,76,78,0,1
P1,FERET,evaluation,one_enrollment_photograph,00490,00490/00490_940519_fb.ppm,1,69,78,0,0
P1,FERET,evaluation,one_enrollment_photograph,00491,00491/00491_940519_fb.ppm,1,68,78,0,0
P1,FERET,evaluation,one_enrollment_photograph,00492,00492/00492_940519_fb.ppm,1,51,78,0,0
P1,FERET,evaluation,one_enrollment_photograph,00505,00505/00505_940519_fb.ppm,1,111,78,1,1
P1,FERET,evaluation,one_enrollment_photograph,00511,00511/00511_940519_fb.ppm,0,66,78,0,1
P1,FERET,evaluation,one_enrollment_photograph,00512,00512/00512_940519_fb.ppm,1,68,78,0,0
P1,FERET,evaluation,one_enrollment_photograph,00513,00513/00513_940519_fb.ppm,1,79,78,1,1
P1,FERET,evaluation,one_enrollment_photograph,00514,00514/00514_940519_fb.ppm,1,79,78,1,1
P1,FERET,evaluation,one_enrollment_photograph,00515,00515/00515_940519_fb.ppm,1,83,78,1,1
P1,FERET,evaluation,one_enrollment_photograph,00517,00517/00517_940519_fb.ppm,0,59,78,0,1
P1,FERET,evaluation,one_enrollment_photograph,00518,00518/00518_940519_fb.ppm,0,72,78,0,1
P1,FERET,evaluation,one_enrollment_photograph,00520,00520/00520_940519_fb.ppm,0,75,78,0,1
P1,FERET,evaluation,one_enrollment_photograph,00521,00521/00521_940519_fb.ppm,1,80,78,1,1
P1,FERET,evaluation,one_enrollment_photograph,00522,00522/00522_940519_fb.ppm,0,68,78,0,1
P1,FERET,evaluation,one_enrollment_photograph,00523,00523/00523_940519_fb.ppm,1,70,78,0,0
P1,FERET,evaluation,one_enrollment_photograph,00524,00524/00524_940519_fb.ppm,1,78,78,1,1
P1,FERET,evaluation,one_enrollment_photograph,00527,00527/00527_940519_fb.ppm,0,74,78,0,1
P1,FERET,evaluation,one_enrollment_photograph,00530,00530/00530_940519_fb.ppm,1,89,78,1,1
P1,FERET,evaluation,one_enrollment_photograph,00531,00531/00531_940519_fb.ppm,0,61,78,0,1
P1,FERET,evaluation,one_enrollment_photograph,00537,00537/00537_940519_fb.ppm,1,82,78,1,1
P1,FERET,evaluation,one_enrollment_photograph,00539,00539/00539_940519_fb.ppm,1,71,78,0,0
P1,FERET,evaluation,one_enrollment_photograph,00540,00540/00540_940519_fb.ppm,1,72,78,0,0
P1,FERET,evaluation,one_enrollment_photograph,00541,00541/00541_940519_fb.ppm,1,64,78,0,0
P1,FERET,evaluation,one_enrollment_photograph,00543,00543/00543_940519_fb.ppm,1,88,78,1,1
P1,FERET,evaluation,one_enrollment_photograph,00544,00544/00544_940519_fb.ppm,1,76,78,0,0
P1,FERET,evaluation,one_enrollment_photograph,00545,00545/00545_940519_fb.ppm,1,72,78,0,0
P1,FERET,evaluation,one_enrollment_photograph,00546,00546/00546_940519_fb.ppm,1,61,78,0,0
P1,FERET,evaluation,one_enrollment_photograph,00550,00550/00550_940519_fb.ppm,0,77,78,0,1
P1,FERET,evaluation,one_enrollment_photograph,00553,00553/00553_940519_fb.ppm,0,63,78,0,1
P1,FERET,evaluation,one_enrollment_photograph,00555,00555/00555_940519_fb.ppm,1,69,78,0,0
P1,FERET,evaluation,one_enrollment_photograph,00557,00557/00557_940519_fb.ppm,1,63,78,0,0
P1,FERET,evaluation,one_enrollment_photograph,00558,00558/00558_940519_fb.ppm,1,72,78,0,0
P1,FERET,evaluation,one_enrollment_photograph,00565,00565/00565_940307_fb.ppm,0,89,78,1,0
P1,FERET,evaluation,one_enrollment_photograph,00566,00566/00566_940928_fb.ppm,0,95,78,1,0
P1,FERET,evaluation,one_enrollment_photograph,00569,00569/00569_940928_fb.ppm,1,93,78,1,1
P1,FERET,evaluation,one_enrollment_photograph,00574,00574/00574_940928_fb.ppm,0,96,78,1,0
P1,FERET,evaluation,one_enrollment_photograph,00580,00580/00580_940928_fb.ppm,1,78,78,1,1
P1,FERET,evaluation,one_enrollment_photograph,00583,00583/00583_940928_fb.ppm,0,69,78,0,1
P1,FERET,evaluation,one_enrollment_photograph,00584,00584/00584_940928_fb.ppm,0,80,78,1,0
P1,FERET,evaluation,one_enrollment_photograph,00585,00585/00585_940928_fb.ppm,1,107,78,1,1
P1,FERET,evaluation,one_enrollment_photograph,00586,00586/00586_940928_fb.ppm,1,66,78,0,0
P1,FERET,evaluation,one_enrollment_photograph,00588,00588/00588_940307_fb.ppm,1,79,78,1,1
P1,FERET,evaluation,one_enrollment_photograph,00590,00590/00590_940928_fb.ppm,0,75,78,0,1
P1,FERET,evaluation,one_enrollment_photograph,00591,00591/00591_940928_fb.ppm,1,77,78,0,0
P1,FERET,evaluation,one_enrollment_photograph,00600,00600/00600_940928_fb.ppm,0,83,78,1,0
P1,FERET,evaluation,one_enrollment_photograph,00601,00601/00601_940928_fb.ppm,1,65,78,0,0
P1,FERET,evaluation,one_enrollment_photograph,00603,00603/00603_940928_fb.ppm,0,82,78,1,0
P1,FERET,evaluation,one_enrollment_photograph,00604,00604/00604_940928_fb.ppm,0,88,78,1,0
P1,FERET,evaluation,one_enrollment_photograph,00611,00611/00611_940307_fb.ppm,0,88,78,1,0
P1,FERET,evaluation,one_enrollment_photograph,00612,00612/00612_940928_fb.ppm,1,86,78,1,1
P1,FERET,evaluation,one_enrollment_photograph,00615,00615/00615_940928_fb.ppm,1,84,78,1,1
P1,FERET,evaluation,one_enrollment_photograph,00620,00620/00620_940928_fb.ppm,1,83,78,1,1
P1,FERET,evaluation,one_enrollment_photograph,00624,00624/00624_940928_fb.ppm,1,72,78,0,0
P1,FERET,evaluation,one_enrollment_photograph,00625,00625/00625_940928_fb.ppm,1,82,78,1,1
P1,FERET,evaluation,one_enrollment_photograph,00627,00627/00627_940928_fb.ppm,1,89,78,1,1
P1,FERET,evaluation,one_enrollment_photograph,00628,00628/00628_940928_fb.ppm,1,96,78,1,1
P1,FERET,evaluation,one_enrollment_photograph,00629,00629/00629_940928_fb.ppm,0,76,78,0,1
P1,FERET,evaluation,one_enrollment_photograph,00630,00630/00630_940928_fb.ppm,0,78,78,1,0
P1,FERET,evaluation,one_enrollment_photograph,00631,00631/00631_940928_fb.ppm,1,94,78,1,1
P1,FERET,evaluation,one_enrollment_photograph,00636,00636/00636_941031_fb.ppm,1,120,78,1,1
P1,FERET,evaluation,one_enrollment_photograph,00637,00637/00637_941031_fb.ppm,1,85,78,1,1
P1,FERET,evaluation,one_enrollment_photograph,00638,00638/00638_941031_fb.ppm,1,80,78,1,1
P1,FERET,evaluation,one_enrollment_photograph,00639,00639/00639_941031_fb.ppm,1,60,78,0,0
P1,FERET,evaluation,one_enrollment_photograph,00641,00641/00641_941031_fb.ppm,1,55,78,0,0
P1,FERET,evaluation,one_enrollment_photograph,00644,00644/00644_941031_fb.ppm,1,95,78,1,1
P1,FERET,evaluation,one_enrollment_photograph,00645,00645/00645_941031_fb.ppm,1,91,78,1,1
P1,FERET,evaluation,one_enrollment_photograph,00648,00648/00648_941031_fb.ppm,1,110,78,1,1
P1,FERET,evaluation,one_enrollment_photograph,00650,00650/00650_941031_fb.ppm,1,77,78,0,0
P1,FERET,evaluation,one_enrollment_photograph,00654,00654/00654_941031_fb.ppm,1,71,78,0,0
P1,FERET,evaluation,one_enrollment_photograph,00655,00655/00655_941031_fb.ppm,1,82,78,1,1
P1,FERET,evaluation,one_enrollment_photograph,00657,00657/00657_941121_fb.ppm,0,66,78,0,1
P1,FERET,evaluation,one_enrollment_photograph,00659,00659/00659_941121_fb.ppm,1,60,78,0,0
P1,FERET,evaluation,one_enrollment_photograph,00664,00664/00664_941121_fb.ppm,1,69,78,0,0
P1,FERET,evaluation,one_enrollment_photograph,00671,00671/00671_941121_fb.ppm,1,72,78,0,0
P1,FERET,evaluation,one_enrollment_photograph,00672,00672/00672_941121_fb.ppm,1,69,78,0,0
P1,FERET,evaluation,one_enrollment_photograph,00674,00674/00674_941121_fb.ppm,1,80,78,1,1
P1,FERET,evaluation,one_enrollment_photograph,00676,00676/00676_941121_fb.ppm,1,89,78,1,1
P1,FERET,evaluation,one_enrollment_photograph,00677,00677/00677_941121_fb.ppm,0,63,78,0,1
P1,FERET,evaluation,one_enrollment_photograph,00678,00678/00678_941121_fb.ppm,1,72,78,0,0
P1,FERET,evaluation,one_enrollment_photograph,00680,00680/00680_941121_fb.ppm,1,81,78,1,1
P1,FERET,evaluation,one_enrollment_photograph,00682,00682/00682_941121_fb.ppm,1,83,78,1,1
P1,FERET,evaluation,one_enrollment_photograph,00683,00683/00683_941121_fb.ppm,1,60,78,0,0
P1,FERET,evaluation,one_enrollment_photograph,00684,00684/00684_941121_fb.ppm,1,78,78,1,1
P1,FERET,evaluation,one_enrollment_photograph,00685,00685/00685_941121_fb.ppm,0,68,78,0,1
P1,FERET,evaluation,one_enrollment_photograph,00686,00686/00686_941121_fb.ppm,1,85,78,1,1
P1,FERET,evaluation,one_enrollment_photograph,00689,00689/00689_941121_fb.ppm,1,114,78,1,1
P1,FERET,evaluation,one_enrollment_photograph,00690,00690/00690_941121_fb.ppm,0,65,78,0,1
P1,FERET,evaluation,one_enrollment_photograph,00691,00691/00691_941121_fb.ppm,1,72,78,0,0
P1,FERET,evaluation,one_enrollment_photograph,00692,00692/00692_941121_fb.ppm,1,65,78,0,0
P1,FERET,evaluation,one_enrollment_photograph,00694,00694/00694_941121_fb.ppm,1,87,78,1,1
P1,FERET,evaluation,one_enrollment_photograph,00695,00695/00695_941121_fb.ppm,0,76,78,0,1
P1,FERET,evaluation,one_enrollment_photograph,00697,00697/00697_941121_fb.ppm,1,68,78,0,0
P1,FERET,evaluation,one_enrollment_photograph,00699,00699/00699_941121_fb.ppm,1,81,78,1,1
P1,FERET,evaluation,one_enrollment_photograph,00700,00700/00700_941121_fb.ppm,1,117,78,1,1
P1,FERET,evaluation,one_enrollment_photograph,00705,00705/00705_941201_fb.ppm,0,72,78,0,1
P1,FERET,evaluation,one_enrollment_photograph,00708,00708/00708_941201_fb.ppm,1,61,78,0,0
P1,FERET,evaluation,one_enrollment_photograph,00709,00709/00709_941201_fb.ppm,1,68,78,0,0
P1,FERET,evaluation,one_enrollment_photograph,00711,00711/00711_941201_fb.ppm,1,68,78,0,0
P1,FERET,evaluation,one_enrollment_photograph,00712,00712/00712_941201_fb.ppm,0,70,78,0,1
P1,FERET,evaluation,one_enrollment_photograph,00714,00714/00714_941201_fb.ppm,1,58,78,0,0
P1,FERET,evaluation,one_enrollment_photograph,00716,00716/00716_941201_fb.ppm,1,78,78,1,1
P1,FERET,evaluation,one_enrollment_photograph,00719,00719/00719_941201_fb.ppm,1,96,78,1,1
P1,FERET,evaluation,one_enrollment_photograph,00720,00720/00720_941201_fb.ppm,1,69,78,0,0
P1,FERET,evaluation,one_enrollment_photograph,00721,00721/00721_941201_fb.ppm,1,78,78,1,1
P1,FERET,evaluation,one_enrollment_photograph,00723,00723/00723_941201_fb.ppm,1,82,78,1,1
P1,FERET,evaluation,one_enrollment_photograph,00725,00725/00725_941201_fb.ppm,1,86,78,1,1
P1,FERET,evaluation,one_enrollment_photograph,00726,00726/00726_941201_fb.ppm,1,79,78,1,1
P1,FERET,evaluation,one_enrollment_photograph,00729,00729/00729_941201_fb.ppm,1,78,78,1,1
P1,FERET,evaluation,one_enrollment_photograph,00731,00731/00731_941201_fb.ppm,1,79,78,1,1
P1,FERET,evaluation,one_enrollment_photograph,00735,00735/00735_941201_fb.ppm,1,60,78,0,0
P1,FERET,evaluation,one_enrollment_photograph,00736,00736/00736_941201_fb.ppm,1,70,78,0,0
P1,FERET,evaluation,one_enrollment_photograph,00737,00737/00737_941201_fb.ppm,1,75,78,0,0
P1,FERET,evaluation,one_enrollment_photograph,00740,00740/00740_941201_fb.ppm,1,74,78,0,0
P1,FERET,evaluation,one_enrollment_photograph,00746,00746/00746_941201_fb.ppm,1,67,78,0,0
P1,FERET,evaluation,one_enrollment_photograph,00749,00749/00749_941201_fb.ppm,1,69,78,0,0
P1,FERET,evaluation,one_enrollment_photograph,00753,00753/00753_941201_fb.ppm,1,75,78,0,0
P1,FERET,evaluation,one_enrollment_photograph,00756,00756/00756_941201_fb.ppm,1,70,78,0,0
P1,FERET,evaluation,one_enrollment_photograph,00757,00757/00757_941201_fb.ppm,1,88,78,1,1
P1,FERET,evaluation,one_enrollment_photograph,00760,00760/00760_941201_fb.ppm,1,73,78,0,0
P1,FERET,evaluation,one_enrollment_photograph,00763,00763/00763_941201_fb.ppm,1,67,78,0,0
P1,FERET,evaluation,one_enrollment_photograph,00765,00765/00765_941201_fb.ppm,1,63,78,0,0
P1,FERET,evaluation,one_enrollment_photograph,00766,00766/00766_941201_fb.ppm,0,79,78,1,0
P1,FERET,evaluation,one_enrollment_photograph,00767,00767/00767_941201_fb.ppm,1,79,78,1,1
P1,FERET,evaluation,one_enrollment_photograph,00769,00769/00769_941201_fb.ppm,1,65,78,0,0
P1,FERET,evaluation,one_enrollment_photograph,00771,00771/00771_941201_fb.ppm,1,67,78,0,0
P1,FERET,evaluation,one_enrollment_photograph,00775,00775/00775_941205_fb.ppm,1,69,78,0,0
P1,FERET,evaluation,one_enrollment_photograph,00776,00776/00776_941205_fb.ppm,1,79,78,1,1
P1,FERET,evaluation,one_enrollment_photograph,00778,00778/00778_941205_fb.ppm,0,85,78,1,0
P1,FERET,evaluation,one_enrollment_photograph,00782,00782/00782_941205_fb.ppm,1,101,78,1,1
P1,FERET,evaluation,one_enrollment_photograph,00786,00786/00786_941205_fb.ppm,1,64,78,0,0
P1,FERET,evaluation,one_enrollment_photograph,00787,00787/00787_941205_fb.ppm,0,83,78,1,0
P1,FERET,evaluation,one_enrollment_photograph,00788,00788/00788_941205_fb.ppm,0,64,78,0,1
P1,FERET,evaluation,one_enrollment_photograph,00790,00790/00790_941205_fb.ppm,1,84,78,1,1
P1,FERET,evaluation,one_enrollment_photograph,00793,00793/00793_941205_fb.ppm,1,78,78,1,1
P1,FERET,evaluation,one_enrollment_photograph,00795,00795/00795_941205_fb.ppm,0,70,78,0,1
P1,FERET,evaluation,one_enrollment_photograph,00798,00798/00798_941205_fb.ppm,1,78,78,1,1
P1,FERET,evaluation,one_enrollment_photograph,00801,00801/00801_941205_fb.ppm,1,83,78,1,1
P1,FERET,evaluation,one_enrollment_photograph,00802,00802/00802_941205_fb.ppm,1,55,78,0,0
P1,FERET,evaluation,one_enrollment_photograph,00803,00803/00803_941205_fb.ppm,1,67,78,0,0
P1,FERET,evaluation,one_enrollment_photograph,00804,00804/00804_941205_fb.ppm,1,72,78,0,0
P1,FERET,evaluation,one_enrollment_photograph,00805,00805/00805_941205_fb.ppm,1,87,78,1,1
P1,FERET,evaluation,one_enrollment_photograph,00806,00806/00806_941205_fb.ppm,0,75,78,0,1
P1,FERET,evaluation,one_enrollment_photograph,00810,00810/00810_941205_fb.ppm,1,71,78,0,0
P1,FERET,evaluation,one_enrollment_photograph,00811,00811/00811_941205_fb.ppm,0,79,78,1,0
P1,FERET,evaluation,one_enrollment_photograph,00812,00812/00812_941205_fb.ppm,1,74,78,0,0
P1,FERET,evaluation,one_enrollment_photograph,00817,00817/00817_941205_fb.ppm,0,74,78,0,1
P1,FERET,evaluation,one_enrollment_photograph,00818,00818/00818_940307_fb.ppm,1,77,78,0,0
P1,FERET,evaluation,one_enrollment_photograph,00819,00819/00819_940307_fb.ppm,1,92,78,1,1
P1,FERET,evaluation,one_enrollment_photograph,00821,00821/00821_940307_fb.ppm,1,80,78,1,1
P1,FERET,evaluation,one_enrollment_photograph,00822,00822/00822_940307_fb.ppm,0,79,78,1,0
P1,FERET,evaluation,one_enrollment_photograph,00825,00825/00825_940307_fb.ppm,1,96,78,1,1
P1,FERET,evaluation,one_enrollment_photograph,00836,00836/00836_940307_fb.ppm,1,103,78,1,1
P1,FERET,evaluation,one_enrollment_photograph,00837,00837/00837_940307_fb.ppm,1,62,78,0,0
P1,FERET,evaluation,one_enrollment_photograph,00839,00839/00839_940307_fb.ppm,1,95,78,1,1
P1,FERET,evaluation,one_enrollment_photograph,00841,00841/00841_940307_fb.ppm,1,96,78,1,1
P1,FERET,evaluation,one_enrollment_photograph,00845,00845/00845_940307_fb.ppm,1,101,78,1,1
P1,FERET,evaluation,one_enrollment_photograph,00846,00846/00846_940307_fb.ppm,1,89,78,1,1
P1,FERET,evaluation,one_enrollment_photograph,00847,00847/00847_940307_fb.ppm,1,99,78,1,1
P1,FERET,evaluation,one_enrollment_photograph,00848,00848/00848_940307_fb.ppm,1,81,78,1,1
P1,FERET,evaluation,one_enrollment_photograph,00850,00850/00850_940307_fb.ppm,1,91,78,1,1
P1,FERET,evaluation,one_enrollment_photograph,00852,00852/00852_940307_fb.ppm,1,99,78,1,1
P1,FERET,evaluation,one_enrollment_photograph,00853,00853/00853_940307_fb.ppm,1,95,78,1,1
P1,FERET,evaluation,one_enrollment_photograph,00855,00855/00855_940307_fb.ppm,0,91,78,1,0
P1,FERET,evaluation,one_enrollment_photograph,00857,00857/00857_940307_fb.ppm,1,84,78,1,1
P1,FERET,evaluation,one_enrollment_photograph,00858,00858/00858_940307_fb.ppm,1,89,78,1,1
P1,FERET,evaluation,one_enrollment_photograph,00861,00861/00861_940307_fb.ppm,0,90,78,1,0
P1,FERET,evaluation,one_enrollment_photograph,00863,00863/00863_940307_fb.ppm,1,100,78,1,1
P1,FERET,evaluation,one_enrollment_photograph,00870,00870/00870_940307_fb.ppm,0,94,78,1,0
P1,FERET,evaluation,one_enrollment_photograph,00871,00871/00871_940307_fb.ppm,1,82,78,1,1
P1,FERET,evaluation,one_enrollment_photograph,00874,00874/00874_940307_fb.ppm,0,78,78,1,0
P1,FERET,evaluation,one_enrollment_photograph,00875,00875/00875_940307_fb.ppm,1,73,78,0,0
P1,FERET,evaluation,one_enrollment_photograph,00877,00877/00877_960530_fb.ppm,1,92,78,1,1
P1,FERET,evaluation,one_enrollment_photograph,00886,00886/00886_960530_fb.ppm,1,89,78,1,1
P1,FERET,evaluation,one_enrollment_photograph,00887,00887/00887_960530_fb.ppm,1,85,78,1,1
P1,FERET,evaluation,one_enrollment_photograph,00888,00888/00888_960530_fb.ppm,1,85,78,1,1
P1,FERET,evaluation,one_enrollment_photograph,00889,00889/00889_960530_fb.ppm,0,94,78,1,0
P1,FERET,evaluation,one_enrollment_photograph,00890,00890/00890_960530_fb.ppm,1,81,78,1,1
P1,FERET,evaluation,one_enrollment_photograph,00892,00892/00892_960530_fb.ppm,1,95,78,1,1
P1,FERET,evaluation,one_enrollment_photograph,00895,00895/00895_960530_fb.ppm,0,53,78,0,1
P1,FERET,evaluation,one_enrollment_photograph,00901,00901/00901_960530_fb.ppm,1,87,78,1,1
P1,FERET,evaluation,one_enrollment_photograph,00908,00908/00908_960530_fb.ppm,1,90,78,1,1
P1,FERET,evaluation,one_enrollment_photograph,00909,00909/00909_960530_fb.ppm,1,64,78,0,0
P1,FERET,evaluation,one_enrollment_photograph,00911,00911/00911_960530_fb.ppm,0,66,78,0,1
P1,FERET,evaluation,one_enrollment_photograph,00913,00913/00913_960530_fb.ppm,1,63,78,0,0
P1,FERET,evaluation,one_enrollment_photograph,00914,00914/00914_960620_fb.ppm,1,62,78,0,0
P1,FERET,evaluation,one_enrollment_photograph,00915,00915/00915_960620_fb.ppm,1,66,78,0,0
P1,FERET,evaluation,one_enrollment_photograph,00917,00917/00917_960620_fb.ppm,0,74,78,0,1
P1,FERET,evaluation,one_enrollment_photograph,00918,00918/00918_960620_fb.ppm,1,72,78,0,0
P1,FERET,evaluation,one_enrollment_photograph,00919,00919/00919_960620_fb.ppm,1,87,78,1,1
P1,FERET,evaluation,one_enrollment_photograph,00920,00920/00920_960627_fb.ppm,1,72,78,0,0
P1,FERET,evaluation,one_enrollment_photograph,00921,00921/00921_960627_fb.ppm,0,79,78,1,0
P1,FERET,evaluation,one_enrollment_photograph,00923,00923/00923_960627_fb.ppm,0,84,78,1,0
P1,FERET,evaluation,one_enrollment_photograph,00925,00925/00925_960627_fb.ppm,0,77,78,0,1
P1,FERET,evaluation,one_enrollment_photograph,00927,00927/00927_960627_fb.ppm,1,82,78,1,1
P1,FERET,evaluation,one_enrollment_photograph,00929,00929/00929_960627_fb.ppm,1,70,78,0,0
P1,FERET,evaluation,one_enrollment_photograph,00932,00932/00932_960627_fb.ppm,1,81,78,1,1
P1,FERET,evaluation,one_enrollment_photograph,00936,00936/00936_960627_fb.ppm,0,86,78,1,0
P1,FERET,evaluation,one_enrollment_photograph,00937,00937/00937_960627_fb.ppm,1,85,78,1,1
P1,FERET,evaluation,one_enrollment_photograph,00943,00943/00943_960627_fb.ppm,1,82,78,1,1
P1,FERET,evaluation,one_enrollment_photograph,00945,00945/00945_960627_fb.ppm,1,66,78,0,0
P1,FERET,evaluation,one_enrollment_photograph,00948,00948/00948_960627_fb.ppm,1,77,78,0,0
P1,FERET,evaluation,one_enrollment_photograph,00952,00952/00952_960627_fb.ppm,1,72,78,0,0
P1,FERET,evaluation,one_enrollment_photograph,00961,00961/00961_960627_fb.ppm,0,103,78,1,0
P1,FERET,evaluation,one_enrollment_photograph,00967,00967/00967_960627_fb.ppm,0,83,78,1,0
P1,FERET,evaluation,one_enrollment_photograph,00969,00969/00969_960627_fb.ppm,1,80,78,1,1
P1,FERET,evaluation,one_enrollment_photograph,00974,00974/00974_960627_fb.ppm,1,70,78,0,0
P1,FERET,evaluation,one_enrollment_photograph,00977,00977/00977_960627_fb.ppm,1,71,78,0,0
P1,FERET,evaluation,one_enrollment_photograph,00978,00978/00978_960627_fb.ppm,1,63,78,0,0
P1,FERET,evaluation,one_enrollment_photograph,00979,00979/00979_960627_fb.ppm,1,84,78,1,1
P1,FERET,evaluation,one_enrollment_photograph,00981,00981/00981_960627_fb.ppm,0,77,78,0,1
P1,FERET,evaluation,one_enrollment_photograph,00983,00983/00983_960627_fb.ppm,0,73,78,0,1
P1,FERET,evaluation,one_enrollment_photograph,00987,00987/00987_960627_fb.ppm,0,73,78,0,1
P1,FERET,evaluation,one_enrollment_photograph,00990,00990/00990_960627_fb.ppm,1,83,78,1,1
P1,FERET,evaluation,one_enrollment_photograph,00991,00991/00991_960627_fb.ppm,0,57,78,0,1
P1,FERET,evaluation,one_enrollment_photograph,00992,00992/00992_960627_fb.ppm,1,79,78,1,1
P1,FERET,evaluation,one_enrollment_photograph,00996,00996/00996_960627_fb.ppm,1,75,78,0,0
P1,FERET,evaluation,one_enrollment_photograph,00997,00997/00997_960627_fb.ppm,0,83,78,1,0
P1,FERET,evaluation,one_enrollment_photograph,00999,00999/00999_960627_fb.ppm,1,73,78,0,0
P1,FERET,evaluation,one_enrollment_photograph,01002,01002/01002_960627_fb.ppm,1,59,78,0,0
P1,FERET,evaluation,one_enrollment_photograph,01003,01003/01003_960627_fb.ppm,0,74,78,0,1
P1,FERET,evaluation,one_enrollment_photograph,01004,01004/01004_960627_fb.ppm,0,68,78,0,1
P1,FERET,evaluation,one_enrollment_photograph,01009,01009/01009_960627_fb.ppm,1,69,78,0,0
P1,FERET,evaluation,one_enrollment_photograph,01012,01012/01012_960627_fb.ppm,1,51,78,0,0
P1,FERET,evaluation,one_enrollment_photograph,01207,01207/01207_940128_fb.ppm,1,112,78,1,1
P2,FERET,evaluation,one_enrollment_photograph,00002,00002/00002_930831_fb.ppm,1,19,11,1,1
P2,FERET,evaluation,one_enrollment_photograph,00006,00006/00006_931230_fb.ppm,1,20,11,1,1
P2,FERET,evaluation,one_enrollment_photograph,00010,00010/00010_930831_fb.ppm,1,27,11,1,1
P2,FERET,evaluation,one_enrollment_photograph,00012,00012/00012_930831_fb.ppm,1,25,11,1,1
P2,FERET,evaluation,one_enrollment_photograph,00013,00013/00013_930831_fb.ppm,1,15,11,1,1
P2,FERET,evaluation,one_enrollment_photograph,00014,00014/00014_930831_fb.ppm,1,15,11,1,1
P2,FERET,evaluation,one_enrollment_photograph,00015,00015/00015_930831_fb.ppm,1,16,11,1,1
P2,FERET,evaluation,one_enrollment_photograph,00016,00016/00016_930831_fb.ppm,1,22,11,1,1
P2,FERET,evaluation,one_enrollment_photograph,00017,00017/00017_930831_fb.ppm,1,13,11,1,1
P2,FERET,evaluation,one_enrollment_photograph,00021,00021/00021_930831_fb.ppm,1,11,11,1,1
P2,FERET,evaluation,one_enrollment_photograph,00022,00022/00022_930831_fb.ppm,0,17,11,1,0
P2,FERET,evaluation,one_enrollment_photograph,00023,00023/00023_930831_fb.ppm,1,12,11,1,1
P2,FERET,evaluation,one_enrollment_photograph,00026,00026/00026_930831_fb.ppm,0,13,11,1,0
P2,FERET,evaluation,one_enrollment_photograph,00028,00028/00028_930831_fb.ppm,1,22,11,1,1
P2,FERET,evaluation,one_enrollment_photograph,00033,00033/00033_930831_fb.ppm,1,19,11,1,1
P2,FERET,evaluation,one_enrollment_photograph,00038,00038/00038_930831_fb.ppm,1,26,11,1,1
P2,FERET,evaluation,one_enrollment_photograph,00040,00040/00040_930831_fb.ppm,1,8,11,0,0
P2,FERET,evaluation,one_enrollment_photograph,00041,00041/00041_930831_fb.ppm,1,14,11,1,1
P2,FERET,evaluation,one_enrollment_photograph,00051,00051/00051_931230_fb.ppm,0,9,11,0,1
P2,FERET,evaluation,one_enrollment_photograph,00053,00053/00053_931230_fb.ppm,1,18,11,1,1
P2,FERET,evaluation,one_enrollment_photograph,00056,00056/00056_931230_fb.ppm,1,17,11,1,1
P2,FERET,evaluation,one_enrollment_photograph,00059,00059/00059_931230_fb.ppm,1,17,11,1,1
P2,FERET,evaluation,one_enrollment_photograph,00060,00060/00060_931230_fb.ppm,1,20,11,1,1
P2,FERET,evaluation,one_enrollment_photograph,00061,00061/00061_931230_fb.ppm,1,21,11,1,1
P2,FERET,evaluation,one_enrollment_photograph,00063,00063/00063_931230_fb.ppm,1,15,11,1,1
P2,FERET,evaluation,one_enrollment_photograph,00065,00065/00065_931230_fb.ppm,1,20,11,1,1
P2,FERET,evaluation,one_enrollment_photograph,00068,00068/00068_931230_fb.ppm,1,17,11,1,1
P2,FERET,evaluation,one_enrollment_photograph,00070,00070/00070_931230_fb.ppm,1,13,11,1,1
P2,FERET,evaluation,one_enrollment_photograph,00072,00072/00072_931230_fb.ppm,0,9,11,0,1
P2,FERET,evaluation,one_enrollment_photograph,00073,00073/00073_931230_fb.ppm,1,24,11,1,1
P2,FERET,evaluation,one_enrollment_photograph,00076,00076/00076_931230_fb.ppm,1,19,11,1,1
P2,FERET,evaluation,one_enrollment_photograph,00077,00077/00077_931230_fb.ppm,1,23,11,1,1
P2,FERET,evaluation,one_enrollment_photograph,00081,00081/00081_931230_fb.ppm,0,15,11,1,0
P2,FERET,evaluation,one_enrollment_photograph,00092,00092/00092_931230_fb.ppm,0,11,11,1,0
P2,FERET,evaluation,one_enrollment_photograph,00093,00093/00093_931230_fb.ppm,1,17,11,1,1
P2,FERET,evaluation,one_enrollment_photograph,00102,00102/00102_931230_fb.ppm,0,9,11,0,1
P2,FERET,evaluation,one_enrollment_photograph,00105,00105/00105_931230_fb.ppm,1,20,11,1,1
P2,FERET,evaluation,one_enrollment_photograph,00107,00107/00107_931230_fb.ppm,1,17,11,1,1
P2,FERET,evaluation,one_enrollment_photograph,00108,00108/00108_931230_fb.ppm,1,18,11,1,1
P2,FERET,evaluation,one_enrollment_photograph,00109,00109/00109_931230_fb.ppm,1,16,11,1,1
P2,FERET,evaluation,one_enrollment_photograph,00111,00111/00111_931230_fb.ppm,0,22,11,1,0
P2,FERET,evaluation,one_enrollment_photograph,00112,00112/00112_931230_fb.ppm,1,14,11,1,1
P2,FERET,evaluation,one_enrollment_photograph,00115,00115/00115_931230_fb.ppm,0,15,11,1,0
P2,FERET,evaluation,one_enrollment_photograph,00116,00116/00116_931230_fb.ppm,1,19,11,1,1
P2,FERET,evaluation,one_enrollment_photograph,00119,00119/00119_931230_fb.ppm,1,19,11,1,1
P2,FERET,evaluation,one_enrollment_photograph,00120,00120/00120_931230_fb.ppm,1,19,11,1,1
P2,FERET,evaluation,one_enrollment_photograph,00125,00125/00125_931230_fb.ppm,1,15,11,1,1
P2,FERET,evaluation,one_enrollment_photograph,00126,00126/00126_931230_fb.ppm,1,23,11,1,1
P2,FERET,evaluation,one_enrollment_photograph,00129,00129/00129_931230_fb.ppm,1,29,11,1,1
P2,FERET,evaluation,one_enrollment_photograph,00131,00131/00131_931230_fb.ppm,1,11,11,1,1
P2,FERET,evaluation,one_enrollment_photograph,00132,00132/00132_931230_fb.ppm,1,21,11,1,1
P2,FERET,evaluation,one_enrollment_photograph,00136,00136/00136_931230_fb.ppm,1,11,11,1,1
P2,FERET,evaluation,one_enrollment_photograph,00139,00139/00139_931230_fb.ppm,0,19,11,1,0
P2,FERET,evaluation,one_enrollment_photograph,00141,00141/00141_931230_fb.ppm,1,16,11,1,1
P2,FERET,evaluation,one_enrollment_photograph,00148,00148/00148_931230_fb.ppm,1,23,11,1,1
P2,FERET,evaluation,one_enrollment_photograph,00157,00157/00157_940928_fb.ppm,0,15,11,1,0
P2,FERET,evaluation,one_enrollment_photograph,00162,00162/00162_931230_fb.ppm,1,20,11,1,1
P2,FERET,evaluation,one_enrollment_photograph,00163,00163/00163_931230_fb.ppm,1,26,11,1,1
P2,FERET,evaluation,one_enrollment_photograph,00166,00166/00166_931230_fb.ppm,1,21,11,1,1
P2,FERET,evaluation,one_enrollment_photograph,00167,00167/00167_931230_fb.ppm,1,13,11,1,1
P2,FERET,evaluation,one_enrollment_photograph,00170,00170/00170_931230_fb.ppm,0,14,11,1,0
P2,FERET,evaluation,one_enrollment_photograph,00180,00180/00180_931230_fb.ppm,1,14,11,1,1
P2,FERET,evaluation,one_enrollment_photograph,00181,00181/00181_931230_fb.ppm,1,20,11,1,1
P2,FERET,evaluation,one_enrollment_photograph,00183,00183/00183_940128_fb.ppm,1,24,11,1,1
P2,FERET,evaluation,one_enrollment_photograph,00185,00185/00185_940128_fb.ppm,1,9,11,0,0
P2,FERET,evaluation,one_enrollment_photograph,00188,00188/00188_940128_fb.ppm,0,12,11,1,0
P2,FERET,evaluation,one_enrollment_photograph,00190,00190/00190_940128_fb.ppm,1,22,11,1,1
P2,FERET,evaluation,one_enrollment_photograph,00192,00192/00192_940128_fb.ppm,1,16,11,1,1
P2,FERET,evaluation,one_enrollment_photograph,00198,00198/00198_940128_fb.ppm,1,20,11,1,1
P2,FERET,evaluation,one_enrollment_photograph,00199,00199/00199_940128_fb.ppm,1,16,11,1,1
P2,FERET,evaluation,one_enrollment_photograph,00200,00200/00200_940128_fb.ppm,1,20,11,1,1
P2,FERET,evaluation,one_enrollment_photograph,00201,00201/00201_940128_fb.ppm,1,14,11,1,1
P2,FERET,evaluation,one_enrollment_photograph,00203,00203/00203_940128_fb.ppm,1,20,11,1,1
P2,FERET,evaluation,one_enrollment_photograph,00205,00205/00205_940128_fb.ppm,0,15,11,1,0
P2,FERET,evaluation,one_enrollment_photograph,00207,00207/00207_940128_fb.ppm,1,23,11,1,1
P2,FERET,evaluation,one_enrollment_photograph,00210,00210/00210_940128_fb.ppm,1,18,11,1,1
P2,FERET,evaluation,one_enrollment_photograph,00214,00214/00214_940128_fb.ppm,1,11,11,1,1
P2,FERET,evaluation,one_enrollment_photograph,00216,00216/00216_940128_fb.ppm,1,16,11,1,1
P2,FERET,evaluation,one_enrollment_photograph,00222,00222/00222_940128_fb.ppm,1,18,11,1,1
P2,FERET,evaluation,one_enrollment_photograph,00223,00223/00223_940128_fb.ppm,1,31,11,1,1
P2,FERET,evaluation,one_enrollment_photograph,00230,00230/00230_940128_fb.ppm,1,21,11,1,1
P2,FERET,evaluation,one_enrollment_photograph,00231,00231/00231_940128_fb.ppm,0,11,11,1,0
P2,FERET,evaluation,one_enrollment_photograph,00239,00239/00239_940128_fb.ppm,1,22,11,1,1
P2,FERET,evaluation,one_enrollment_photograph,00242,00242/00242_940128_fb.ppm,0,17,11,1,0
P2,FERET,evaluation,one_enrollment_photograph,00244,00244/00244_940128_fb.ppm,0,6,11,0,1
P2,FERET,evaluation,one_enrollment_photograph,00250,00250/00250_940128_fb.ppm,0,15,11,1,0
P2,FERET,evaluation,one_enrollment_photograph,00251,00251/00251_940128_fb.ppm,1,15,11,1,1
P2,FERET,evaluation,one_enrollment_photograph,00253,00253/00253_940128_fb.ppm,1,25,11,1,1
P2,FERET,evaluation,one_enrollment_photograph,00254,00254/00254_940128_fb.ppm,1,25,11,1,1
P2,FERET,evaluation,one_enrollment_photograph,00256,00256/00256_940128_fb.ppm,1,25,11,1,1
P2,FERET,evaluation,one_enrollment_photograph,00257,00257/00257_940128_fb.ppm,1,26,11,1,1
P2,FERET,evaluation,one_enrollment_photograph,00260,00260/00260_940128_fb.ppm,0,11,11,1,0
P2,FERET,evaluation,one_enrollment_photograph,00263,00263/00263_940128_fb.ppm,0,9,11,0,1
P2,FERET,evaluation,one_enrollment_photograph,00264,00264/00264_940128_fb.ppm,0,11,11,1,0
P2,FERET,evaluation,one_enrollment_photograph,00267,00267/00267_940128_fb.ppm,0,18,11,1,0
P2,FERET,evaluation,one_enrollment_photograph,00269,00269/00269_940422_fb.ppm,1,17,11,1,1
P2,FERET,evaluation,one_enrollment_photograph,00270,00270/00270_940422_fb.ppm,1,17,11,1,1
P2,FERET,evaluation,one_enrollment_photograph,00272,00272/00272_940422_fb.ppm,1,21,11,1,1
P2,FERET,evaluation,one_enrollment_photograph,00280,00280/00280_940422_fb.ppm,1,13,11,1,1
P2,FERET,evaluation,one_enrollment_photograph,00282,00282/00282_940422_fb.ppm,1,23,11,1,1
P2,FERET,evaluation,one_enrollment_photograph,00284,00284/00284_940422_fb.ppm,0,20,11,1,0
P2,FERET,evaluation,one_enrollment_photograph,00286,00286/00286_940422_fb.ppm,1,17,11,1,1
P2,FERET,evaluation,one_enrollment_photograph,00290,00290/00290_940422_fb.ppm,1,7,11,0,0
P2,FERET,evaluation,one_enrollment_photograph,00293,00293/00293_940422_fb.ppm,0,13,11,1,0
P2,FERET,evaluation,one_enrollment_photograph,00294,00294/00294_940422_fb.ppm,1,11,11,1,1
P2,FERET,evaluation,one_enrollment_photograph,00295,00295/00295_940422_fb.ppm,1,25,11,1,1
P2,FERET,evaluation,one_enrollment_photograph,00296,00296/00296_940422_fb.ppm,1,14,11,1,1
P2,FERET,evaluation,one_enrollment_photograph,00301,00301/00301_940422_fb.ppm,0,18,11,1,0
P2,FERET,evaluation,one_enrollment_photograph,00303,00303/00303_940422_fb.ppm,1,18,11,1,1
P2,FERET,evaluation,one_enrollment_photograph,00304,00304/00304_940422_fb.ppm,1,17,11,1,1
P2,FERET,evaluation,one_enrollment_photograph,00306,00306/00306_940422_fb.ppm,1,16,11,1,1
P2,FERET,evaluation,one_enrollment_photograph,00307,00307/00307_940422_fb.ppm,1,18,11,1,1
P2,FERET,evaluation,one_enrollment_photograph,00308,00308/00308_940422_fb.ppm,1,21,11,1,1
P2,FERET,evaluation,one_enrollment_photograph,00309,00309/00309_940422_fb.ppm,1,15,11,1,1
P2,FERET,evaluation,one_enrollment_photograph,00310,00310/00310_940422_fb.ppm,1,17,11,1,1
P2,FERET,evaluation,one_enrollment_photograph,00311,00311/00311_940422_fb.ppm,1,13,11,1,1
P2,FERET,evaluation,one_enrollment_photograph,00313,00313/00313_940422_fb.ppm,1,26,11,1,1
P2,FERET,evaluation,one_enrollment_photograph,00314,00314/00314_940422_fb.ppm,0,13,11,1,0
P2,FERET,evaluation,one_enrollment_photograph,00316,00316/00316_940422_fb.ppm,1,12,11,1,1
P2,FERET,evaluation,one_enrollment_photograph,00317,00317/00317_940422_fb.ppm,0,18,11,1,0
P2,FERET,evaluation,one_enrollment_photograph,00318,00318/00318_940422_fb.ppm,0,14,11,1,0
P2,FERET,evaluation,one_enrollment_photograph,00319,00319/00319_940422_fb.ppm,1,15,11,1,1
P2,FERET,evaluation,one_enrollment_photograph,00321,00321/00321_940422_fb.ppm,0,12,11,1,0
P2,FERET,evaluation,one_enrollment_photograph,00325,00325/00325_940422_fb.ppm,1,22,11,1,1
P2,FERET,evaluation,one_enrollment_photograph,00329,00329/00329_940422_fb.ppm,1,8,11,0,0
P2,FERET,evaluation,one_enrollment_photograph,00330,00330/00330_940422_fb.ppm,0,11,11,1,0
P2,FERET,evaluation,one_enrollment_photograph,00333,00333/00333_940422_fb.ppm,1,12,11,1,1
P2,FERET,evaluation,one_enrollment_photograph,00335,00335/00335_940422_fb.ppm,0,16,11,1,0
P2,FERET,evaluation,one_enrollment_photograph,00336,00336/00336_940422_fb.ppm,1,18,11,1,1
P2,FERET,evaluation,one_enrollment_photograph,00338,00338/00338_940422_fb.ppm,0,13,11,1,0
P2,FERET,evaluation,one_enrollment_photograph,00348,00348/00348_940422_fb.ppm,1,28,11,1,1
P2,FERET,evaluation,one_enrollment_photograph,00355,00355/00355_940422_fb.ppm,0,15,11,1,0
P2,FERET,evaluation,one_enrollment_photograph,00358,00358/00358_940422_fb.ppm,1,23,11,1,1
P2,FERET,evaluation,one_enrollment_photograph,00362,00362/00362_940422_fb.ppm,1,18,11,1,1
P2,FERET,evaluation,one_enrollment_photograph,00365,00365/00365_940422_fb.ppm,1,18,11,1,1
P2,FERET,evaluation,one_enrollment_photograph,00367,00367/00367_940422_fb.ppm,0,14,11,1,0
P2,FERET,evaluation,one_enrollment_photograph,00371,00371/00371_940422_fb.ppm,1,17,11,1,1
P2,FERET,evaluation,one_enrollment_photograph,00373,00373/00373_940422_fb.ppm,0,15,11,1,0
P2,FERET,evaluation,one_enrollment_photograph,00376,00376/00376_940422_fb.ppm,1,11,11,1,1
P2,FERET,evaluation,one_enrollment_photograph,00378,00378/00378_940422_fb.ppm,1,13,11,1,1
P2,FERET,evaluation,one_enrollment_photograph,00384,00384/00384_940422_fb.ppm,1,16,11,1,1
P2,FERET,evaluation,one_enrollment_photograph,00386,00386/00386_940422_fb.ppm,1,15,11,1,1
P2,FERET,evaluation,one_enrollment_photograph,00387,00387/00387_940422_fb.ppm,1,15,11,1,1
P2,FERET,evaluation,one_enrollment_photograph,00389,00389/00389_940422_fb.ppm,1,16,11,1,1
P2,FERET,evaluation,one_enrollment_photograph,00395,00395/00395_940422_fb.ppm,0,14,11,1,0
P2,FERET,evaluation,one_enrollment_photograph,00397,00397/00397_940422_fb.ppm,1,20,11,1,1
P2,FERET,evaluation,one_enrollment_photograph,00398,00398/00398_940422_fb.ppm,1,18,11,1,1
P2,FERET,evaluation,one_enrollment_photograph,00399,00399/00399_940422_fb.ppm,1,19,11,1,1
P2,FERET,evaluation,one_enrollment_photograph,00400,00400/00400_940422_fb.ppm,0,18,11,1,0
P2,FERET,evaluation,one_enrollment_photograph,00401,00401/00401_940422_fb.ppm,1,14,11,1,1
P2,FERET,evaluation,one_enrollment_photograph,00405,00405/00405_940422_fb.ppm,1,17,11,1,1
P2,FERET,evaluation,one_enrollment_photograph,00407,00407/00407_940422_fb.ppm,1,17,11,1,1
P2,FERET,evaluation,one_enrollment_photograph,00408,00408/00408_940422_fb.ppm,1,18,11,1,1
P2,FERET,evaluation,one_enrollment_photograph,00409,00409/00409_940422_fb.ppm,1,21,11,1,1
P2,FERET,evaluation,one_enrollment_photograph,00410,00410/00410_940422_fb.ppm,0,17,11,1,0
P2,FERET,evaluation,one_enrollment_photograph,00413,00413/00413_940422_fb.ppm,1,19,11,1,1
P2,FERET,evaluation,one_enrollment_photograph,00414,00414/00414_940422_fb.ppm,1,15,11,1,1
P2,FERET,evaluation,one_enrollment_photograph,00415,00415/00415_940422_fb.ppm,1,18,11,1,1
P2,FERET,evaluation,one_enrollment_photograph,00422,00422/00422_940422_fb.ppm,0,16,11,1,0
P2,FERET,evaluation,one_enrollment_photograph,00423,00423/00423_940422_fb.ppm,1,17,11,1,1
P2,FERET,evaluation,one_enrollment_photograph,00426,00426/00426_940422_fb.ppm,1,17,11,1,1
P2,FERET,evaluation,one_enrollment_photograph,00427,00427/00427_940422_fb.ppm,1,16,11,1,1
P2,FERET,evaluation,one_enrollment_photograph,00430,00430/00430_940422_fb.ppm,1,19,11,1,1
P2,FERET,evaluation,one_enrollment_photograph,00431,00431/00431_940422_fb.ppm,1,20,11,1,1
P2,FERET,evaluation,one_enrollment_photograph,00432,00432/00432_940422_fb.ppm,1,21,11,1,1
P2,FERET,evaluation,one_enrollment_photograph,00434,00434/00434_940422_fb.ppm,1,14,11,1,1
P2,FERET,evaluation,one_enrollment_photograph,00435,00435/00435_940422_fb.ppm,1,18,11,1,1
P2,FERET,evaluation,one_enrollment_photograph,00438,00438/00438_940422_fb.ppm,1,14,11,1,1
P2,FERET,evaluation,one_enrollment_photograph,00440,00440/00440_940422_fb.ppm,0,12,11,1,0
P2,FERET,evaluation,one_enrollment_photograph,00442,00442/00442_940422_fb.ppm,1,26,11,1,1
P2,FERET,evaluation,one_enrollment_photograph,00444,00444/00444_940422_fb.ppm,0,17,11,1,0
P2,FERET,evaluation,one_enrollment_photograph,00448,00448/00448_940422_fb.ppm,0,17,11,1,0
P2,FERET,evaluation,one_enrollment_photograph,00450,00450/00450_940422_fb.ppm,1,21,11,1,1
P2,FERET,evaluation,one_enrollment_photograph,00452,00452/00452_940422_fb.ppm,1,25,11,1,1
P2,FERET,evaluation,one_enrollment_photograph,00454,00454/00454_940422_fb.ppm,1,19,11,1,1
P2,FERET,evaluation,one_enrollment_photograph,00456,00456/00456_940422_fb.ppm,1,14,11,1,1
P2,FERET,evaluation,one_enrollment_photograph,00460,00460/00460_940422_fb.ppm,1,25,11,1,1
P2,FERET,evaluation,one_enrollment_photograph,00465,00465/00465_940519_fb.ppm,1,13,11,1,1
P2,FERET,evaluation,one_enrollment_photograph,00466,00466/00466_940519_fb.ppm,1,11,11,1,1
P2,FERET,evaluation,one_enrollment_photograph,00473,00473/00473_940519_fb.ppm,1,14,11,1,1
P2,FERET,evaluation,one_enrollment_photograph,00477,00477/00477_940519_fb.ppm,1,11,11,1,1
P2,FERET,evaluation,one_enrollment_photograph,00478,00478/00478_940519_fb.ppm,1,22,11,1,1
P2,FERET,evaluation,one_enrollment_photograph,00480,00480/00480_940519_fb.ppm,1,12,11,1,1
P2,FERET,evaluation,one_enrollment_photograph,00481,00481/00481_940519_fb.ppm,1,20,11,1,1
P2,FERET,evaluation,one_enrollment_photograph,00482,00482/00482_940519_fb.ppm,1,21,11,1,1
P2,FERET,evaluation,one_enrollment_photograph,00483,00483/00483_940519_fb.ppm,0,15,11,1,0
P2,FERET,evaluation,one_enrollment_photograph,00484,00484/00484_940519_fb.ppm,0,10,11,0,1
P2,FERET,evaluation,one_enrollment_photograph,00486,00486/00486_940519_fb.ppm,0,12,11,1,0
P2,FERET,evaluation,one_enrollment_photograph,00490,00490/00490_940519_fb.ppm,1,17,11,1,1
P2,FERET,evaluation,one_enrollment_photograph,00491,00491/00491_940519_fb.ppm,1,13,11,1,1
P2,FERET,evaluation,one_enrollment_photograph,00492,00492/00492_940519_fb.ppm,1,19,11,1,1
P2,FERET,evaluation,one_enrollment_photograph,00505,00505/00505_940519_fb.ppm,1,16,11,1,1
P2,FERET,evaluation,one_enrollment_photograph,00511,00511/00511_940519_fb.ppm,0,13,11,1,0
P2,FERET,evaluation,one_enrollment_photograph,00512,00512/00512_940519_fb.ppm,1,21,11,1,1
P2,FERET,evaluation,one_enrollment_photograph,00513,00513/00513_940519_fb.ppm,1,11,11,1,1
P2,FERET,evaluation,one_enrollment_photograph,00514,00514/00514_940519_fb.ppm,1,20,11,1,1
P2,FERET,evaluation,one_enrollment_photograph,00515,00515/00515_940519_fb.ppm,1,23,11,1,1
P2,FERET,evaluation,one_enrollment_photograph,00517,00517/00517_940519_fb.ppm,0,9,11,0,1
P2,FERET,evaluation,one_enrollment_photograph,00518,00518/00518_940519_fb.ppm,0,15,11,1,0
P2,FERET,evaluation,one_enrollment_photograph,00520,00520/00520_940519_fb.ppm,0,20,11,1,0
P2,FERET,evaluation,one_enrollment_photograph,00521,00521/00521_940519_fb.ppm,1,25,11,1,1
P2,FERET,evaluation,one_enrollment_photograph,00522,00522/00522_940519_fb.ppm,0,11,11,1,0
P2,FERET,evaluation,one_enrollment_photograph,00523,00523/00523_940519_fb.ppm,1,17,11,1,1
P2,FERET,evaluation,one_enrollment_photograph,00524,00524/00524_940519_fb.ppm,1,9,11,0,0
P2,FERET,evaluation,one_enrollment_photograph,00527,00527/00527_940519_fb.ppm,0,17,11,1,0
P2,FERET,evaluation,one_enrollment_photograph,00530,00530/00530_940519_fb.ppm,1,21,11,1,1
P2,FERET,evaluation,one_enrollment_photograph,00531,00531/00531_940519_fb.ppm,0,19,11,1,0
P2,FERET,evaluation,one_enrollment_photograph,00537,00537/00537_940519_fb.ppm,1,12,11,1,1
P2,FERET,evaluation,one_enrollment_photograph,00539,00539/00539_940519_fb.ppm,1,13,11,1,1
P2,FERET,evaluation,one_enrollment_photograph,00540,00540/00540_940519_fb.ppm,1,8,11,0,0
P2,FERET,evaluation,one_enrollment_photograph,00541,00541/00541_940519_fb.ppm,1,13,11,1,1
P2,FERET,evaluation,one_enrollment_photograph,00543,00543/00543_940519_fb.ppm,1,18,11,1,1
P2,FERET,evaluation,one_enrollment_photograph,00544,00544/00544_940519_fb.ppm,1,15,11,1,1
P2,FERET,evaluation,one_enrollment_photograph,00545,00545/00545_940519_fb.ppm,1,22,11,1,1
P2,FERET,evaluation,one_enrollment_photograph,00546,00546/00546_940519_fb.ppm,1,10,11,0,0
P2,FERET,evaluation,one_enrollment_photograph,00550,00550/00550_940519_fb.ppm,0,7,11,0,1
P2,FERET,evaluation,one_enrollment_photograph,00553,00553/00553_940519_fb.ppm,0,13,11,1,0
P2,FERET,evaluation,one_enrollment_photograph,00555,00555/00555_940519_fb.ppm,1,17,11,1,1
P2,FERET,evaluation,one_enrollment_photograph,00557,00557/00557_940519_fb.ppm,1,17,11,1,1
P2,FERET,evaluation,one_enrollment_photograph,00558,00558/00558_940519_fb.ppm,1,15,11,1,1
P2,FERET,evaluation,one_enrollment_photograph,00565,00565/00565_940307_fb.ppm,0,13,11,1,0
P2,FERET,evaluation,one_enrollment_photograph,00566,00566/00566_940928_fb.ppm,0,16,11,1,0
P2,FERET,evaluation,one_enrollment_photograph,00569,00569/00569_940928_fb.ppm,1,19,11,1,1
P2,FERET,evaluation,one_enrollment_photograph,00574,00574/00574_940928_fb.ppm,0,13,11,1,0
P2,FERET,evaluation,one_enrollment_photograph,00580,00580/00580_940928_fb.ppm,1,12,11,1,1
P2,FERET,evaluation,one_enrollment_photograph,00583,00583/00583_940928_fb.ppm,0,18,11,1,0
P2,FERET,evaluation,one_enrollment_photograph,00584,00584/00584_940928_fb.ppm,0,13,11,1,0
P2,FERET,evaluation,one_enrollment_photograph,00585,00585/00585_940928_fb.ppm,1,26,11,1,1
P2,FERET,evaluation,one_enrollment_photograph,00586,00586/00586_940928_fb.ppm,1,17,11,1,1
P2,FERET,evaluation,one_enrollment_photograph,00588,00588/00588_940307_fb.ppm,1,11,11,1,1
P2,FERET,evaluation,one_enrollment_photograph,00590,00590/00590_940928_fb.ppm,0,11,11,1,0
P2,FERET,evaluation,one_enrollment_photograph,00591,00591/00591_940928_fb.ppm,1,16,11,1,1
P2,FERET,evaluation,one_enrollment_photograph,00600,00600/00600_940928_fb.ppm,0,13,11,1,0
P2,FERET,evaluation,one_enrollment_photograph,00601,00601/00601_940928_fb.ppm,1,11,11,1,1
P2,FERET,evaluation,one_enrollment_photograph,00603,00603/00603_940928_fb.ppm,0,16,11,1,0
P2,FERET,evaluation,one_enrollment_photograph,00604,00604/00604_940928_fb.ppm,0,15,11,1,0
P2,FERET,evaluation,one_enrollment_photograph,00611,00611/00611_940307_fb.ppm,0,14,11,1,0
P2,FERET,evaluation,one_enrollment_photograph,00612,00612/00612_940928_fb.ppm,1,24,11,1,1
P2,FERET,evaluation,one_enrollment_photograph,00615,00615/00615_940928_fb.ppm,1,18,11,1,1
P2,FERET,evaluation,one_enrollment_photograph,00620,00620/00620_940928_fb.ppm,1,12,11,1,1
P2,FERET,evaluation,one_enrollment_photograph,00624,00624/00624_940928_fb.ppm,1,14,11,1,1
P2,FERET,evaluation,one_enrollment_photograph,00625,00625/00625_940928_fb.ppm,1,30,11,1,1
P2,FERET,evaluation,one_enrollment_photograph,00627,00627/00627_940928_fb.ppm,1,16,11,1,1
P2,FERET,evaluation,one_enrollment_photograph,00628,00628/00628_940928_fb.ppm,1,16,11,1,1
P2,FERET,evaluation,one_enrollment_photograph,00629,00629/00629_940928_fb.ppm,0,16,11,1,0
P2,FERET,evaluation,one_enrollment_photograph,00630,00630/00630_940928_fb.ppm,0,16,11,1,0
P2,FERET,evaluation,one_enrollment_photograph,00631,00631/00631_940928_fb.ppm,1,21,11,1,1
P2,FERET,evaluation,one_enrollment_photograph,00636,00636/00636_941031_fb.ppm,1,18,11,1,1
P2,FERET,evaluation,one_enrollment_photograph,00637,00637/00637_941031_fb.ppm,1,24,11,1,1
P2,FERET,evaluation,one_enrollment_photograph,00638,00638/00638_941031_fb.ppm,1,15,11,1,1
P2,FERET,evaluation,one_enrollment_photograph,00639,00639/00639_941031_fb.ppm,1,19,11,1,1
P2,FERET,evaluation,one_enrollment_photograph,00641,00641/00641_941031_fb.ppm,1,16,11,1,1
P2,FERET,evaluation,one_enrollment_photograph,00644,00644/00644_941031_fb.ppm,1,15,11,1,1
P2,FERET,evaluation,one_enrollment_photograph,00645,00645/00645_941031_fb.ppm,1,25,11,1,1
P2,FERET,evaluation,one_enrollment_photograph,00648,00648/00648_941031_fb.ppm,1,16,11,1,1
P2,FERET,evaluation,one_enrollment_photograph,00650,00650/00650_941031_fb.ppm,1,15,11,1,1
P2,FERET,evaluation,one_enrollment_photograph,00654,00654/00654_941031_fb.ppm,1,17,11,1,1
P2,FERET,evaluation,one_enrollment_photograph,00655,00655/00655_941031_fb.ppm,1,17,11,1,1
P2,FERET,evaluation,one_enrollment_photograph,00657,00657/00657_941121_fb.ppm,0,12,11,1,0
P2,FERET,evaluation,one_enrollment_photograph,00659,00659/00659_941121_fb.ppm,1,13,11,1,1
P2,FERET,evaluation,one_enrollment_photograph,00664,00664/00664_941121_fb.ppm,1,14,11,1,1
P2,FERET,evaluation,one_enrollment_photograph,00671,00671/00671_941121_fb.ppm,1,13,11,1,1
P2,FERET,evaluation,one_enrollment_photograph,00672,00672/00672_941121_fb.ppm,1,18,11,1,1
P2,FERET,evaluation,one_enrollment_photograph,00674,00674/00674_941121_fb.ppm,1,24,11,1,1
P2,FERET,evaluation,one_enrollment_photograph,00676,00676/00676_941121_fb.ppm,1,20,11,1,1
P2,FERET,evaluation,one_enrollment_photograph,00677,00677/00677_941121_fb.ppm,0,16,11,1,0
P2,FERET,evaluation,one_enrollment_photograph,00678,00678/00678_941121_fb.ppm,1,24,11,1,1
P2,FERET,evaluation,one_enrollment_photograph,00680,00680/00680_941121_fb.ppm,1,15,11,1,1
P2,FERET,evaluation,one_enrollment_photograph,00682,00682/00682_941121_fb.ppm,1,10,11,0,0
P2,FERET,evaluation,one_enrollment_photograph,00683,00683/00683_941121_fb.ppm,1,12,11,1,1
P2,FERET,evaluation,one_enrollment_photograph,00684,00684/00684_941121_fb.ppm,1,18,11,1,1
P2,FERET,evaluation,one_enrollment_photograph,00685,00685/00685_941121_fb.ppm,0,9,11,0,1
P2,FERET,evaluation,one_enrollment_photograph,00686,00686/00686_941121_fb.ppm,1,19,11,1,1
P2,FERET,evaluation,one_enrollment_photograph,00689,00689/00689_941121_fb.ppm,1,17,11,1,1
P2,FERET,evaluation,one_enrollment_photograph,00690,00690/00690_941121_fb.ppm,0,6,11,0,1
P2,FERET,evaluation,one_enrollment_photograph,00691,00691/00691_941121_fb.ppm,1,18,11,1,1
P2,FERET,evaluation,one_enrollment_photograph,00692,00692/00692_941121_fb.ppm,1,20,11,1,1
P2,FERET,evaluation,one_enrollment_photograph,00694,00694/00694_941121_fb.ppm,1,11,11,1,1
P2,FERET,evaluation,one_enrollment_photograph,00695,00695/00695_941121_fb.ppm,0,13,11,1,0
P2,FERET,evaluation,one_enrollment_photograph,00697,00697/00697_941121_fb.ppm,1,13,11,1,1
P2,FERET,evaluation,one_enrollment_photograph,00699,00699/00699_941121_fb.ppm,1,14,11,1,1
P2,FERET,evaluation,one_enrollment_photograph,00700,00700/00700_941121_fb.ppm,1,8,11,0,0
P2,FERET,evaluation,one_enrollment_photograph,00705,00705/00705_941201_fb.ppm,0,9,11,0,1
P2,FERET,evaluation,one_enrollment_photograph,00708,00708/00708_941201_fb.ppm,1,11,11,1,1
P2,FERET,evaluation,one_enrollment_photograph,00709,00709/00709_941201_fb.ppm,1,10,11,0,0
P2,FERET,evaluation,one_enrollment_photograph,00711,00711/00711_941201_fb.ppm,1,8,11,0,0
P2,FERET,evaluation,one_enrollment_photograph,00712,00712/00712_941201_fb.ppm,0,16,11,1,0
P2,FERET,evaluation,one_enrollment_photograph,00714,00714/00714_941201_fb.ppm,1,12,11,1,1
P2,FERET,evaluation,one_enrollment_photograph,00716,00716/00716_941201_fb.ppm,1,15,11,1,1
P2,FERET,evaluation,one_enrollment_photograph,00719,00719/00719_941201_fb.ppm,1,14,11,1,1
P2,FERET,evaluation,one_enrollment_photograph,00720,00720/00720_941201_fb.ppm,1,15,11,1,1
P2,FERET,evaluation,one_enrollment_photograph,00721,00721/00721_941201_fb.ppm,1,14,11,1,1
P2,FERET,evaluation,one_enrollment_photograph,00723,00723/00723_941201_fb.ppm,1,13,11,1,1
P2,FERET,evaluation,one_enrollment_photograph,00725,00725/00725_941201_fb.ppm,1,10,11,0,0
P2,FERET,evaluation,one_enrollment_photograph,00726,00726/00726_941201_fb.ppm,1,20,11,1,1
P2,FERET,evaluation,one_enrollment_photograph,00729,00729/00729_941201_fb.ppm,1,23,11,1,1
P2,FERET,evaluation,one_enrollment_photograph,00731,00731/00731_941201_fb.ppm,1,10,11,0,0
P2,FERET,evaluation,one_enrollment_photograph,00735,00735/00735_941201_fb.ppm,1,18,11,1,1
P2,FERET,evaluation,one_enrollment_photograph,00736,00736/00736_941201_fb.ppm,1,12,11,1,1
P2,FERET,evaluation,one_enrollment_photograph,00737,00737/00737_941201_fb.ppm,1,17,11,1,1
P2,FERET,evaluation,one_enrollment_photograph,00740,00740/00740_941201_fb.ppm,1,21,11,1,1
P2,FERET,evaluation,one_enrollment_photograph,00746,00746/00746_941201_fb.ppm,1,17,11,1,1
P2,FERET,evaluation,one_enrollment_photograph,00749,00749/00749_941201_fb.ppm,1,25,11,1,1
P2,FERET,evaluation,one_enrollment_photograph,00753,00753/00753_941201_fb.ppm,1,14,11,1,1
P2,FERET,evaluation,one_enrollment_photograph,00756,00756/00756_941201_fb.ppm,1,17,11,1,1
P2,FERET,evaluation,one_enrollment_photograph,00757,00757/00757_941201_fb.ppm,1,17,11,1,1
P2,FERET,evaluation,one_enrollment_photograph,00760,00760/00760_941201_fb.ppm,1,15,11,1,1
P2,FERET,evaluation,one_enrollment_photograph,00763,00763/00763_941201_fb.ppm,1,18,11,1,1
P2,FERET,evaluation,one_enrollment_photograph,00765,00765/00765_941201_fb.ppm,1,18,11,1,1
P2,FERET,evaluation,one_enrollment_photograph,00766,00766/00766_941201_fb.ppm,0,22,11,1,0
P2,FERET,evaluation,one_enrollment_photograph,00767,00767/00767_941201_fb.ppm,1,15,11,1,1
P2,FERET,evaluation,one_enrollment_photograph,00769,00769/00769_941201_fb.ppm,1,12,11,1,1
P2,FERET,evaluation,one_enrollment_photograph,00771,00771/00771_941201_fb.ppm,1,19,11,1,1
P2,FERET,evaluation,one_enrollment_photograph,00775,00775/00775_941205_fb.ppm,1,14,11,1,1
P2,FERET,evaluation,one_enrollment_photograph,00776,00776/00776_941205_fb.ppm,1,12,11,1,1
P2,FERET,evaluation,one_enrollment_photograph,00778,00778/00778_941205_fb.ppm,0,14,11,1,0
P2,FERET,evaluation,one_enrollment_photograph,00782,00782/00782_941205_fb.ppm,1,19,11,1,1
P2,FERET,evaluation,one_enrollment_photograph,00786,00786/00786_941205_fb.ppm,1,10,11,0,0
P2,FERET,evaluation,one_enrollment_photograph,00787,00787/00787_941205_fb.ppm,0,10,11,0,1
P2,FERET,evaluation,one_enrollment_photograph,00788,00788/00788_941205_fb.ppm,0,8,11,0,1
P2,FERET,evaluation,one_enrollment_photograph,00790,00790/00790_941205_fb.ppm,1,20,11,1,1
P2,FERET,evaluation,one_enrollment_photograph,00793,00793/00793_941205_fb.ppm,1,20,11,1,1
P2,FERET,evaluation,one_enrollment_photograph,00795,00795/00795_941205_fb.ppm,0,15,11,1,0
P2,FERET,evaluation,one_enrollment_photograph,00798,00798/00798_941205_fb.ppm,1,18,11,1,1
P2,FERET,evaluation,one_enrollment_photograph,00801,00801/00801_941205_fb.ppm,1,18,11,1,1
P2,FERET,evaluation,one_enrollment_photograph,00802,00802/00802_941205_fb.ppm,1,8,11,0,0
P2,FERET,evaluation,one_enrollment_photograph,00803,00803/00803_941205_fb.ppm,1,16,11,1,1
P2,FERET,evaluation,one_enrollment_photograph,00804,00804/00804_941205_fb.ppm,1,19,11,1,1
P2,FERET,evaluation,one_enrollment_photograph,00805,00805/00805_941205_fb.ppm,1,16,11,1,1
P2,FERET,evaluation,one_enrollment_photograph,00806,00806/00806_941205_fb.ppm,0,13,11,1,0
P2,FERET,evaluation,one_enrollment_photograph,00810,00810/00810_941205_fb.ppm,1,18,11,1,1
P2,FERET,evaluation,one_enrollment_photograph,00811,00811/00811_941205_fb.ppm,0,7,11,0,1
P2,FERET,evaluation,one_enrollment_photograph,00812,00812/00812_941205_fb.ppm,1,12,11,1,1
P2,FERET,evaluation,one_enrollment_photograph,00817,00817/00817_941205_fb.ppm,0,11,11,1,0
P2,FERET,evaluation,one_enrollment_photograph,00818,00818/00818_940307_fb.ppm,1,14,11,1,1
P2,FERET,evaluation,one_enrollment_photograph,00819,00819/00819_940307_fb.ppm,1,16,11,1,1
P2,FERET,evaluation,one_enrollment_photograph,00821,00821/00821_940307_fb.ppm,1,19,11,1,1
P2,FERET,evaluation,one_enrollment_photograph,00822,00822/00822_940307_fb.ppm,0,15,11,1,0
P2,FERET,evaluation,one_enrollment_photograph,00825,00825/00825_940307_fb.ppm,1,17,11,1,1
P2,FERET,evaluation,one_enrollment_photograph,00836,00836/00836_940307_fb.ppm,1,20,11,1,1
P2,FERET,evaluation,one_enrollment_photograph,00837,00837/00837_940307_fb.ppm,1,16,11,1,1
P2,FERET,evaluation,one_enrollment_photograph,00839,00839/00839_940307_fb.ppm,1,12,11,1,1
P2,FERET,evaluation,one_enrollment_photograph,00841,00841/00841_940307_fb.ppm,1,15,11,1,1
P2,FERET,evaluation,one_enrollment_photograph,00845,00845/00845_940307_fb.ppm,1,15,11,1,1
P2,FERET,evaluation,one_enrollment_photograph,00846,00846/00846_940307_fb.ppm,1,11,11,1,1
P2,FERET,evaluation,one_enrollment_photograph,00847,00847/00847_940307_fb.ppm,1,19,11,1,1
P2,FERET,evaluation,one_enrollment_photograph,00848,00848/00848_940307_fb.ppm,1,13,11,1,1
P2,FERET,evaluation,one_enrollment_photograph,00850,00850/00850_940307_fb.ppm,1,10,11,0,0
P2,FERET,evaluation,one_enrollment_photograph,00852,00852/00852_940307_fb.ppm,1,25,11,1,1
P2,FERET,evaluation,one_enrollment_photograph,00853,00853/00853_940307_fb.ppm,1,14,11,1,1
P2,FERET,evaluation,one_enrollment_photograph,00855,00855/00855_940307_fb.ppm,0,9,11,0,1
P2,FERET,evaluation,one_enrollment_photograph,00857,00857/00857_940307_fb.ppm,1,11,11,1,1
P2,FERET,evaluation,one_enrollment_photograph,00858,00858/00858_940307_fb.ppm,1,15,11,1,1
P2,FERET,evaluation,one_enrollment_photograph,00861,00861/00861_940307_fb.ppm,0,14,11,1,0
P2,FERET,evaluation,one_enrollment_photograph,00863,00863/00863_940307_fb.ppm,1,17,11,1,1
P2,FERET,evaluation,one_enrollment_photograph,00870,00870/00870_940307_fb.ppm,0,12,11,1,0
P2,FERET,evaluation,one_enrollment_photograph,00871,00871/00871_940307_fb.ppm,1,9,11,0,0
P2,FERET,evaluation,one_enrollment_photograph,00874,00874/00874_940307_fb.ppm,0,14,11,1,0
P2,FERET,evaluation,one_enrollment_photograph,00875,00875/00875_940307_fb.ppm,1,21,11,1,1
P2,FERET,evaluation,one_enrollment_photograph,00877,00877/00877_960530_fb.ppm,1,24,11,1,1
P2,FERET,evaluation,one_enrollment_photograph,00886,00886/00886_960530_fb.ppm,1,15,11,1,1
P2,FERET,evaluation,one_enrollment_photograph,00887,00887/00887_960530_fb.ppm,1,19,11,1,1
P2,FERET,evaluation,one_enrollment_photograph,00888,00888/00888_960530_fb.ppm,1,23,11,1,1
P2,FERET,evaluation,one_enrollment_photograph,00889,00889/00889_960530_fb.ppm,0,12,11,1,0
P2,FERET,evaluation,one_enrollment_photograph,00890,00890/00890_960530_fb.ppm,1,18,11,1,1
P2,FERET,evaluation,one_enrollment_photograph,00892,00892/00892_960530_fb.ppm,1,9,11,0,0
P2,FERET,evaluation,one_enrollment_photograph,00895,00895/00895_960530_fb.ppm,0,11,11,1,0
P2,FERET,evaluation,one_enrollment_photograph,00901,00901/00901_960530_fb.ppm,1,11,11,1,1
P2,FERET,evaluation,one_enrollment_photograph,00908,00908/00908_960530_fb.ppm,1,20,11,1,1
P2,FERET,evaluation,one_enrollment_photograph,00909,00909/00909_960530_fb.ppm,1,11,11,1,1
P2,FERET,evaluation,one_enrollment_photograph,00911,00911/00911_960530_fb.ppm,0,15,11,1,0
P2,FERET,evaluation,one_enrollment_photograph,00913,00913/00913_960530_fb.ppm,1,21,11,1,1
P2,FERET,evaluation,one_enrollment_photograph,00914,00914/00914_960620_fb.ppm,1,19,11,1,1
P2,FERET,evaluation,one_enrollment_photograph,00915,00915/00915_960620_fb.ppm,1,12,11,1,1
P2,FERET,evaluation,one_enrollment_photograph,00917,00917/00917_960620_fb.ppm,0,7,11,0,1
P2,FERET,evaluation,one_enrollment_photograph,00918,00918/00918_960620_fb.ppm,1,21,11,1,1
P2,FERET,evaluation,one_enrollment_photograph,00919,00919/00919_960620_fb.ppm,1,12,11,1,1
P2,FERET,evaluation,one_enrollment_photograph,00920,00920/00920_960627_fb.ppm,1,13,11,1,1
P2,FERET,evaluation,one_enrollment_photograph,00921,00921/00921_960627_fb.ppm,0,13,11,1,0
P2,FERET,evaluation,one_enrollment_photograph,00923,00923/00923_960627_fb.ppm,0,12,11,1,0
P2,FERET,evaluation,one_enrollment_photograph,00925,00925/00925_960627_fb.ppm,0,12,11,1,0
P2,FERET,evaluation,one_enrollment_photograph,00927,00927/00927_960627_fb.ppm,1,7,11,0,0
P2,FERET,evaluation,one_enrollment_photograph,00929,00929/00929_960627_fb.ppm,1,9,11,0,0
P2,FERET,evaluation,one_enrollment_photograph,00932,00932/00932_960627_fb.ppm,1,11,11,1,1
P2,FERET,evaluation,one_enrollment_photograph,00936,00936/00936_960627_fb.ppm,0,9,11,0,1
P2,FERET,evaluation,one_enrollment_photograph,00937,00937/00937_960627_fb.ppm,1,20,11,1,1
P2,FERET,evaluation,one_enrollment_photograph,00943,00943/00943_960627_fb.ppm,1,18,11,1,1
P2,FERET,evaluation,one_enrollment_photograph,00945,00945/00945_960627_fb.ppm,1,14,11,1,1
P2,FERET,evaluation,one_enrollment_photograph,00948,00948/00948_960627_fb.ppm,1,9,11,0,0
P2,FERET,evaluation,one_enrollment_photograph,00952,00952/00952_960627_fb.ppm,1,12,11,1,1
P2,FERET,evaluation,one_enrollment_photograph,00961,00961/00961_960627_fb.ppm,0,7,11,0,1
P2,FERET,evaluation,one_enrollment_photograph,00967,00967/00967_960627_fb.ppm,0,14,11,1,0
P2,FERET,evaluation,one_enrollment_photograph,00969,00969/00969_960627_fb.ppm,1,20,11,1,1
P2,FERET,evaluation,one_enrollment_photograph,00974,00974/00974_960627_fb.ppm,1,18,11,1,1
P2,FERET,evaluation,one_enrollment_photograph,00977,00977/00977_960627_fb.ppm,1,16,11,1,1
P2,FERET,evaluation,one_enrollment_photograph,00978,00978/00978_960627_fb.ppm,1,15,11,1,1
P2,FERET,evaluation,one_enrollment_photograph,00979,00979/00979_960627_fb.ppm,1,11,11,1,1
P2,FERET,evaluation,one_enrollment_photograph,00981,00981/00981_960627_fb.ppm,0,12,11,1,0
P2,FERET,evaluation,one_enrollment_photograph,00983,00983/00983_960627_fb.ppm,0,9,11,0,1
P2,FERET,evaluation,one_enrollment_photograph,00987,00987/00987_960627_fb.ppm,0,7,11,0,1
P2,FERET,evaluation,one_enrollment_photograph,00990,00990/00990_960627_fb.ppm,1,9,11,0,0
P2,FERET,evaluation,one_enrollment_photograph,00991,00991/00991_960627_fb.ppm,0,12,11,1,0
P2,FERET,evaluation,one_enrollment_photograph,00992,00992/00992_960627_fb.ppm,1,16,11,1,1
P2,FERET,evaluation,one_enrollment_photograph,00996,00996/00996_960627_fb.ppm,1,9,11,0,0
P2,FERET,evaluation,one_enrollment_photograph,00997,00997/00997_960627_fb.ppm,0,19,11,1,0
P2,FERET,evaluation,one_enrollment_photograph,00999,00999/00999_960627_fb.ppm,1,19,11,1,1
P2,FERET,evaluation,one_enrollment_photograph,01002,01002/01002_960627_fb.ppm,1,9,11,0,0
P2,FERET,evaluation,one_enrollment_photograph,01003,01003/01003_960627_fb.ppm,0,14,11,1,0
P2,FERET,evaluation,one_enrollment_photograph,01004,01004/01004_960627_fb.ppm,0,13,11,1,0
P2,FERET,evaluation,one_enrollment_photograph,01009,01009/01009_960627_fb.ppm,1,13,11,1,1
P2,FERET,evaluation,one_enrollment_photograph,01012,01012/01012_960627_fb.ppm,1,13,11,1,1
P2,FERET,evaluation,one_enrollment_photograph,01207,01207/01207_940128_fb.ppm,1,28,11,1,1
P3,FERET,evaluation,one_enrollment_photograph,00002,00002/00002_930831_fb.ppm,1,12,9,1,1
P3,FERET,evaluation,one_enrollment_photograph,00006,00006/00006_931230_fb.ppm,1,20,9,1,1
P3,FERET,evaluation,one_enrollment_photograph,00010,00010/00010_930831_fb.ppm,1,23,9,1,1
P3,FERET,evaluation,one_enrollment_photograph,00012,00012/00012_930831_fb.ppm,1,25,9,1,1
P3,FERET,evaluation,one_enrollment_photograph,00013,00013/00013_930831_fb.ppm,1,17,9,1,1
P3,FERET,evaluation,one_enrollment_photograph,00014,00014/00014_930831_fb.ppm,1,16,9,1,1
P3,FERET,evaluation,one_enrollment_photograph,00015,00015/00015_930831_fb.ppm,1,11,9,1,1
P3,FERET,evaluation,one_enrollment_photograph,00016,00016/00016_930831_fb.ppm,1,26,9,1,1
P3,FERET,evaluation,one_enrollment_photograph,00017,00017/00017_930831_fb.ppm,1,10,9,1,1
P3,FERET,evaluation,one_enrollment_photograph,00021,00021/00021_930831_fb.ppm,1,14,9,1,1
P3,FERET,evaluation,one_enrollment_photograph,00022,00022/00022_930831_fb.ppm,0,11,9,1,0
P3,FERET,evaluation,one_enrollment_photograph,00023,00023/00023_930831_fb.ppm,1,14,9,1,1
P3,FERET,evaluation,one_enrollment_photograph,00026,00026/00026_930831_fb.ppm,0,7,9,0,1
P3,FERET,evaluation,one_enrollment_photograph,00028,00028/00028_930831_fb.ppm,1,19,9,1,1
P3,FERET,evaluation,one_enrollment_photograph,00033,00033/00033_930831_fb.ppm,1,12,9,1,1
P3,FERET,evaluation,one_enrollment_photograph,00038,00038/00038_930831_fb.ppm,1,19,9,1,1
P3,FERET,evaluation,one_enrollment_photograph,00040,00040/00040_930831_fb.ppm,1,21,9,1,1
P3,FERET,evaluation,one_enrollment_photograph,00041,00041/00041_930831_fb.ppm,1,16,9,1,1
P3,FERET,evaluation,one_enrollment_photograph,00051,00051/00051_931230_fb.ppm,0,11,9,1,0
P3,FERET,evaluation,one_enrollment_photograph,00053,00053/00053_931230_fb.ppm,1,14,9,1,1
P3,FERET,evaluation,one_enrollment_photograph,00056,00056/00056_931230_fb.ppm,1,11,9,1,1
P3,FERET,evaluation,one_enrollment_photograph,00059,00059/00059_931230_fb.ppm,1,24,9,1,1
P3,FERET,evaluation,one_enrollment_photograph,00060,00060/00060_931230_fb.ppm,1,9,9,1,1
P3,FERET,evaluation,one_enrollment_photograph,00061,00061/00061_931230_fb.ppm,1,17,9,1,1
P3,FERET,evaluation,one_enrollment_photograph,00063,00063/00063_931230_fb.ppm,1,16,9,1,1
P3,FERET,evaluation,one_enrollment_photograph,00065,00065/00065_931230_fb.ppm,1,5,9,0,0
P3,FERET,evaluation,one_enrollment_photograph,00068,00068/00068_931230_fb.ppm,1,18,9,1,1
P3,FERET,evaluation,one_enrollment_photograph,00070,00070/00070_931230_fb.ppm,1,8,9,0,0
P3,FERET,evaluation,one_enrollment_photograph,00072,00072/00072_931230_fb.ppm,0,6,9,0,1
P3,FERET,evaluation,one_enrollment_photograph,00073,00073/00073_931230_fb.ppm,1,17,9,1,1
P3,FERET,evaluation,one_enrollment_photograph,00076,00076/00076_931230_fb.ppm,1,13,9,1,1
P3,FERET,evaluation,one_enrollment_photograph,00077,00077/00077_931230_fb.ppm,1,13,9,1,1
P3,FERET,evaluation,one_enrollment_photograph,00081,00081/00081_931230_fb.ppm,0,11,9,1,0
P3,FERET,evaluation,one_enrollment_photograph,00092,00092/00092_931230_fb.ppm,0,12,9,1,0
P3,FERET,evaluation,one_enrollment_photograph,00093,00093/00093_931230_fb.ppm,1,7,9,0,0
P3,FERET,evaluation,one_enrollment_photograph,00102,00102/00102_931230_fb.ppm,0,11,9,1,0
P3,FERET,evaluation,one_enrollment_photograph,00105,00105/00105_931230_fb.ppm,1,15,9,1,1
P3,FERET,evaluation,one_enrollment_photograph,00107,00107/00107_931230_fb.ppm,1,7,9,0,0
P3,FERET,evaluation,one_enrollment_photograph,00108,00108/00108_931230_fb.ppm,1,17,9,1,1
P3,FERET,evaluation,one_enrollment_photograph,00109,00109/00109_931230_fb.ppm,1,14,9,1,1
P3,FERET,evaluation,one_enrollment_photograph,00111,00111/00111_931230_fb.ppm,0,11,9,1,0
P3,FERET,evaluation,one_enrollment_photograph,00112,00112/00112_931230_fb.ppm,1,9,9,1,1
P3,FERET,evaluation,one_enrollment_photograph,00115,00115/00115_931230_fb.ppm,0,8,9,0,1
P3,FERET,evaluation,one_enrollment_photograph,00116,00116/00116_931230_fb.ppm,1,13,9,1,1
P3,FERET,evaluation,one_enrollment_photograph,00119,00119/00119_931230_fb.ppm,1,12,9,1,1
P3,FERET,evaluation,one_enrollment_photograph,00120,00120/00120_931230_fb.ppm,1,11,9,1,1
P3,FERET,evaluation,one_enrollment_photograph,00125,00125/00125_931230_fb.ppm,1,18,9,1,1
P3,FERET,evaluation,one_enrollment_photograph,00126,00126/00126_931230_fb.ppm,1,14,9,1,1
P3,FERET,evaluation,one_enrollment_photograph,00129,00129/00129_931230_fb.ppm,1,15,9,1,1
P3,FERET,evaluation,one_enrollment_photograph,00131,00131/00131_931230_fb.ppm,1,16,9,1,1
P3,FERET,evaluation,one_enrollment_photograph,00132,00132/00132_931230_fb.ppm,1,18,9,1,1
P3,FERET,evaluation,one_enrollment_photograph,00136,00136/00136_931230_fb.ppm,1,14,9,1,1
P3,FERET,evaluation,one_enrollment_photograph,00139,00139/00139_931230_fb.ppm,0,12,9,1,0
P3,FERET,evaluation,one_enrollment_photograph,00141,00141/00141_931230_fb.ppm,1,18,9,1,1
P3,FERET,evaluation,one_enrollment_photograph,00148,00148/00148_931230_fb.ppm,1,18,9,1,1
P3,FERET,evaluation,one_enrollment_photograph,00157,00157/00157_940928_fb.ppm,0,6,9,0,1
P3,FERET,evaluation,one_enrollment_photograph,00162,00162/00162_931230_fb.ppm,1,15,9,1,1
P3,FERET,evaluation,one_enrollment_photograph,00163,00163/00163_931230_fb.ppm,1,9,9,1,1
P3,FERET,evaluation,one_enrollment_photograph,00166,00166/00166_931230_fb.ppm,1,16,9,1,1
P3,FERET,evaluation,one_enrollment_photograph,00167,00167/00167_931230_fb.ppm,1,20,9,1,1
P3,FERET,evaluation,one_enrollment_photograph,00170,00170/00170_931230_fb.ppm,0,11,9,1,0
P3,FERET,evaluation,one_enrollment_photograph,00180,00180/00180_931230_fb.ppm,1,12,9,1,1
P3,FERET,evaluation,one_enrollment_photograph,00181,00181/00181_931230_fb.ppm,1,17,9,1,1
P3,FERET,evaluation,one_enrollment_photograph,00183,00183/00183_940128_fb.ppm,1,30,9,1,1
P3,FERET,evaluation,one_enrollment_photograph,00185,00185/00185_940128_fb.ppm,1,10,9,1,1
P3,FERET,evaluation,one_enrollment_photograph,00188,00188/00188_940128_fb.ppm,0,9,9,1,0
P3,FERET,evaluation,one_enrollment_photograph,00190,00190/00190_940128_fb.ppm,1,17,9,1,1
P3,FERET,evaluation,one_enrollment_photograph,00192,00192/00192_940128_fb.ppm,1,14,9,1,1
P3,FERET,evaluation,one_enrollment_photograph,00198,00198/00198_940128_fb.ppm,1,18,9,1,1
P3,FERET,evaluation,one_enrollment_photograph,00199,00199/00199_940128_fb.ppm,1,14,9,1,1
P3,FERET,evaluation,one_enrollment_photograph,00200,00200/00200_940128_fb.ppm,1,16,9,1,1
P3,FERET,evaluation,one_enrollment_photograph,00201,00201/00201_940128_fb.ppm,1,8,9,0,0
P3,FERET,evaluation,one_enrollment_photograph,00203,00203/00203_940128_fb.ppm,1,20,9,1,1
P3,FERET,evaluation,one_enrollment_photograph,00205,00205/00205_940128_fb.ppm,0,10,9,1,0
P3,FERET,evaluation,one_enrollment_photograph,00207,00207/00207_940128_fb.ppm,1,14,9,1,1
P3,FERET,evaluation,one_enrollment_photograph,00210,00210/00210_940128_fb.ppm,1,9,9,1,1
P3,FERET,evaluation,one_enrollment_photograph,00214,00214/00214_940128_fb.ppm,1,17,9,1,1
P3,FERET,evaluation,one_enrollment_photograph,00216,00216/00216_940128_fb.ppm,1,19,9,1,1
P3,FERET,evaluation,one_enrollment_photograph,00222,00222/00222_940128_fb.ppm,1,10,9,1,1
P3,FERET,evaluation,one_enrollment_photograph,00223,00223/00223_940128_fb.ppm,1,34,9,1,1
P3,FERET,evaluation,one_enrollment_photograph,00230,00230/00230_940128_fb.ppm,1,18,9,1,1
P3,FERET,evaluation,one_enrollment_photograph,00231,00231/00231_940128_fb.ppm,0,7,9,0,1
P3,FERET,evaluation,one_enrollment_photograph,00239,00239/00239_940128_fb.ppm,1,18,9,1,1
P3,FERET,evaluation,one_enrollment_photograph,00242,00242/00242_940128_fb.ppm,0,7,9,0,1
P3,FERET,evaluation,one_enrollment_photograph,00244,00244/00244_940128_fb.ppm,0,11,9,1,0
P3,FERET,evaluation,one_enrollment_photograph,00250,00250/00250_940128_fb.ppm,0,7,9,0,1
P3,FERET,evaluation,one_enrollment_photograph,00251,00251/00251_940128_fb.ppm,1,12,9,1,1
P3,FERET,evaluation,one_enrollment_photograph,00253,00253/00253_940128_fb.ppm,1,18,9,1,1
P3,FERET,evaluation,one_enrollment_photograph,00254,00254/00254_940128_fb.ppm,1,26,9,1,1
P3,FERET,evaluation,one_enrollment_photograph,00256,00256/00256_940128_fb.ppm,1,16,9,1,1
P3,FERET,evaluation,one_enrollment_photograph,00257,00257/00257_940128_fb.ppm,1,11,9,1,1
P3,FERET,evaluation,one_enrollment_photograph,00260,00260/00260_940128_fb.ppm,0,13,9,1,0
P3,FERET,evaluation,one_enrollment_photograph,00263,00263/00263_940128_fb.ppm,0,12,9,1,0
P3,FERET,evaluation,one_enrollment_photograph,00264,00264/00264_940128_fb.ppm,0,6,9,0,1
P3,FERET,evaluation,one_enrollment_photograph,00267,00267/00267_940128_fb.ppm,0,16,9,1,0
P3,FERET,evaluation,one_enrollment_photograph,00269,00269/00269_940422_fb.ppm,1,22,9,1,1
P3,FERET,evaluation,one_enrollment_photograph,00270,00270/00270_940422_fb.ppm,1,3,9,0,0
P3,FERET,evaluation,one_enrollment_photograph,00272,00272/00272_940422_fb.ppm,1,12,9,1,1
P3,FERET,evaluation,one_enrollment_photograph,00280,00280/00280_940422_fb.ppm,1,19,9,1,1
P3,FERET,evaluation,one_enrollment_photograph,00282,00282/00282_940422_fb.ppm,1,23,9,1,1
P3,FERET,evaluation,one_enrollment_photograph,00284,00284/00284_940422_fb.ppm,0,11,9,1,0
P3,FERET,evaluation,one_enrollment_photograph,00286,00286/00286_940422_fb.ppm,1,16,9,1,1
P3,FERET,evaluation,one_enrollment_photograph,00290,00290/00290_940422_fb.ppm,1,17,9,1,1
P3,FERET,evaluation,one_enrollment_photograph,00293,00293/00293_940422_fb.ppm,0,6,9,0,1
P3,FERET,evaluation,one_enrollment_photograph,00294,00294/00294_940422_fb.ppm,1,12,9,1,1
P3,FERET,evaluation,one_enrollment_photograph,00295,00295/00295_940422_fb.ppm,1,17,9,1,1
P3,FERET,evaluation,one_enrollment_photograph,00296,00296/00296_940422_fb.ppm,1,14,9,1,1
P3,FERET,evaluation,one_enrollment_photograph,00301,00301/00301_940422_fb.ppm,0,14,9,1,0
P3,FERET,evaluation,one_enrollment_photograph,00303,00303/00303_940422_fb.ppm,1,11,9,1,1
P3,FERET,evaluation,one_enrollment_photograph,00304,00304/00304_940422_fb.ppm,1,16,9,1,1
P3,FERET,evaluation,one_enrollment_photograph,00306,00306/00306_940422_fb.ppm,1,10,9,1,1
P3,FERET,evaluation,one_enrollment_photograph,00307,00307/00307_940422_fb.ppm,1,11,9,1,1
P3,FERET,evaluation,one_enrollment_photograph,00308,00308/00308_940422_fb.ppm,1,13,9,1,1
P3,FERET,evaluation,one_enrollment_photograph,00309,00309/00309_940422_fb.ppm,1,15,9,1,1
P3,FERET,evaluation,one_enrollment_photograph,00310,00310/00310_940422_fb.ppm,1,16,9,1,1
P3,FERET,evaluation,one_enrollment_photograph,00311,00311/00311_940422_fb.ppm,1,10,9,1,1
P3,FERET,evaluation,one_enrollment_photograph,00313,00313/00313_940422_fb.ppm,1,12,9,1,1
P3,FERET,evaluation,one_enrollment_photograph,00314,00314/00314_940422_fb.ppm,0,20,9,1,0
P3,FERET,evaluation,one_enrollment_photograph,00316,00316/00316_940422_fb.ppm,1,13,9,1,1
P3,FERET,evaluation,one_enrollment_photograph,00317,00317/00317_940422_fb.ppm,0,14,9,1,0
P3,FERET,evaluation,one_enrollment_photograph,00318,00318/00318_940422_fb.ppm,0,14,9,1,0
P3,FERET,evaluation,one_enrollment_photograph,00319,00319/00319_940422_fb.ppm,1,13,9,1,1
P3,FERET,evaluation,one_enrollment_photograph,00321,00321/00321_940422_fb.ppm,0,8,9,0,1
P3,FERET,evaluation,one_enrollment_photograph,00325,00325/00325_940422_fb.ppm,1,21,9,1,1
P3,FERET,evaluation,one_enrollment_photograph,00329,00329/00329_940422_fb.ppm,1,11,9,1,1
P3,FERET,evaluation,one_enrollment_photograph,00330,00330/00330_940422_fb.ppm,0,8,9,0,1
P3,FERET,evaluation,one_enrollment_photograph,00333,00333/00333_940422_fb.ppm,1,15,9,1,1
P3,FERET,evaluation,one_enrollment_photograph,00335,00335/00335_940422_fb.ppm,0,8,9,0,1
P3,FERET,evaluation,one_enrollment_photograph,00336,00336/00336_940422_fb.ppm,1,16,9,1,1
P3,FERET,evaluation,one_enrollment_photograph,00338,00338/00338_940422_fb.ppm,0,9,9,1,0
P3,FERET,evaluation,one_enrollment_photograph,00348,00348/00348_940422_fb.ppm,1,20,9,1,1
P3,FERET,evaluation,one_enrollment_photograph,00355,00355/00355_940422_fb.ppm,0,5,9,0,1
P3,FERET,evaluation,one_enrollment_photograph,00358,00358/00358_940422_fb.ppm,1,14,9,1,1
P3,FERET,evaluation,one_enrollment_photograph,00362,00362/00362_940422_fb.ppm,1,22,9,1,1
P3,FERET,evaluation,one_enrollment_photograph,00365,00365/00365_940422_fb.ppm,1,20,9,1,1
P3,FERET,evaluation,one_enrollment_photograph,00367,00367/00367_940422_fb.ppm,0,10,9,1,0
P3,FERET,evaluation,one_enrollment_photograph,00371,00371/00371_940422_fb.ppm,1,17,9,1,1
P3,FERET,evaluation,one_enrollment_photograph,00373,00373/00373_940422_fb.ppm,0,9,9,1,0
P3,FERET,evaluation,one_enrollment_photograph,00376,00376/00376_940422_fb.ppm,1,10,9,1,1
P3,FERET,evaluation,one_enrollment_photograph,00378,00378/00378_940422_fb.ppm,1,18,9,1,1
P3,FERET,evaluation,one_enrollment_photograph,00384,00384/00384_940422_fb.ppm,1,14,9,1,1
P3,FERET,evaluation,one_enrollment_photograph,00386,00386/00386_940422_fb.ppm,1,12,9,1,1
P3,FERET,evaluation,one_enrollment_photograph,00387,00387/00387_940422_fb.ppm,1,16,9,1,1
P3,FERET,evaluation,one_enrollment_photograph,00389,00389/00389_940422_fb.ppm,1,10,9,1,1
P3,FERET,evaluation,one_enrollment_photograph,00395,00395/00395_940422_fb.ppm,0,12,9,1,0
P3,FERET,evaluation,one_enrollment_photograph,00397,00397/00397_940422_fb.ppm,1,17,9,1,1
P3,FERET,evaluation,one_enrollment_photograph,00398,00398/00398_940422_fb.ppm,1,18,9,1,1
P3,FERET,evaluation,one_enrollment_photograph,00399,00399/00399_940422_fb.ppm,1,12,9,1,1
P3,FERET,evaluation,one_enrollment_photograph,00400,00400/00400_940422_fb.ppm,0,10,9,1,0
P3,FERET,evaluation,one_enrollment_photograph,00401,00401/00401_940422_fb.ppm,1,11,9,1,1
P3,FERET,evaluation,one_enrollment_photograph,00405,00405/00405_940422_fb.ppm,1,12,9,1,1
P3,FERET,evaluation,one_enrollment_photograph,00407,00407/00407_940422_fb.ppm,1,23,9,1,1
P3,FERET,evaluation,one_enrollment_photograph,00408,00408/00408_940422_fb.ppm,1,27,9,1,1
P3,FERET,evaluation,one_enrollment_photograph,00409,00409/00409_940422_fb.ppm,1,12,9,1,1
P3,FERET,evaluation,one_enrollment_photograph,00410,00410/00410_940422_fb.ppm,0,11,9,1,0
P3,FERET,evaluation,one_enrollment_photograph,00413,00413/00413_940422_fb.ppm,1,15,9,1,1
P3,FERET,evaluation,one_enrollment_photograph,00414,00414/00414_940422_fb.ppm,1,12,9,1,1
P3,FERET,evaluation,one_enrollment_photograph,00415,00415/00415_940422_fb.ppm,1,20,9,1,1
P3,FERET,evaluation,one_enrollment_photograph,00422,00422/00422_940422_fb.ppm,0,6,9,0,1
P3,FERET,evaluation,one_enrollment_photograph,00423,00423/00423_940422_fb.ppm,1,12,9,1,1
P3,FERET,evaluation,one_enrollment_photograph,00426,00426/00426_940422_fb.ppm,1,13,9,1,1
P3,FERET,evaluation,one_enrollment_photograph,00427,00427/00427_940422_fb.ppm,1,15,9,1,1
P3,FERET,evaluation,one_enrollment_photograph,00430,00430/00430_940422_fb.ppm,1,25,9,1,1
P3,FERET,evaluation,one_enrollment_photograph,00431,00431/00431_940422_fb.ppm,1,16,9,1,1
P3,FERET,evaluation,one_enrollment_photograph,00432,00432/00432_940422_fb.ppm,1,16,9,1,1
P3,FERET,evaluation,one_enrollment_photograph,00434,00434/00434_940422_fb.ppm,1,10,9,1,1
P3,FERET,evaluation,one_enrollment_photograph,00435,00435/00435_940422_fb.ppm,1,15,9,1,1
P3,FERET,evaluation,one_enrollment_photograph,00438,00438/00438_940422_fb.ppm,1,14,9,1,1
P3,FERET,evaluation,one_enrollment_photograph,00440,00440/00440_940422_fb.ppm,0,7,9,0,1
P3,FERET,evaluation,one_enrollment_photograph,00442,00442/00442_940422_fb.ppm,1,22,9,1,1
P3,FERET,evaluation,one_enrollment_photograph,00444,00444/00444_940422_fb.ppm,0,17,9,1,0
P3,FERET,evaluation,one_enrollment_photograph,00448,00448/00448_940422_fb.ppm,0,13,9,1,0
P3,FERET,evaluation,one_enrollment_photograph,00450,00450/00450_940422_fb.ppm,1,18,9,1,1
P3,FERET,evaluation,one_enrollment_photograph,00452,00452/00452_940422_fb.ppm,1,14,9,1,1
P3,FERET,evaluation,one_enrollment_photograph,00454,00454/00454_940422_fb.ppm,1,25,9,1,1
P3,FERET,evaluation,one_enrollment_photograph,00456,00456/00456_940422_fb.ppm,1,12,9,1,1
P3,FERET,evaluation,one_enrollment_photograph,00460,00460/00460_940422_fb.ppm,1,16,9,1,1
P3,FERET,evaluation,one_enrollment_photograph,00465,00465/00465_940519_fb.ppm,1,14,9,1,1
P3,FERET,evaluation,one_enrollment_photograph,00466,00466/00466_940519_fb.ppm,1,15,9,1,1
P3,FERET,evaluation,one_enrollment_photograph,00473,00473/00473_940519_fb.ppm,1,19,9,1,1
P3,FERET,evaluation,one_enrollment_photograph,00477,00477/00477_940519_fb.ppm,1,19,9,1,1
P3,FERET,evaluation,one_enrollment_photograph,00478,00478/00478_940519_fb.ppm,1,21,9,1,1
P3,FERET,evaluation,one_enrollment_photograph,00480,00480/00480_940519_fb.ppm,1,15,9,1,1
P3,FERET,evaluation,one_enrollment_photograph,00481,00481/00481_940519_fb.ppm,1,30,9,1,1
P3,FERET,evaluation,one_enrollment_photograph,00482,00482/00482_940519_fb.ppm,1,17,9,1,1
P3,FERET,evaluation,one_enrollment_photograph,00483,00483/00483_940519_fb.ppm,0,8,9,0,1
P3,FERET,evaluation,one_enrollment_photograph,00484,00484/00484_940519_fb.ppm,0,10,9,1,0
P3,FERET,evaluation,one_enrollment_photograph,00486,00486/00486_940519_fb.ppm,0,15,9,1,0
P3,FERET,evaluation,one_enrollment_photograph,00490,00490/00490_940519_fb.ppm,1,26,9,1,1
P3,FERET,evaluation,one_enrollment_photograph,00491,00491/00491_940519_fb.ppm,1,17,9,1,1
P3,FERET,evaluation,one_enrollment_photograph,00492,00492/00492_940519_fb.ppm,1,17,9,1,1
P3,FERET,evaluation,one_enrollment_photograph,00505,00505/00505_940519_fb.ppm,1,14,9,1,1
P3,FERET,evaluation,one_enrollment_photograph,00511,00511/00511_940519_fb.ppm,0,4,9,0,1
P3,FERET,evaluation,one_enrollment_photograph,00512,00512/00512_940519_fb.ppm,1,21,9,1,1
P3,FERET,evaluation,one_enrollment_photograph,00513,00513/00513_940519_fb.ppm,1,8,9,0,0
P3,FERET,evaluation,one_enrollment_photograph,00514,00514/00514_940519_fb.ppm,1,18,9,1,1
P3,FERET,evaluation,one_enrollment_photograph,00515,00515/00515_940519_fb.ppm,1,23,9,1,1
P3,FERET,evaluation,one_enrollment_photograph,00517,00517/00517_940519_fb.ppm,0,8,9,0,1
P3,FERET,evaluation,one_enrollment_photograph,00518,00518/00518_940519_fb.ppm,0,12,9,1,0
P3,FERET,evaluation,one_enrollment_photograph,00520,00520/00520_940519_fb.ppm,0,7,9,0,1
P3,FERET,evaluation,one_enrollment_photograph,00521,00521/00521_940519_fb.ppm,1,25,9,1,1
P3,FERET,evaluation,one_enrollment_photograph,00522,00522/00522_940519_fb.ppm,0,12,9,1,0
P3,FERET,evaluation,one_enrollment_photograph,00523,00523/00523_940519_fb.ppm,1,22,9,1,1
P3,FERET,evaluation,one_enrollment_photograph,00524,00524/00524_940519_fb.ppm,1,13,9,1,1
P3,FERET,evaluation,one_enrollment_photograph,00527,00527/00527_940519_fb.ppm,0,16,9,1,0
P3,FERET,evaluation,one_enrollment_photograph,00530,00530/00530_940519_fb.ppm,1,14,9,1,1
P3,FERET,evaluation,one_enrollment_photograph,00531,00531/00531_940519_fb.ppm,0,8,9,0,1
P3,FERET,evaluation,one_enrollment_photograph,00537,00537/00537_940519_fb.ppm,1,20,9,1,1
P3,FERET,evaluation,one_enrollment_photograph,00539,00539/00539_940519_fb.ppm,1,21,9,1,1
P3,FERET,evaluation,one_enrollment_photograph,00540,00540/00540_940519_fb.ppm,1,17,9,1,1
P3,FERET,evaluation,one_enrollment_photograph,00541,00541/00541_940519_fb.ppm,1,20,9,1,1
P3,FERET,evaluation,one_enrollment_photograph,00543,00543/00543_940519_fb.ppm,1,10,9,1,1
P3,FERET,evaluation,one_enrollment_photograph,00544,00544/00544_940519_fb.ppm,1,9,9,1,1
P3,FERET,evaluation,one_enrollment_photograph,00545,00545/00545_940519_fb.ppm,1,25,9,1,1
P3,FERET,evaluation,one_enrollment_photograph,00546,00546/00546_940519_fb.ppm,1,7,9,0,0
P3,FERET,evaluation,one_enrollment_photograph,00550,00550/00550_940519_fb.ppm,0,11,9,1,0
P3,FERET,evaluation,one_enrollment_photograph,00553,00553/00553_940519_fb.ppm,0,17,9,1,0
P3,FERET,evaluation,one_enrollment_photograph,00555,00555/00555_940519_fb.ppm,1,13,9,1,1
P3,FERET,evaluation,one_enrollment_photograph,00557,00557/00557_940519_fb.ppm,1,15,9,1,1
P3,FERET,evaluation,one_enrollment_photograph,00558,00558/00558_940519_fb.ppm,1,11,9,1,1
P3,FERET,evaluation,one_enrollment_photograph,00565,00565/00565_940307_fb.ppm,0,14,9,1,0
P3,FERET,evaluation,one_enrollment_photograph,00566,00566/00566_940928_fb.ppm,0,10,9,1,0
P3,FERET,evaluation,one_enrollment_photograph,00569,00569/00569_940928_fb.ppm,1,21,9,1,1
P3,FERET,evaluation,one_enrollment_photograph,00574,00574/00574_940928_fb.ppm,0,9,9,1,0
P3,FERET,evaluation,one_enrollment_photograph,00580,00580/00580_940928_fb.ppm,1,15,9,1,1
P3,FERET,evaluation,one_enrollment_photograph,00583,00583/00583_940928_fb.ppm,0,9,9,1,0
P3,FERET,evaluation,one_enrollment_photograph,00584,00584/00584_940928_fb.ppm,0,12,9,1,0
P3,FERET,evaluation,one_enrollment_photograph,00585,00585/00585_940928_fb.ppm,1,24,9,1,1
P3,FERET,evaluation,one_enrollment_photograph,00586,00586/00586_940928_fb.ppm,1,18,9,1,1
P3,FERET,evaluation,one_enrollment_photograph,00588,00588/00588_940307_fb.ppm,1,6,9,0,0
P3,FERET,evaluation,one_enrollment_photograph,00590,00590/00590_940928_fb.ppm,0,16,9,1,0
P3,FERET,evaluation,one_enrollment_photograph,00591,00591/00591_940928_fb.ppm,1,11,9,1,1
P3,FERET,evaluation,one_enrollment_photograph,00600,00600/00600_940928_fb.ppm,0,8,9,0,1
P3,FERET,evaluation,one_enrollment_photograph,00601,00601/00601_940928_fb.ppm,1,13,9,1,1
P3,FERET,evaluation,one_enrollment_photograph,00603,00603/00603_940928_fb.ppm,0,9,9,1,0
P3,FERET,evaluation,one_enrollment_photograph,00604,00604/00604_940928_fb.ppm,0,10,9,1,0
P3,FERET,evaluation,one_enrollment_photograph,00611,00611/00611_940307_fb.ppm,0,8,9,0,1
P3,FERET,evaluation,one_enrollment_photograph,00612,00612/00612_940928_fb.ppm,1,14,9,1,1
P3,FERET,evaluation,one_enrollment_photograph,00615,00615/00615_940928_fb.ppm,1,18,9,1,1
P3,FERET,evaluation,one_enrollment_photograph,00620,00620/00620_940928_fb.ppm,1,21,9,1,1
P3,FERET,evaluation,one_enrollment_photograph,00624,00624/00624_940928_fb.ppm,1,16,9,1,1
P3,FERET,evaluation,one_enrollment_photograph,00625,00625/00625_940928_fb.ppm,1,19,9,1,1
P3,FERET,evaluation,one_enrollment_photograph,00627,00627/00627_940928_fb.ppm,1,13,9,1,1
P3,FERET,evaluation,one_enrollment_photograph,00628,00628/00628_940928_fb.ppm,1,14,9,1,1
P3,FERET,evaluation,one_enrollment_photograph,00629,00629/00629_940928_fb.ppm,0,6,9,0,1
P3,FERET,evaluation,one_enrollment_photograph,00630,00630/00630_940928_fb.ppm,0,5,9,0,1
P3,FERET,evaluation,one_enrollment_photograph,00631,00631/00631_940928_fb.ppm,1,20,9,1,1
P3,FERET,evaluation,one_enrollment_photograph,00636,00636/00636_941031_fb.ppm,1,26,9,1,1
P3,FERET,evaluation,one_enrollment_photograph,00637,00637/00637_941031_fb.ppm,1,23,9,1,1
P3,FERET,evaluation,one_enrollment_photograph,00638,00638/00638_941031_fb.ppm,1,16,9,1,1
P3,FERET,evaluation,one_enrollment_photograph,00639,00639/00639_941031_fb.ppm,1,10,9,1,1
P3,FERET,evaluation,one_enrollment_photograph,00641,00641/00641_941031_fb.ppm,1,12,9,1,1
P3,FERET,evaluation,one_enrollment_photograph,00644,00644/00644_941031_fb.ppm,1,13,9,1,1
P3,FERET,evaluation,one_enrollment_photograph,00645,00645/00645_941031_fb.ppm,1,8,9,0,0
P3,FERET,evaluation,one_enrollment_photograph,00648,00648/00648_941031_fb.ppm,1,23,9,1,1
P3,FERET,evaluation,one_enrollment_photograph,00650,00650/00650_941031_fb.ppm,1,14,9,1,1
P3,FERET,evaluation,one_enrollment_photograph,00654,00654/00654_941031_fb.ppm,1,18,9,1,1
P3,FERET,evaluation,one_enrollment_photograph,00655,00655/00655_941031_fb.ppm,1,16,9,1,1
P3,FERET,evaluation,one_enrollment_photograph,00657,00657/00657_941121_fb.ppm,0,19,9,1,0
P3,FERET,evaluation,one_enrollment_photograph,00659,00659/00659_941121_fb.ppm,1,9,9,1,1
P3,FERET,evaluation,one_enrollment_photograph,00664,00664/00664_941121_fb.ppm,1,9,9,1,1
P3,FERET,evaluation,one_enrollment_photograph,00671,00671/00671_941121_fb.ppm,1,16,9,1,1
P3,FERET,evaluation,one_enrollment_photograph,00672,00672/00672_941121_fb.ppm,1,17,9,1,1
P3,FERET,evaluation,one_enrollment_photograph,00674,00674/00674_941121_fb.ppm,1,20,9,1,1
P3,FERET,evaluation,one_enrollment_photograph,00676,00676/00676_941121_fb.ppm,1,16,9,1,1
P3,FERET,evaluation,one_enrollment_photograph,00677,00677/00677_941121_fb.ppm,0,6,9,0,1
P3,FERET,evaluation,one_enrollment_photograph,00678,00678/00678_941121_fb.ppm,1,23,9,1,1
P3,FERET,evaluation,one_enrollment_photograph,00680,00680/00680_941121_fb.ppm,1,21,9,1,1
P3,FERET,evaluation,one_enrollment_photograph,00682,00682/00682_941121_fb.ppm,1,13,9,1,1
P3,FERET,evaluation,one_enrollment_photograph,00683,00683/00683_941121_fb.ppm,1,17,9,1,1
P3,FERET,evaluation,one_enrollment_photograph,00684,00684/00684_941121_fb.ppm,1,21,9,1,1
P3,FERET,evaluation,one_enrollment_photograph,00685,00685/00685_941121_fb.ppm,0,10,9,1,0
P3,FERET,evaluation,one_enrollment_photograph,00686,00686/00686_941121_fb.ppm,1,14,9,1,1
P3,FERET,evaluation,one_enrollment_photograph,00689,00689/00689_941121_fb.ppm,1,13,9,1,1
P3,FERET,evaluation,one_enrollment_photograph,00690,00690/00690_941121_fb.ppm,0,10,9,1,0
P3,FERET,evaluation,one_enrollment_photograph,00691,00691/00691_941121_fb.ppm,1,26,9,1,1
P3,FERET,evaluation,one_enrollment_photograph,00692,00692/00692_941121_fb.ppm,1,12,9,1,1
P3,FERET,evaluation,one_enrollment_photograph,00694,00694/00694_941121_fb.ppm,1,16,9,1,1
P3,FERET,evaluation,one_enrollment_photograph,00695,00695/00695_941121_fb.ppm,0,5,9,0,1
P3,FERET,evaluation,one_enrollment_photograph,00697,00697/00697_941121_fb.ppm,1,11,9,1,1
P3,FERET,evaluation,one_enrollment_photograph,00699,00699/00699_941121_fb.ppm,1,12,9,1,1
P3,FERET,evaluation,one_enrollment_photograph,00700,00700/00700_941121_fb.ppm,1,11,9,1,1
P3,FERET,evaluation,one_enrollment_photograph,00705,00705/00705_941201_fb.ppm,0,7,9,0,1
P3,FERET,evaluation,one_enrollment_photograph,00708,00708/00708_941201_fb.ppm,1,11,9,1,1
P3,FERET,evaluation,one_enrollment_photograph,00709,00709/00709_941201_fb.ppm,1,11,9,1,1
P3,FERET,evaluation,one_enrollment_photograph,00711,00711/00711_941201_fb.ppm,1,9,9,1,1
P3,FERET,evaluation,one_enrollment_photograph,00712,00712/00712_941201_fb.ppm,0,8,9,0,1
P3,FERET,evaluation,one_enrollment_photograph,00714,00714/00714_941201_fb.ppm,1,16,9,1,1
P3,FERET,evaluation,one_enrollment_photograph,00716,00716/00716_941201_fb.ppm,1,6,9,0,0
P3,FERET,evaluation,one_enrollment_photograph,00719,00719/00719_941201_fb.ppm,1,18,9,1,1
P3,FERET,evaluation,one_enrollment_photograph,00720,00720/00720_941201_fb.ppm,1,21,9,1,1
P3,FERET,evaluation,one_enrollment_photograph,00721,00721/00721_941201_fb.ppm,1,18,9,1,1
P3,FERET,evaluation,one_enrollment_photograph,00723,00723/00723_941201_fb.ppm,1,15,9,1,1
P3,FERET,evaluation,one_enrollment_photograph,00725,00725/00725_941201_fb.ppm,1,19,9,1,1
P3,FERET,evaluation,one_enrollment_photograph,00726,00726/00726_941201_fb.ppm,1,26,9,1,1
P3,FERET,evaluation,one_enrollment_photograph,00729,00729/00729_941201_fb.ppm,1,20,9,1,1
P3,FERET,evaluation,one_enrollment_photograph,00731,00731/00731_941201_fb.ppm,1,22,9,1,1
P3,FERET,evaluation,one_enrollment_photograph,00735,00735/00735_941201_fb.ppm,1,11,9,1,1
P3,FERET,evaluation,one_enrollment_photograph,00736,00736/00736_941201_fb.ppm,1,13,9,1,1
P3,FERET,evaluation,one_enrollment_photograph,00737,00737/00737_941201_fb.ppm,1,18,9,1,1
P3,FERET,evaluation,one_enrollment_photograph,00740,00740/00740_941201_fb.ppm,1,11,9,1,1
P3,FERET,evaluation,one_enrollment_photograph,00746,00746/00746_941201_fb.ppm,1,20,9,1,1
P3,FERET,evaluation,one_enrollment_photograph,00749,00749/00749_941201_fb.ppm,1,21,9,1,1
P3,FERET,evaluation,one_enrollment_photograph,00753,00753/00753_941201_fb.ppm,1,15,9,1,1
P3,FERET,evaluation,one_enrollment_photograph,00756,00756/00756_941201_fb.ppm,1,14,9,1,1
P3,FERET,evaluation,one_enrollment_photograph,00757,00757/00757_941201_fb.ppm,1,14,9,1,1
P3,FERET,evaluation,one_enrollment_photograph,00760,00760/00760_941201_fb.ppm,1,14,9,1,1
P3,FERET,evaluation,one_enrollment_photograph,00763,00763/00763_941201_fb.ppm,1,17,9,1,1
P3,FERET,evaluation,one_enrollment_photograph,00765,00765/00765_941201_fb.ppm,1,15,9,1,1
P3,FERET,evaluation,one_enrollment_photograph,00766,00766/00766_941201_fb.ppm,0,12,9,1,0
P3,FERET,evaluation,one_enrollment_photograph,00767,00767/00767_941201_fb.ppm,1,15,9,1,1
P3,FERET,evaluation,one_enrollment_photograph,00769,00769/00769_941201_fb.ppm,1,7,9,0,0
P3,FERET,evaluation,one_enrollment_photograph,00771,00771/00771_941201_fb.ppm,1,20,9,1,1
P3,FERET,evaluation,one_enrollment_photograph,00775,00775/00775_941205_fb.ppm,1,8,9,0,0
P3,FERET,evaluation,one_enrollment_photograph,00776,00776/00776_941205_fb.ppm,1,19,9,1,1
P3,FERET,evaluation,one_enrollment_photograph,00778,00778/00778_941205_fb.ppm,0,7,9,0,1
P3,FERET,evaluation,one_enrollment_photograph,00782,00782/00782_941205_fb.ppm,1,22,9,1,1
P3,FERET,evaluation,one_enrollment_photograph,00786,00786/00786_941205_fb.ppm,1,14,9,1,1
P3,FERET,evaluation,one_enrollment_photograph,00787,00787/00787_941205_fb.ppm,0,19,9,1,0
P3,FERET,evaluation,one_enrollment_photograph,00788,00788/00788_941205_fb.ppm,0,7,9,0,1
P3,FERET,evaluation,one_enrollment_photograph,00790,00790/00790_941205_fb.ppm,1,22,9,1,1
P3,FERET,evaluation,one_enrollment_photograph,00793,00793/00793_941205_fb.ppm,1,20,9,1,1
P3,FERET,evaluation,one_enrollment_photograph,00795,00795/00795_941205_fb.ppm,0,11,9,1,0
P3,FERET,evaluation,one_enrollment_photograph,00798,00798/00798_941205_fb.ppm,1,19,9,1,1
P3,FERET,evaluation,one_enrollment_photograph,00801,00801/00801_941205_fb.ppm,1,18,9,1,1
P3,FERET,evaluation,one_enrollment_photograph,00802,00802/00802_941205_fb.ppm,1,23,9,1,1
P3,FERET,evaluation,one_enrollment_photograph,00803,00803/00803_941205_fb.ppm,1,13,9,1,1
P3,FERET,evaluation,one_enrollment_photograph,00804,00804/00804_941205_fb.ppm,1,9,9,1,1
P3,FERET,evaluation,one_enrollment_photograph,00805,00805/00805_941205_fb.ppm,1,22,9,1,1
P3,FERET,evaluation,one_enrollment_photograph,00806,00806/00806_941205_fb.ppm,0,7,9,0,1
P3,FERET,evaluation,one_enrollment_photograph,00810,00810/00810_941205_fb.ppm,1,20,9,1,1
P3,FERET,evaluation,one_enrollment_photograph,00811,00811/00811_941205_fb.ppm,0,10,9,1,0
P3,FERET,evaluation,one_enrollment_photograph,00812,00812/00812_941205_fb.ppm,1,12,9,1,1
P3,FERET,evaluation,one_enrollment_photograph,00817,00817/00817_941205_fb.ppm,0,14,9,1,0
P3,FERET,evaluation,one_enrollment_photograph,00818,00818/00818_940307_fb.ppm,1,11,9,1,1
P3,FERET,evaluation,one_enrollment_photograph,00819,00819/00819_940307_fb.ppm,1,12,9,1,1
P3,FERET,evaluation,one_enrollment_photograph,00821,00821/00821_940307_fb.ppm,1,16,9,1,1
P3,FERET,evaluation,one_enrollment_photograph,00822,00822/00822_940307_fb.ppm,0,8,9,0,1
P3,FERET,evaluation,one_enrollment_photograph,00825,00825/00825_940307_fb.ppm,1,6,9,0,0
P3,FERET,evaluation,one_enrollment_photograph,00836,00836/00836_940307_fb.ppm,1,17,9,1,1
P3,FERET,evaluation,one_enrollment_photograph,00837,00837/00837_940307_fb.ppm,1,9,9,1,1
P3,FERET,evaluation,one_enrollment_photograph,00839,00839/00839_940307_fb.ppm,1,13,9,1,1
P3,FERET,evaluation,one_enrollment_photograph,00841,00841/00841_940307_fb.ppm,1,19,9,1,1
P3,FERET,evaluation,one_enrollment_photograph,00845,00845/00845_940307_fb.ppm,1,13,9,1,1
P3,FERET,evaluation,one_enrollment_photograph,00846,00846/00846_940307_fb.ppm,1,18,9,1,1
P3,FERET,evaluation,one_enrollment_photograph,00847,00847/00847_940307_fb.ppm,1,9,9,1,1
P3,FERET,evaluation,one_enrollment_photograph,00848,00848/00848_940307_fb.ppm,1,9,9,1,1
P3,FERET,evaluation,one_enrollment_photograph,00850,00850/00850_940307_fb.ppm,1,19,9,1,1
P3,FERET,evaluation,one_enrollment_photograph,00852,00852/00852_940307_fb.ppm,1,15,9,1,1
P3,FERET,evaluation,one_enrollment_photograph,00853,00853/00853_940307_fb.ppm,1,15,9,1,1
P3,FERET,evaluation,one_enrollment_photograph,00855,00855/00855_940307_fb.ppm,0,11,9,1,0
P3,FERET,evaluation,one_enrollment_photograph,00857,00857/00857_940307_fb.ppm,1,9,9,1,1
P3,FERET,evaluation,one_enrollment_photograph,00858,00858/00858_940307_fb.ppm,1,16,9,1,1
P3,FERET,evaluation,one_enrollment_photograph,00861,00861/00861_940307_fb.ppm,0,15,9,1,0
P3,FERET,evaluation,one_enrollment_photograph,00863,00863/00863_940307_fb.ppm,1,28,9,1,1
P3,FERET,evaluation,one_enrollment_photograph,00870,00870/00870_940307_fb.ppm,0,11,9,1,0
P3,FERET,evaluation,one_enrollment_photograph,00871,00871/00871_940307_fb.ppm,1,11,9,1,1
P3,FERET,evaluation,one_enrollment_photograph,00874,00874/00874_940307_fb.ppm,0,10,9,1,0
P3,FERET,evaluation,one_enrollment_photograph,00875,00875/00875_940307_fb.ppm,1,16,9,1,1
P3,FERET,evaluation,one_enrollment_photograph,00877,00877/00877_960530_fb.ppm,1,27,9,1,1
P3,FERET,evaluation,one_enrollment_photograph,00886,00886/00886_960530_fb.ppm,1,11,9,1,1
P3,FERET,evaluation,one_enrollment_photograph,00887,00887/00887_960530_fb.ppm,1,18,9,1,1
P3,FERET,evaluation,one_enrollment_photograph,00888,00888/00888_960530_fb.ppm,1,21,9,1,1
P3,FERET,evaluation,one_enrollment_photograph,00889,00889/00889_960530_fb.ppm,0,9,9,1,0
P3,FERET,evaluation,one_enrollment_photograph,00890,00890/00890_960530_fb.ppm,1,20,9,1,1
P3,FERET,evaluation,one_enrollment_photograph,00892,00892/00892_960530_fb.ppm,1,19,9,1,1
P3,FERET,evaluation,one_enrollment_photograph,00895,00895/00895_960530_fb.ppm,0,12,9,1,0
P3,FERET,evaluation,one_enrollment_photograph,00901,00901/00901_960530_fb.ppm,1,14,9,1,1
P3,FERET,evaluation,one_enrollment_photograph,00908,00908/00908_960530_fb.ppm,1,11,9,1,1
P3,FERET,evaluation,one_enrollment_photograph,00909,00909/00909_960530_fb.ppm,1,12,9,1,1
P3,FERET,evaluation,one_enrollment_photograph,00911,00911/00911_960530_fb.ppm,0,11,9,1,0
P3,FERET,evaluation,one_enrollment_photograph,00913,00913/00913_960530_fb.ppm,1,10,9,1,1
P3,FERET,evaluation,one_enrollment_photograph,00914,00914/00914_960620_fb.ppm,1,16,9,1,1
P3,FERET,evaluation,one_enrollment_photograph,00915,00915/00915_960620_fb.ppm,1,14,9,1,1
P3,FERET,evaluation,one_enrollment_photograph,00917,00917/00917_960620_fb.ppm,0,10,9,1,0
P3,FERET,evaluation,one_enrollment_photograph,00918,00918/00918_960620_fb.ppm,1,19,9,1,1
P3,FERET,evaluation,one_enrollment_photograph,00919,00919/00919_960620_fb.ppm,1,16,9,1,1
P3,FERET,evaluation,one_enrollment_photograph,00920,00920/00920_960627_fb.ppm,1,19,9,1,1
P3,FERET,evaluation,one_enrollment_photograph,00921,00921/00921_960627_fb.ppm,0,3,9,0,1
P3,FERET,evaluation,one_enrollment_photograph,00923,00923/00923_960627_fb.ppm,0,6,9,0,1
P3,FERET,evaluation,one_enrollment_photograph,00925,00925/00925_960627_fb.ppm,0,8,9,0,1
P3,FERET,evaluation,one_enrollment_photograph,00927,00927/00927_960627_fb.ppm,1,25,9,1,1
P3,FERET,evaluation,one_enrollment_photograph,00929,00929/00929_960627_fb.ppm,1,11,9,1,1
P3,FERET,evaluation,one_enrollment_photograph,00932,00932/00932_960627_fb.ppm,1,7,9,0,0
P3,FERET,evaluation,one_enrollment_photograph,00936,00936/00936_960627_fb.ppm,0,14,9,1,0
P3,FERET,evaluation,one_enrollment_photograph,00937,00937/00937_960627_fb.ppm,1,16,9,1,1
P3,FERET,evaluation,one_enrollment_photograph,00943,00943/00943_960627_fb.ppm,1,14,9,1,1
P3,FERET,evaluation,one_enrollment_photograph,00945,00945/00945_960627_fb.ppm,1,13,9,1,1
P3,FERET,evaluation,one_enrollment_photograph,00948,00948/00948_960627_fb.ppm,1,7,9,0,0
P3,FERET,evaluation,one_enrollment_photograph,00952,00952/00952_960627_fb.ppm,1,9,9,1,1
P3,FERET,evaluation,one_enrollment_photograph,00961,00961/00961_960627_fb.ppm,0,9,9,1,0
P3,FERET,evaluation,one_enrollment_photograph,00967,00967/00967_960627_fb.ppm,0,12,9,1,0
P3,FERET,evaluation,one_enrollment_photograph,00969,00969/00969_960627_fb.ppm,1,23,9,1,1
P3,FERET,evaluation,one_enrollment_photograph,00974,00974/00974_960627_fb.ppm,1,22,9,1,1
P3,FERET,evaluation,one_enrollment_photograph,00977,00977/00977_960627_fb.ppm,1,15,9,1,1
P3,FERET,evaluation,one_enrollment_photograph,00978,00978/00978_960627_fb.ppm,1,12,9,1,1
P3,FERET,evaluation,one_enrollment_photograph,00979,00979/00979_960627_fb.ppm,1,7,9,0,0
P3,FERET,evaluation,one_enrollment_photograph,00981,00981/00981_960627_fb.ppm,0,7,9,0,1
P3,FERET,evaluation,one_enrollment_photograph,00983,00983/00983_960627_fb.ppm,0,8,9,0,1
P3,FERET,evaluation,one_enrollment_photograph,00987,00987/00987_960627_fb.ppm,0,5,9,0,1
P3,FERET,evaluation,one_enrollment_photograph,00990,00990/00990_960627_fb.ppm,1,17,9,1,1
P3,FERET,evaluation,one_enrollment_photograph,00991,00991/00991_960627_fb.ppm,0,5,9,0,1
P3,FERET,evaluation,one_enrollment_photograph,00992,00992/00992_960627_fb.ppm,1,14,9,1,1
P3,FERET,evaluation,one_enrollment_photograph,00996,00996/00996_960627_fb.ppm,1,8,9,0,0
P3,FERET,evaluation,one_enrollment_photograph,00997,00997/00997_960627_fb.ppm,0,13,9,1,0
P3,FERET,evaluation,one_enrollment_photograph,00999,00999/00999_960627_fb.ppm,1,16,9,1,1
P3,FERET,evaluation,one_enrollment_photograph,01002,01002/01002_960627_fb.ppm,1,13,9,1,1
P3,FERET,evaluation,one_enrollment_photograph,01003,01003/01003_960627_fb.ppm,0,7,9,0,1
P3,FERET,evaluation,one_enrollment_photograph,01004,01004/01004_960627_fb.ppm,0,12,9,1,0
P3,FERET,evaluation,one_enrollment_photograph,01009,01009/01009_960627_fb.ppm,1,15,9,1,1
P3,FERET,evaluation,one_enrollment_photograph,01012,01012/01012_960627_fb.ppm,1,6,9,0,0
P3,FERET,evaluation,one_enrollment_photograph,01207,01207/01207_940128_fb.ppm,1,27,9,1,1
